rank,mark,athlete,country,date_of_birth,race_position,venue,result_date
1,3:48.68,Faith Kipyegon,KEN,10.01.94,1,Eugene,05.07.2025
2,3:49.04,Faith Kipyegon,KEN,10.01.94,1,Paris,07.07.2024
3,3:49.11,Faith Kipyegon,KEN,10.01.94,1,Firenze,02.06.2023
4,3:50.07,Genzebe Dibaba,ETH,08.02.91,1,Monaco,17.07.2015
5,3:50.30,Gudaf Tsegay,ETH,23.06.97,1,Xiamen,20.04.2024
6,3:50.37,Faith Kipyegon,KEN,10.01.94,1,Monaco,10.08.2022
7,3:50.46,Qu Yunxia,CHN,25.12.72,1,Beijing,11.09.1993
8,3:50.62,Gudaf Tsegay,ETH,23.06.97,1,Chorzów,16.08.2025
9,3:50.72,Faith Kipyegon,KEN,10.01.94,1,Eugene,16.09.2023
10,3:50.83,Jessica Hull,AUS,22.10.96,2,Paris,07.07.2024
11,3:50.98,Jiang Bo,CHN,13.03.77,1,Shanghai,18.10.1997
12,3:51.07,Faith Kipyegon,KEN,10.01.94,1,Monaco,09.07.2021
13,3:51.29,Faith Kipyegon,KEN,10.01.94,1,Saint-Denis,10.08.2024
14,3:51.34,Lang Yinglai,CHN,22.08.79,2,Shanghai,18.10.1997
15,3:51.41+,Faith Kipyegon,KEN,10.01.94,1,Monaco,21.07.2023
16,3:51.92,Wang Junxia,CHN,09.01.73,2,Beijing,11.09.1993
17,3:51.95,Sifan Hassan,NED,01.01.93,1,Ad-Dawhah,05.10.2019
18,3:52.15,Faith Kipyegon,KEN,10.01.94,1,Tokyo,16.09.2025
19,3:52.47,Tatyana Kazankina,RUS,17.12.51,1,Zürich,13.08.1980
20,3:52.56,Jessica Hull,AUS,22.10.96,2,Saint-Denis,10.08.2024
21,3:52.59,Faith Kipyegon,KEN,10.01.94,1,Eugene,28.05.2022
22,3:52.61,Georgia Hunter Bell,GBR,17.10.93,3,Saint-Denis,10.08.2024
23,3:52.67,Jessica Hull,AUS,22.10.96,2,Eugene,05.07.2025
24,3:52.75,Diribe Welteji,ETH,13.05.02,4,Saint-Denis,10.08.2024
25,3:52.89,Faith Kipyegon,KEN,10.01.94,1,Roma,30.08.2024
26,3:52.96,Faith Kipyegon,KEN,10.01.94,1,Eugene,18.07.2022
27,3:53.11,Faith Kipyegon,KEN,10.01.94,1,Tokyo,06.08.2021
28,3:53.22,Birke Haylom,ETH,06.01.06,2,Xiamen,20.04.2024
29,3:53.23,Faith Kipyegon,KEN,10.01.94,1,Eugene,21.08.2021
30,3:53.37,Laura Muir,GBR,09.05.93,5,Saint-Denis,10.08.2024
31,3:53.60,Sifan Hassan,NED,01.01.93,2,Monaco,09.07.2021
32,3:53.63,Sifan Hassan,NED,01.01.93,1,Firenze,10.06.2021
33,3:53.75,Diribe Welteji,ETH,13.05.02,1,Eugene,25.05.2024
34,3:53.79,Laura Muir,GBR,09.05.93,3,Paris,07.07.2024
35,3:53.91,Yin Lili,CHN,11.11.79,3,Shanghai,18.10.1997
35,3:53.91,Faith Kipyegon,KEN,10.01.94,2,Firenze,10.06.2021
37,3:53.93,Diribe Welteji,ETH,13.05.02,2,Eugene,16.09.2023
38,3:53.96,Paula Ivan,ROU,20.07.63,1,Seoul,01.10.1988
39,3:53.97,Lan Lixin,CHN,14.02.79,4,Shanghai,18.10.1997
40,3:53.98A,Faith Kipyegon,KEN,10.01.94,1,Nairobi,15.06.2024
41,3:54.01,Gudaf Tsegay,ETH,23.06.97,1,Chorzów,20.06.2021
42,3:54.03,Gudaf Tsegay,ETH,23.06.97,1,Rabat,28.05.2023
43,3:54.11,Genzebe Dibaba,ETH,08.02.91,1,Barcelona,08.07.2015
44,3:54.16,Freweyni Hailu,ETH,12.02.01,2,Roma,30.08.2024
45,3:54.22,Faith Kipyegon,KEN,10.01.94,2,Ad-Dawhah,05.10.2019
46,3:54.23,Olga Dvirna,RUS,11.02.53,1r1,Kyiv,27.07.1982
47,3:54.32,Gudaf Tsegay,ETH,23.06.97,2,Eugene,28.05.2022
48,3:54.38,Gudaf Tsegay,ETH,23.06.97,3,Ad-Dawhah,05.10.2019
49,3:54.50,Laura Muir,GBR,09.05.93,2,Tokyo,06.08.2021
50,3:54.52,Zhang Ling,CHN,13.04.80,5,Shanghai,18.10.1997
50,3:54.52,Gudaf Tsegay,ETH,23.06.97,2,Eugene,18.07.2022
52,3:54.73,Beatrice Chebet,KEN,05.03.00,2,Chorzów,16.08.2025
53,3:54.75,Faith Kipyegon,KEN,10.01.94,1,Bruxelles,14.09.2024
53,3:54.75+,Gudaf Tsegay,ETH,23.06.97,1,London,19.07.2025
55,3:54.76,Georgia Hunter Bell,GBR,17.10.93,3,Eugene,05.07.2025
56,3:54.79,Birke Haylom,ETH,06.01.06,3,Roma,30.08.2024
57,3:54.87,Hirut Meshesha,ETH,20.01.01,1,Chorzów,16.07.2023
57,3:54.87,Faith Kipyegon,KEN,10.01.94,1,Budapest,22.08.2023
59,3:54.92,Dorcus Ewoi,KEN,02.10.96,2,Tokyo,16.09.2025
60,3:54.93,Birke Haylom,ETH,06.01.06,3,Chorzów,16.07.2023
61,3:54.98,Jessica Hull,AUS,22.10.96,4,Roma,30.08.2024
62,3:54.99,Shelby Houlihan,USA,08.02.93,4,Ad-Dawhah,05.10.2019
63,3:55.0,Tatyana Kazankina,RUS,17.12.51,1,Moskva,06.07.1980
64,3:55.01,Lan Lixin,CHN,14.02.79,1h2,Shanghai,17.10.1997
65,3:55.07,Dong Yanmei,CHN,16.02.77,6,Shanghai,18.10.1997
66,3:55.08,Diribe Welteji,ETH,13.05.02,3,Chorzów,16.07.2023
67,3:55.10,Diribe Welteji,ETH,13.05.02,1s2,Saint-Denis,08.08.2024
68,3:55.14,Faith Kipyegon,KEN,10.01.94,1s2,Budapest,20.08.2023
69,3:55.16,Laura Muir,GBR,09.05.93,3,Eugene,16.09.2023
69,3:55.16,Jessica Hull,AUS,22.10.96,3,Tokyo,16.09.2025
71,3:55.18,Diribe Welteji,ETH,13.05.02,2s2,Budapest,20.08.2023
72,3:55.22,Laura Muir,GBR,09.05.93,1,Saint-Denis,27.08.2016
73,3:55.25,Diribe Welteji,ETH,13.05.02,1,Westwood,18.05.2024
73,3:55.25,Diribe Welteji,ETH,13.05.02,2,Bruxelles,14.09.2024
73,3:55.25,Nelly Chepchirchir,KEN,04.06.03,4,Tokyo,16.09.2025
76,3:55.30,Hassiba Boulmerka,ALG,10.07.68,1,Barcelona,08.08.1992
76,3:55.30+,Sifan Hassan,NED,01.01.93,1,Monaco,12.07.2019
78,3:55.33,Süreyya Ayhan-Kop,TUR,06.09.78,1,Bruxelles,05.09.2003
78,3:55.33,Dominique Hiltz,USA,23.10.94,1,Eugene,30.06.2024
80,3:55.34,Laura Muir,GBR,09.05.93,1,Bruxelles,08.09.2023
81,3:55.38,Qu Yunxia,CHN,25.12.72,2h2,Shanghai,17.10.1997
81,3:55.38,Laura Muir,GBR,09.05.93,3,Eugene,18.07.2022
83,3:55.40,Jessica Hull,AUS,22.10.96,2s2,Saint-Denis,08.08.2024
84,3:55.47,Zhang Ling,CHN,13.04.80,3h2,Shanghai,17.10.1997
84,3:55.47,Genzebe Dibaba,ETH,08.02.91,1,Rabat,16.06.2019
86,3:55.48,Sifan Hassan,NED,01.01.93,3s2,Budapest,20.08.2023
86,3:55.48,Freweyni Hailu,ETH,12.02.01,2,Westwood,18.05.2024
88,3:55.56,Birke Haylom,ETH,06.01.06,1,Shaoxing,16.05.2026
89,3:55.59,Laura Muir,GBR,09.05.93,3,Firenze,10.06.2021
90,3:55.60,Süreyya Ayhan-Kop,TUR,06.09.78,1,Zürich,15.08.2003
91,3:55.63,Georgia Hunter Bell,GBR,17.10.93,1,Paris,28.06.2026
92,3:55.64+,Jessica Hull,AUS,22.10.96,2,London,19.07.2025
93,3:55.68,Yuliya Chizhenko,RUS,30.08.79,1,Saint-Denis,08.07.2006
93,3:55.68,Freweyni Hailu,ETH,12.02.01,4,Eugene,16.09.2023
95,3:55.69,Diribe Welteji,ETH,13.05.02,2,Budapest,22.08.2023
96,3:55.71,Tsige Duguma,ETH,23.02.01,2,Shaoxing,16.05.2026
97,3:55.76,Laura Muir,GBR,09.05.93,5,Ad-Dawhah,05.10.2019
98,3:55.82,Dong Yanmei,CHN,16.02.77,4h2,Shanghai,17.10.1997
99,3:55.86,Sifan Hassan,NED,01.01.93,3,Tokyo,06.08.2021
100,3:55.87,Ciara Mageean,IRL,12.03.92,2,Bruxelles,08.09.2023
101,3:55.90,Emily MacKay,USA,30.04.98,2,Eugene,30.06.2024
102,3:55.92,Freweyni Hailu,ETH,12.02.01,2,Paris,28.06.2026
103,3:55.93,Sifan Hassan,NED,01.01.93,2,Rabat,16.06.2019
104,3:55.94,Dominique Hiltz,USA,23.10.94,1,Bruxelles,22.08.2025
105,3:55.96,Dominique Hiltz,USA,23.10.94,4,Eugene,05.07.2025
106,3:55.97,Jessica Hull,AUS,22.10.96,2,Eugene,25.05.2024
107,3:55.99,Elinor St. Pierre,USA,20.02.95,3,Eugene,30.06.2024
108,3:56.0,Tatyana Kazankina,RUS,17.12.51,1,Podolsk,28.06.1976
108,3:56.00,Sifan Hassan,NED,01.01.93,3,Budapest,22.08.2023
108,3:56.00,Elinor St. Pierre,USA,20.02.95,3,Eugene,25.05.2024
108,3:56.00,Georgia Hunter Bell,GBR,17.10.93,3,Chorzów,16.08.2025
112,3:56.05,Sifan Hassan,NED,01.01.93,2,Monaco,17.07.2015
113,3:56.07,Susan Ejore-Sanders,KEN,09.11.95,6,Saint-Denis,10.08.2024
114,3:56.10,Dominique Hiltz,USA,23.10.94,4,Chorzów,16.08.2025
115,3:56.12,Gabriela DeBues-Stafford,CAN,13.09.95,6,Ad-Dawhah,05.10.2019
115,3:56.12,Abbey Caldwell,AUS,03.07.01,3,Shaoxing,16.05.2026
117,3:56.14,Zamira Zaytseva,UZB,16.02.53,2r1,Kyiv,27.07.1982
117,3:56.14,Sifan Hassan,NED,01.01.93,1,Hengelo,11.06.2017
117,3:56.14,Nelly Chepchirchir,KEN,04.06.03,5,Roma,30.08.2024
120,3:56.17,Dominique Hiltz,USA,23.10.94,3s2,Saint-Denis,08.08.2024
121,3:56.18,Maryam Yusuf Jamal,BRN,16.09.84,1,Rieti,27.08.2006
122,3:56.22,Paula Ivan,ROU,20.07.63,1,Zürich,17.08.1988
122,3:56.22,Sifan Hassan,NED,01.01.93,1,Roma,08.06.2017
124,3:56.24,Agathe Guillemot,FRA,11.07.99,3,Paris,28.06.2026
125,3:56.28,Genzebe Dibaba,ETH,08.02.91,1,Roma,06.06.2019
125,3:56.28,Freweyni Hailu,ETH,12.02.01,3,Monaco,09.07.2021
127,3:56.29,Shannon Rowbury,USA,19.09.84,3,Monaco,17.07.2015
128,3:56.30,Freweyni Hailu,ETH,12.02.01,5,Chorzów,16.08.2025
129,3:56.31,Liu Dong,CHN,24.12.73,5h2,Shanghai,17.10.1997
130,3:56.33,Linden Hall,AUS,20.06.91,2,Bruxelles,22.08.2025
131,3:56.35,Laura Muir,GBR,09.05.93,4,Eugene,25.05.2024
132,3:56.36,Laura Muir,GBR,09.05.93,4s2,Budapest,20.08.2023
133,3:56.38,Dominique Hiltz,USA,23.10.94,7,Saint-Denis,10.08.2024
134,3:56.39,Linden Hall,AUS,20.06.91,6,Chorzów,16.08.2025
135,3:56.40,Linden Hall,AUS,20.06.91,4,Paris,07.07.2024
136,3:56.41,Faith Kipyegon,KEN,10.01.94,1,Eugene,28.05.2016
136,3:56.41,Gudaf Tsegay,ETH,23.06.97,4s2,Saint-Denis,08.08.2024
138,3:56.43,Yelena Soboleva,RUS,03.10.82,2,Saint-Denis,08.07.2006
139,3:56.50,Tatyana Pozdnyakova,UKR,04.03.56,3r1,Kyiv,27.07.1982
140,3:56.54,Abeba Aregawi,ETH,05.07.90,1,Roma,31.05.2012
140,3:56.54,Georgia Hunter Bell,GBR,17.10.93,5,Paris,07.07.2024
142,3:56.55,Maryam Yusuf Jamal,BRN,16.09.84,1,Roma,10.07.2009
143,3:56.56,Tatyana Kazankina,RUS,17.12.51,1,Moskva,01.08.1980
143,3:56.56,Freweyni Hailu,ETH,12.02.01,1,Xiamen,02.09.2023
145,3:56.57,Susan Ejore-Sanders,KEN,09.11.95,5s2,Saint-Denis,08.08.2024
146,3:56.60,Abeba Aregawi,SWE,05.07.90,1,Ad-Dawhah,10.05.2013
147,3:56.61,Ciara Mageean,IRL,12.03.92,4,Budapest,22.08.2023
148,3:56.63,Nadezhda Ralldugina,RUS,15.11.57,1,Praha,18.08.1984
148,3:56.63,Ciara Mageean,IRL,12.03.92,1,Bruxelles,02.09.2022
150,3:56.65,Yekaterina Podkopayeva,RUS,11.06.52,1,Rieti,02.09.1984
151,3:56.68,Genzebe Dibaba,ETH,08.02.91,1,Chorzów,08.06.2018
152,3:56.69+,Sifan Hassan,NED,01.01.93,1,Bruxelles,03.09.2021
152,3:56.69,Agathe Guillemot,FRA,11.07.99,6s2,Saint-Denis,08.08.2024
154,3:56.7,Lyubov Smolka,UKR,29.11.52,2,Moskva,06.07.1980
154,3:56.7,Doina Melinte,ROU,27.12.56,1,Bucuresti,12.07.1986
156,3:56.72,Faith Kipyegon,KEN,10.01.94,2,Saint-Denis,27.08.2016
156,3:56.72,Katie Snowden,GBR,09.03.94,5s2,Budapest,20.08.2023
156,3:56.72,Nelly Chepchirchir,KEN,04.06.03,2,Xiamen,02.09.2023
159,3:56.73,Laura Muir,GBR,09.05.93,2,Roma,06.06.2019
160,3:56.74,Yelena Soboleva,RUS,03.10.82,1,Athínai,03.07.2006
161,3:56.75,Sinclaire Johnson,USA,13.04.98,4,Eugene,30.06.2024
162,3:56.77+,Svetlana Masterkova,RUS,17.01.68,1,Zürich,14.08.1996
163,3:56.79,Maryam Yusuf Jamal,BRN,16.09.84,1,Rieti,28.08.2005
163,3:56.79,Birke Haylom,ETH,06.01.06,7,Chorzów,16.08.2025
165,3:56.8,Nadezhda Olizarenko,UKR,28.11.53,3,Moskva,06.07.1980
165,3:56.80,Faith Kipyegon,KEN,10.01.94,1s1,Tokyo,04.08.2021
167,3:56.82,Faith Kipyegon,KEN,10.01.94,1,Shanghai,14.05.2016
168,3:56.86,Laura Muir,GBR,09.05.93,2,Bruxelles,02.09.2022
169,3:56.9,Zamira Zaytseva,UZB,16.02.53,4,Moskva,06.07.1980
170,3:56.91,Lyudmila Rogachova,RUS,30.10.66,2,Barcelona,08.08.1992
170,3:56.91,Tatyana Tomashova,RUS,01.07.75,1,Göteborg,13.08.2006
170,3:56.91,Diribe Welteji,ETH,13.05.02,1,Chorzów,06.08.2022
173,3:56.92,Linden Hall,AUS,20.06.91,5,Eugene,16.09.2023
174,3:56.93,Nelly Chepchirchir,KEN,04.06.03,3,Bruxelles,08.09.2023
174,3:56.93,Sinclaire Johnson,USA,13.04.98,5,Eugene,05.07.2025
176,3:56.94,Freweyni Hailu,ETH,12.02.01,3,Bruxelles,02.09.2022
177,3:56.97,Gabriela Szabo,ROU,14.11.75,1,Monaco,08.08.1998
178,3:56.98,Faith Kipyegon,KEN,10.01.94,2,Ad-Dawhah,10.05.2013
178,3:56.98,Birke Haylom,ETH,06.01.06,6,Eugene,16.09.2023
180,3:56.99,Jessica Hull,AUS,22.10.96,3,Bruxelles,14.09.2024
180,3:56.99,Nelly Chepchirchir,KEN,04.06.03,1,Zürich,28.08.2025
182,3:57.00,Sifan Hassan,NED,01.01.93,1,Saint-Denis,05.07.2014
182,3:57.00,Worknesh Mesele,ETH,10.06.01,4,Chorzów,16.07.2023
184,3:57.02,Nelly Chepchirchir,KEN,04.06.03,1,Paris,20.06.2025
184,3:57.02,Jessica Hull,AUS,22.10.96,2,Zürich,28.08.2025
186,3:57.03,Liu Jing,CHN,03.02.71,6h2,Shanghai,17.10.1997
187,3:57.04,Faith Kipyegon,KEN,10.01.94,1,Bruxelles,01.09.2017
188,3:57.05,Svetlana Guskova,MDA,19.08.59,4r1,Kyiv,27.07.1982
188,3:57.05,Helen Obiri,KEN,13.12.89,1,Eugene,31.05.2014
190,3:57.08,Qu Yunxia,CHN,25.12.72,3,Barcelona,08.08.1992
190,3:57.08,Sifan Hassan,NED,01.01.93,1,Zürich,29.08.2019
190,3:57.08,Diribe Welteji,ETH,13.05.02,1,Chorzów,25.08.2024
190,3:57.08,Dominique Hiltz,USA,23.10.94,5,Tokyo,16.09.2025
194,3:57.09,Laura Muir,GBR,09.05.93,2,Firenze,02.06.2023
195,3:57.10,Sifan Hassan,NED,01.01.93,1,Paris,01.07.2017
196,3:57.11,Svetlana Masterkova,RUS,17.01.68,2,Monaco,08.08.1998
197,3:57.12,Mary Slaney,USA,04.08.58,1,Stockholm,26.07.1983
198,3:57.13,Sifan Hassan,NED,01.01.93,3,Saint-Denis,27.08.2016
199,3:57.15,Lang Yinglai,CHN,22.08.79,1h1,Shanghai,17.10.1997
199,3:57.15,Sarah Healy,IRL,13.02.01,2,Paris,20.06.2025
201,3:57.20,Sarah Healy,IRL,13.02.01,6,Eugene,05.07.2025
202,3:57.22,Maricica Puica,ROU,29.07.50,1,Bucuresti,01.07.1984
202,3:57.22,Jennifer Simpson,USA,23.08.86,2,Saint-Denis,05.07.2014
202,3:57.22,Sifan Hassan,NED,01.01.93,2,Bruxelles,01.09.2017
202,3:57.22,Jessica Hull,AUS,22.10.96,4,Paris,28.06.2026
206,3:57.24,Mary Slaney,USA,04.08.58,1,Bruxelles,30.08.1985
207,3:57.26,Susan Ejore-Sanders,KEN,09.11.95,6,Paris,07.07.2024
207,3:57.26,Freweyni Hailu,ETH,12.02.01,4,Bruxelles,14.09.2024
207,3:57.26,Abbey Caldwell,AUS,03.07.01,1,Xiamen,23.05.2026
210,3:57.27,Jiang Bo,CHN,13.03.77,2h1,Shanghai,17.10.1997
210,3:57.27,Linden Hall,AUS,20.06.91,5,Chorzów,16.07.2023
212,3:57.29,Yuliya Chizhenko,RUS,30.08.79,2,Rieti,27.08.2006
212,3:57.29,Jessica Hull,AUS,22.10.96,3,Firenze,02.06.2023
214,3:57.30,Jennifer Simpson,USA,23.08.86,4,Monaco,17.07.2015
214,3:57.30,Hirut Meshesha,ETH,20.01.01,1,Rabat,05.06.2022
216,3:57.31+,Genzebe Dibaba,ETH,08.02.91,1,Rovereto,06.09.2016
216,3:57.31,Weronika Lizakowska,POL,02.11.98,7s2,Saint-Denis,08.08.2024
218,3:57.33,Freweyni Hailu,ETH,12.02.01,1,Hengelo,08.06.2021
218,3:57.33,Freweyni Hailu,ETH,12.02.01,6,Tokyo,16.09.2025
220,3:57.34,Shelby Houlihan,USA,08.02.93,1,Lausanne,05.07.2018
221,3:57.35,Nelly Chepchirchir,KEN,04.06.03,3,Bruxelles,22.08.2025
222,3:57.38,Diribe Welteji,ETH,13.05.02,1,Ostrava,27.06.2023
223,3:57.4,Totka Petrova,BUL,17.12.56,1,Athínai,11.08.1979
223,3:57.4,Yekaterina Podkopayeva,RUS,11.06.52,5,Moskva,06.07.1980
223,3:57.40,Suzy Favor Hamilton,USA,08.08.68,1,Oslo,28.07.2000
223,3:57.40,Gudaf Tsegay,ETH,23.06.97,3,Rabat,16.06.2019
223,3:57.40,Laura Muir,GBR,09.05.93,1,Berlin,13.09.2020
228,3:57.41,Jackline Maranga,KEN,16.12.77,3,Monaco,08.08.1998
228,3:57.41+,Sifan Hassan,NED,01.01.93,1,London,22.07.2018
230,3:57.44,Cory McGee,USA,29.05.92,5,Eugene,30.06.2024
230,3:57.44,Linden Hall,AUS,20.06.91,3,Zürich,28.08.2025
232,3:57.46,Zhang Linli,CHN,06.03.73,3,Beijing,11.09.1993
232,3:57.46,Sarah Healy,IRL,13.02.01,7,Paris,07.07.2024
234,3:57.48,Maricica Puica,ROU,29.07.50,1,Bucuresti,31.07.1982
235,3:57.49,Laura Muir,GBR,09.05.93,1,London,22.07.2016
236,3:57.50,Tatyana Tomashova,RUS,01.07.75,3,Rieti,27.08.2006
236,3:57.50,Birke Haylom,ETH,06.01.06,3,Paris,20.06.2025
238,3:57.51,Faith Kipyegon,KEN,10.01.94,2,Paris,01.07.2017
239,3:57.52,Elinor St. Pierre,USA,20.02.95,8,Saint-Denis,10.08.2024
240,3:57.53,Hirut Meshesha,ETH,20.01.01,7,Eugene,16.09.2023
241,3:57.54,Genzebe Dibaba,ETH,08.02.91,3,Ad-Dawhah,10.05.2013
241,3:57.54,Freweyni Hailu,ETH,12.02.01,2s1,Tokyo,04.08.2021
243,3:57.56,Worknesh Mesele,ETH,10.06.01,4,Shaoxing,16.05.2026
244,3:57.57,Abeba Aregawi,SWE,05.07.90,2,Eugene,31.05.2014
244,3:57.57,Jessica Hull,AUS,22.10.96,8,Eugene,16.09.2023
246,3:57.59,Abbey Caldwell,AUS,03.07.01,5,Paris,28.06.2026
247,3:57.60,Freweyni Hailu,ETH,12.02.01,4,Tokyo,06.08.2021
248,3:57.61,Yuliya Chizhenko,RUS,30.08.79,2,Göteborg,13.08.2006
248,3:57.61,Worknesh Mesele,ETH,10.06.01,3,Xiamen,20.04.2024
248,3:57.61,Nelly Jepkosgei,BRN,14.07.91,6,Paris,28.06.2026
251,3:57.62,Diribe Welteji,ETH,13.05.02,4,Xiamen,20.04.2024
252,3:57.63,Linden Hall,AUS,20.06.91,4,Paris,20.06.2025
252,3:57.63,Laura Muir,GBR,09.05.93,4,Bruxelles,22.08.2025
254,3:57.64,Gudaf Tsegay,ETH,23.06.97,1,Stockholm,10.06.2018
255,3:57.65,Freweyni Hailu,ETH,12.02.01,2,Rabat,28.05.2023
256,3:57.66,Birke Haylom,ETH,06.01.06,3,Rabat,28.05.2023
257,3:57.70,Tatyana Pozdnyakova,UKR,04.03.56,2,Rieti,02.09.1984
258,3:57.71,Christiane Wartenberg,GDR,27.10.56,2,Moskva,01.08.1980
258,3:57.71,Carla Sacramento,POR,10.12.71,4,Monaco,08.08.1998
260,3:57.72,Galina Zakharova,RUS,07.09.56,1,Baku,14.09.1984
260,3:57.72,Süreyya Ayhan-Kop,TUR,06.09.78,1,Monaco,13.09.2003
260,3:57.72,Saron Berhe,ETH,22.08.07,7,Eugene,05.07.2025
263,3:57.73,Maricica Puica,ROU,29.07.50,2,Bruxelles,30.08.1985
263,3:57.73,Natalya Yevdokimova,RUS,17.03.78,2,Rieti,28.08.2005
265,3:57.74,Freweyni Hailu,ETH,12.02.01,8,Eugene,05.07.2025
265,3:57.74,Dorcus Ewoi,KEN,02.10.96,5,Shaoxing,16.05.2026
267,3:57.75,Süreyya Ayhan-Kop,TUR,06.09.78,1,Bruxelles,30.08.2002
267,3:57.75,Jessica Hull,AUS,22.10.96,4,Bruxelles,08.09.2023
267,3:57.75,Marta Pérez,ESP,19.04.93,8s2,Saint-Denis,08.08.2024
270,3:57.77,Liu Jing,CHN,03.02.71,7,Shanghai,18.10.1997
270,3:57.77,Genzebe Dibaba,ETH,08.02.91,1,Shanghai,19.05.2012
272,3:57.78,Olga Dvirna,RUS,11.02.53,1,Budapest,29.07.1981
272,3:57.78,Shannon Rowbury,USA,19.09.84,1,Zürich,01.09.2016
274,3:57.79,Heather MacLean,USA,31.08.95,8,Chorzów,16.08.2025
274,3:57.79,Birke Haylom,ETH,06.01.06,2,Xiamen,23.05.2026
276,3:57.80,Olga Dvirna,RUS,11.02.53,1,Athínai,11.09.1982
276,3:57.80,Sinclaire Johnson,USA,13.04.98,4,Zürich,28.08.2025
278,3:57.82,Maricica Puica,ROU,29.07.50,1,Tirrenia,25.08.1982
278,3:57.82+,Genzebe Dibaba,ETH,08.02.91,1,Lausanne,06.07.2017
278,3:57.82,Diribe Welteji,ETH,13.05.02,4,Bruxelles,02.09.2022
281,3:57.83,Qu Yunxia,CHN,25.12.72,8,Shanghai,18.10.1997
282,3:57.84,Diribe Welteji,ETH,13.05.02,1,Westwood,27.05.2023
283,3:57.85,Laura Muir,GBR,09.05.93,2,Zürich,01.09.2016
283,3:57.85,Jessica Hull,AUS,22.10.96,6s2,Budapest,20.08.2023
285,3:57.87,Laura Muir,GBR,09.05.93,1,Stockholm,23.08.2020
285,3:57.87,Hirut Meshesha,ETH,20.01.01,2,Ostrava,27.06.2023
285,3:57.87,Elise Cranny,USA,09.05.96,6,Eugene,30.06.2024
288,3:57.88,Freweyni Hailu,ETH,12.02.01,2,Chorzów,25.08.2024
289,3:57.89,Laura Muir,GBR,09.05.93,1,Stockholm,02.06.2024
290,3:57.90,Kelly Holmes,GBR,19.04.70,1,Athínai,28.08.2004
290,3:57.90,Nelly Chepchirchir,KEN,04.06.03,5,Budapest,22.08.2023
292,3:57.91,Emily MacKay,USA,30.04.98,9,Eugene,05.07.2025
292,3:57.91,Jessica Hull,AUS,22.10.96,6,Shaoxing,16.05.2026
294,3:57.92,Tatyana Dorovskikh,UKR,12.08.61,4,Barcelona,08.08.1992
294,3:57.92,Linden Hall,AUS,20.06.91,3,Xiamen,02.09.2023
296,3:57.95,Worknesh Mesele,ETH,10.06.01,5,Paris,20.06.2025
296,3:57.95,Sarah Healy,IRL,13.02.01,9,Chorzów,16.08.2025
296,3:57.95,Klaudia Kazimierska,POL,03.09.01,7,Tokyo,16.09.2025
299,3:58.00,Wang Junxia,CHN,09.01.73,1h,Jinan,02.06.1993
299,3:58.00,Shannon Rowbury,USA,19.09.84,4,Saint-Denis,27.08.2016
301,3:58.01,Faith Kipyegon,KEN,10.01.94,3,Eugene,31.05.2014
301,3:58.01,Melissa Courtney-Bryant,GBR,30.08.93,6,Chorzów,16.07.2023
303,3:58.02,Yuliya Chizhenko,RUS,30.08.79,2,Athínai,03.07.2006
304,3:58.03,Elinor St. Pierre,USA,20.02.95,1,Eugene,21.06.2021
304,3:58.03,Katie Snowden,GBR,09.03.94,5,Bruxelles,08.09.2023
306,3:58.04,Nelly Chepchirchir,KEN,04.06.03,1,Rabat,25.05.2025
307,3:58.05,Agathe Guillemot,FRA,11.07.99,8,Paris,07.07.2024
307,3:58.05,Nelly Chepchirchir,KEN,04.06.03,5,Bruxelles,14.09.2024
307,3:58.05,Susan Ejore-Sanders,KEN,09.11.95,10,Eugene,05.07.2025
310,3:58.06,Hirut Meshesha,ETH,20.01.01,6,Bruxelles,08.09.2023
310,3:58.06,Georgia Hunter Bell,GBR,17.10.93,6,Paris,20.06.2025
312,3:58.07,Kelly Holmes,GBR,19.04.70,1,Sheffield,29.06.1997
312,3:58.07+,Freweyni Hailu,ETH,12.02.01,2,Monaco,21.07.2023
314,3:58.08,Revee Walcott-Nolan,GBR,06.03.95,9s2,Saint-Denis,08.08.2024
315,3:58.09,Dawit Seyaum,ETH,27.07.96,5,Saint-Denis,27.08.2016
315,3:58.09+,Laura Muir,GBR,09.05.93,3,Monaco,21.07.2023
315,3:58.09,Melissa Courtney-Bryant,GBR,30.08.93,7,Bruxelles,08.09.2023
315,3:58.09,Sophie Malbranque,FRA,24.12.59,8,Tokyo,16.09.2025
315,3:58.09,Claudia Hollingsworth,AUS,12.04.05,1rA,Melbourne,05.03.2026
320,3:58.1,Doina Melinte,ROU,27.12.56,1,Bucuresti,09.06.1984
320,3:58.10,Dawit Seyaum,ETH,27.07.96,2,Eugene,28.05.2016
322,3:58.11,Sintayehu Vissa,ITA,29.07.96,10s2,Saint-Denis,08.08.2024
322,3:58.11,Georgia Hunter Bell,GBR,17.10.93,3,Chorzów,25.08.2024
324,3:58.12,Naomi Mugo,KEN,02.01.77,5,Monaco,08.08.1998
324,3:58.12,Tatyana Tomashova,RUS,01.07.75,2,Athínai,28.08.2004
324,3:58.12,Sifan Hassan,NED,01.01.93,1,Hengelo,04.06.2023
324,3:58.12,Sintayehu Vissa,ITA,29.07.96,6,Roma,30.08.2024
328,3:58.13,Katie Snowden,GBR,09.03.94,9,Paris,07.07.2024
328,3:58.13,Emily MacKay,USA,30.04.98,3,Xiamen,23.05.2026
330,3:58.14,Gudaf Tsegay,ETH,23.06.97,1,Zagreb,24.05.2025
331,3:58.15,Worknesh Mesele,ETH,10.06.01,7,Roma,30.08.2024
331,3:58.15,Nadia Battocletti,ITA,12.04.00,1,Rovereto,02.06.2025
333,3:58.17,Nadezhda Ralldugina,RUS,15.11.57,5r1,Kyiv,27.07.1982
334,3:58.18,Liu Dong,CHN,24.12.73,9,Shanghai,18.10.1997
334,3:58.18,Laura Muir,GBR,09.05.93,2,Lausanne,05.07.2018
334,3:58.18,Freweyni Hailu,ETH,12.02.01,2,Rabat,05.06.2022
334,3:58.18,Gudaf Tsegay,ETH,23.06.97,2,Chorzów,06.08.2022
334,3:58.18,Freweyni Hailu,ETH,12.02.01,5,Xiamen,20.04.2024
339,3:58.19,Jennifer Simpson,USA,23.08.86,6,Saint-Denis,27.08.2016
340,3:58.2,Natalia Marasescu,ROU,03.10.52,1,Bucuresti,13.07.1979
340,3:58.2,Natalia Marasescu,ROU,03.10.52,2,Athínai,11.08.1979
340,3:58.20,Anita Weyermann,SUI,08.12.77,6,Monaco,08.08.1998
340,3:58.20,Winny Chebet,KEN,20.12.90,7,Ad-Dawhah,05.10.2019
344,3:58.22,Yin Lili,CHN,11.11.79,3h1,Shanghai,17.10.1997
344,3:58.22+,Jessica Hull,AUS,22.10.96,4,Monaco,21.07.2023
344,3:58.22,Melissa Courtney-Bryant,GBR,30.08.93,4,Xiamen,02.09.2023
347,3:58.24,Laura Muir,GBR,09.05.93,1,Chorzów,06.09.2020
348,3:58.25,Laura Muir,GBR,09.05.93,1,London,20.07.2019
348,3:58.25,Georgia Griffith,AUS,05.12.96,1,Budapest,12.08.2025
348,3:58.25,Freweyni Hailu,ETH,12.02.01,1,Rabat,31.05.2026
351,3:58.26,Doina Melinte,ROU,27.12.56,1,Bucuresti,12.07.1984
352,3:58.28,Elvan Abeylegesse,TUR,11.09.82,1,Moskva,30.05.2004
352,3:58.28,Jennifer Simpson,USA,23.08.86,4,Eugene,31.05.2014
352,3:58.28,Gabriela DeBues-Stafford,CAN,13.09.95,3s1,Tokyo,04.08.2021
352,3:58.28+,Ciara Mageean,IRL,12.03.92,5,Monaco,21.07.2023
356,3:58.29,Maricica Puica,ROU,29.07.50,2,Budapest,29.07.1981
356,3:58.29,Violeta Szekely,ROU,26.03.65,1,Monaco,18.08.2000
356,3:58.29,Agathe Guillemot,FRA,11.07.99,5,Bruxelles,22.08.2025
359,3:58.3,Yekaterina Podkopayeva,RUS,11.06.52,1,Moskva,12.06.1980
360,3:58.31,Heather MacLean,USA,31.08.95,7,Eugene,30.06.2024
361,3:58.33,Faith Kipyegon,KEN,10.01.94,1,Zürich,09.09.2021
361,3:58.33,Sintayehu Vissa,ITA,29.07.96,1,Zagreb,08.09.2024
363,3:58.36,Elinor St. Pierre,USA,20.02.95,1rA,Walnut,09.05.2021
363,3:58.36,Jessica Hull,AUS,22.10.96,1,Philadelphia,31.05.2025
365,3:58.37,Tatyana Providokhina,RUS,26.03.53,1,Podolsk,22.08.1982
366,3:58.38,Suzy Favor Hamilton,USA,08.08.68,7,Monaco,08.08.1998
367,3:58.39,Maria Cioncan,ROU,19.06.77,3,Athínai,28.08.2004
367,3:58.39,Sifan Hassan,NED,01.01.93,3,Lausanne,05.07.2018
369,3:58.40,Ravilya Agletdinova,BLR,10.02.60,1,Moskva,18.08.1985
369,3:58.40,Georgia Griffith,AUS,05.12.96,6,Bruxelles,14.09.2024
371,3:58.42,Svetlana Masterkova,RUS,17.01.68,1,Roma,14.07.1998
371,3:58.42,Jennifer Simpson,USA,23.08.86,8,Ad-Dawhah,05.10.2019
371,3:58.42,Sarah Healy,IRL,13.02.01,8,Roma,30.08.2024
374,3:58.43,Kutre Dulecha,ETH,22.08.78,8,Monaco,08.08.1998
374,3:58.43,Süreyya Ayhan-Kop,TUR,06.09.78,1,Berlin,06.09.2002
374,3:58.43,Sifan Hassan,NED,01.01.93,3,Zürich,01.09.2016
377,3:58.44,Worknesh Mesele,ETH,10.06.01,2,Rabat,25.05.2025
377,3:58.44,Agathe Guillemot,FRA,11.07.99,7,Paris,20.06.2025
379,3:58.46A,Nelly Chepchirchir,KEN,04.06.03,2,Nairobi,15.06.2024
380,3:58.49,Laura Muir,GBR,09.05.93,1,Bruxelles,31.08.2018
381,3:58.5,Zamira Zaytseva,UZB,16.02.53,2,Moskva,12.06.1980
382,3:58.52,Tatyana Tomashova,RUS,01.07.75,1,Saint-Denis,31.08.2003
383,3:58.53,Laura Muir,GBR,09.05.93,2,Stockholm,10.06.2018
384,3:58.54,Jennifer Simpson,USA,23.08.86,4,Zürich,01.09.2016
384,3:58.54,Marta Pérez,ESP,19.04.93,9,Tokyo,16.09.2025
384,3:58.54,Emily MacKay,USA,30.04.98,7,Shaoxing,16.05.2026
387,3:58.55,Sifan Hassan,NED,01.01.93,2,Zürich,09.09.2021
388,3:58.56,Tatyana Dorovskikh,UKR,12.08.61,1,Roma,05.09.1987
389,3:58.57,Faith Kipyegon,KEN,10.01.94,1,Ad-Dawhah,05.05.2023
390,3:58.58,Helen Obiri,KEN,13.12.89,1,Eugene,01.06.2013
390,3:58.58,Laura Muir,GBR,09.05.93,6,Budapest,22.08.2023
392,3:58.59,Abeba Aregawi,ETH,05.07.90,1,Saint-Denis,06.07.2012
392,3:58.59,Freweyni Hailu,ETH,12.02.01,1,Bydgoszcz,20.06.2024
392,3:58.59,Birke Haylom,ETH,06.01.06,1,Moskva,05.06.2026
395,3:58.60,Olga Dvirna,RUS,11.02.53,1,Moskva,07.08.1981
395,3:58.60,Yelena Soboleva,RUS,03.10.82,1,Lausanne,11.07.2006
397,3:58.62,Gabriela DeBues-Stafford,CAN,13.09.95,3,Eugene,28.05.2022
398,3:58.63,Dawit Seyaum,ETH,27.07.96,5,Zürich,01.09.2016
398,3:58.63,Susan Ejore-Sanders,KEN,09.11.95,3,Westwood,18.05.2024
398,3:58.63,Georgia Hunter Bell,GBR,17.10.93,1,Roma,04.06.2026
401,3:58.64,Wang Renmei,CHN,05.07.70,4,Beijing,11.09.1993
401,3:58.64,Faith Kipyegon,KEN,10.01.94,1s1,Saint-Denis,08.08.2024
403,3:58.65,Gabriella Dorio,ITA,27.06.57,2,Tirrenia,25.08.1982
403,3:58.65,Jemma Reekie,GBR,06.03.98,7,Chorzów,16.07.2023
403,3:58.65,Susan Ejore-Sanders,KEN,09.11.95,8,Paris,20.06.2025
406,3:58.66,Laura Muir,GBR,09.05.93,5,Monaco,17.07.2015
407,3:58.67,Hildegard Körner,GDR,20.12.59,2,Roma,05.09.1987
408,3:58.68,Yuliya Chizhenko,RUS,30.08.79,1r3,Tula,13.07.2005
408,3:58.68,Revee Walcott-Nolan,GBR,06.03.95,9,Roma,30.08.2024
410,3:58.69,Doina Melinte,ROU,27.12.56,1,Villeneuve d'Ascq,29.06.1990
410,3:58.69,Ciara Mageean,IRL,12.03.92,10,Paris,07.07.2024
412,3:58.70,Zamira Zaytseva,UZB,16.02.53,2,Moskva,07.08.1981
412,3:58.70,Ravilya Agletdinova,BLR,10.02.60,2,Praha,18.08.1984
412,3:58.70,Linden Hall,AUS,20.06.91,2,Rovereto,02.06.2025
415,3:58.71,Natalia Marasescu,ROU,03.10.52,1,Moskva,29.07.1979
415,3:58.71,Lyubov Kremlyova,RUS,21.12.61,1,Zürich,19.08.1992
417,3:58.72,Maryam Yusuf Jamal,BRN,16.09.84,1,Athínai,13.07.2009
417,3:58.72,Abeba Aregawi,SWE,05.07.90,1,Shanghai,18.05.2014
419,3:58.74,Yan Wei,CHN,04.10.73,4h1,Shanghai,17.10.1997
419,3:58.74,Patrícia Silva,POR,09.12.99,7,Paris,28.06.2026
421,3:58.75,Maryam Yusuf Jamal,BRN,16.09.84,1,Osaka,02.09.2007
422,3:58.76,Svetlana Ulmasova,UZB,04.02.53,2,Podolsk,22.08.1982
422,3:58.76,Heather MacLean,USA,31.08.95,5,Bruxelles,02.09.2022
424,3:58.77,Adelle Tracey,JAM,27.05.93,7s2,Budapest,20.08.2023
425,3:58.78,Gabriela Szabo,ROU,14.11.75,1,Zürich,16.08.2002
426,3:58.79,Süreyya Ayhan-Kop,TUR,06.09.78,1,München,11.08.2002
426,3:58.79,Gelete Burka,ETH,23.01.86,1,Hengelo,01.06.2009
428,3:58.80,Paula Ivan,ROU,20.07.63,1,Verona,27.07.1988
428,3:58.80,Axumawit Embaye,ETH,18.10.94,3,Rabat,05.06.2022
430,3:58.81,Gabriela Szabo,ROU,14.11.75,2,München,11.08.2002
430,3:58.81,Jessica Hull,AUS,22.10.96,4s1,Tokyo,04.08.2021
430,3:58.81,Sarah Billings,AUS,07.03.98,8,Shaoxing,16.05.2026
433,3:58.82,Zamira Zaytseva,UZB,16.02.53,2,Athínai,11.09.1982
434,3:58.83,Maryam Yusuf Jamal,BRN,16.09.84,1,Monaco,28.07.2009
435,3:58.84,Rababe Arafi,MAR,12.01.91,4,Rabat,16.06.2019
435,3:58.84,Gudaf Tsegay,ETH,23.06.97,1h1,Saint-Denis,06.08.2024
435,3:58.84,Linden Hall,AUS,20.06.91,10,Roma,30.08.2024
435,3:58.84,Claudia Hollingsworth,AUS,12.04.05,9,Shaoxing,16.05.2026
439,3:58.85,Sonia O'Sullivan,IRL,28.11.69,1,Monaco,25.07.1995
439,3:58.85,Sinclaire Johnson,USA,13.04.98,4,Eugene,28.05.2022
441,3:58.88+,Helen Obiri,KEN,13.12.89,2,London,22.07.2018
441,3:58.88+,Elise Cranny,USA,09.05.96,6,Monaco,21.07.2023
441,3:58.88,Laura Muir,GBR,09.05.93,2,Stockholm,02.06.2024
444,3:58.89,Tamara Sorokina,RUS,15.08.50,1,Leningrad,26.07.1981
444,3:58.89,Helen Obiri,KEN,13.12.89,3,Saint-Denis,05.07.2014
444,3:58.89,Heather MacLean,USA,31.08.95,2,Monaco,10.08.2022
447,3:58.9,Tatyana Pozdnyakova,UKR,04.03.56,1,Ryazan,12.08.1984
448,3:58.91,Laura Muir,GBR,09.05.93,2h1,Saint-Denis,06.08.2024
448,3:58.91,Dorcus Ewoi,KEN,02.10.96,4,Xiamen,23.05.2026
450,3:58.92,Mary Slaney,USA,04.08.58,1,Indianapolis,23.07.1988
450,3:58.92,Konstanze Klosterhalfen,GER,18.02.97,1,Berlin,27.08.2017
452,3:58.93,Maryam Yusuf Jamal,BRN,16.09.84,1,Rieti,29.08.2010
452,3:58.93,Diribe Welteji,ETH,13.05.02,2,Hengelo,08.06.2021
452,3:58.93,Gabriela DeBues-Stafford,CAN,13.09.95,5,Tokyo,06.08.2021
455,3:58.94,Tatyana Kazankina,RUS,17.12.51,1,Roma,05.08.1980
455,3:58.94,Shelby Houlihan,USA,08.02.93,2,Bruxelles,31.08.2018
457,3:58.95,Svetlana Masterkova,RUS,17.01.68,1,Bruxelles,28.08.1998
457,3:58.95,Georgia Hunter Bell,GBR,17.10.93,7,Bruxelles,14.09.2024
459,3:58.96,Maryam Yusuf Jamal,BRN,16.09.84,1,Stockholm,25.07.2006
459,3:58.96,Nelly Chepchirchir,KEN,04.06.03,2,Hengelo,04.06.2023
459,3:58.96,Linden Hall,AUS,20.06.91,2,Bydgoszcz,20.06.2024
459,3:58.96,Linden Hall,AUS,20.06.91,10,Shaoxing,16.05.2026
463,3:58.97,Wang Qingfen,CHN,27.03.73,7h2,Shanghai,17.10.1997
463,3:58.97,Jessica Hull,AUS,22.10.96,5,Xiamen,23.05.2026
465,3:58.98,Nigist Getachew,ETH,28.02.02,11,Paris,07.07.2024
466,3:59.0,Natalia Marasescu,ROU,03.10.52,1,Viareggio,08.08.1979
466,3:59.0,Maryam Yusuf Jamal,BRN,16.09.84,1,Athínai,02.07.2007
468,3:59.01,Giana Romanova,RUS,10.03.55,1,Praha,03.09.1978
468,3:59.01,Linden Hall,AUS,20.06.91,6,Tokyo,06.08.2021
468,3:59.01,Susan Ejore-Sanders,KEN,09.11.95,3h1,Saint-Denis,06.08.2024
471,3:59.02,Gabriella Dorio,ITA,27.06.57,3,Athínai,11.09.1982
471,3:59.02,Kutre Dulecha,ETH,22.08.78,2,Monaco,18.08.2000
471,3:59.02,Axumawit Embaye,ETH,18.10.94,5,Rabat,16.06.2019
471,3:59.02,Konstanze Klosterhalfen,GER,18.02.97,2,Zürich,29.08.2019
471,3:59.02,Marta Pérez,ESP,19.04.93,10,Chorzów,16.08.2025
476,3:59.04,Süreyya Ayhan-Kop,TUR,06.09.78,2,Saint-Denis,31.08.2003
476,3:59.04,Faith Kipyegon,KEN,10.01.94,1,Palo Alto,30.06.2019
476,3:59.04,Georgia Griffith,AUS,05.12.96,6,Xiamen,20.04.2024
479,3:59.05,Natalya Yevdokimova,RUS,17.03.78,4,Athínai,28.08.2004
479,3:59.05,Tatyana Tomashova,RUS,01.07.75,3,Rieti,28.08.2005
479,3:59.05,Faith Kipyegon,KEN,10.01.94,1,Ostrava,08.09.2020
482,3:59.06,Shelby Houlihan,USA,08.02.93,1,Eugene,26.05.2018
482,3:59.06,Elise Cranny,USA,09.05.96,3,Monaco,10.08.2022
482,3:59.06,Habitam Alemu,ETH,09.07.97,7,Xiamen,20.04.2024
482,3:59.06,Sarah Madeleiene,FRA,20.09.98,9,Paris,20.06.2025
486,3:59.07,Gudaf Tsegay,ETH,23.06.97,4,Lausanne,05.07.2018
487,3:59.08,Agathe Guillemot,FRA,11.07.99,9,Saint-Denis,10.08.2024
488,3:59.09+,Gudaf Tsegay,ETH,23.06.97,3,London,22.07.2018
489,3:59.10,Ravilya Agletdinova,BLR,10.02.60,1r1,Leningrad,02.08.1985
489,3:59.10,Sonia O'Sullivan,IRL,28.11.69,1,Nice,18.07.1994
489,3:59.10,Suzy Favor Hamilton,USA,08.08.68,2,Zürich,16.08.2002
489,3:59.10,Daniela Yordanova,BUL,08.03.76,5,Athínai,28.08.2004
493,3:59.12,Tatyana Kazankina,RUS,17.12.51,1h1,Moskva,30.07.1980
493,3:59.12,Nouria Mérah-Benida,ALG,19.10.70,3,Monaco,18.08.2000
493,3:59.12+,Sifan Hassan,NED,01.01.93,1,Bruxelles,11.09.2015
496,3:59.13,Maryam Yusuf Jamal,BRN,16.09.84,1,Athínai,14.06.2005
496,3:59.13,Marta Pérez,ESP,19.04.93,6,Bruxelles,22.08.2025
498,3:59.14,Sarah Healy,IRL,13.02.01,10,Tokyo,16.09.2025
499,3:59.15,Maryam Yusuf Jamal,BRN,16.09.84,1,Zürich,28.08.2009
499,3:59.15,Rababe Arafi,MAR,12.01.91,5,Lausanne,05.07.2018
501,3:59.16,Natalya Artyomova,RUS,05.01.63,1,Zürich,07.08.1991
501,3:59.16,Winny Chebet,KEN,20.12.90,2,Roma,08.06.2017
501,3:59.16+,Marta Zenoni,ITA,09.03.99,3,London,19.07.2025
504,3:59.17,Paula Ivan,ROU,20.07.63,1,Bruxelles,19.08.1988
504,3:59.17,Addison Wiley,USA,24.10.03,8,Bruxelles,08.09.2023
504,3:59.17,Laura Muir,GBR,09.05.93,3,Stockholm,02.06.2024
504,3:59.17,Sarah Healy,IRL,13.02.01,1,Roma,06.06.2025
508,3:59.19,Mary Slaney,USA,04.08.58,1,Eugene,04.06.1984
508,3:59.19,Nozomi Tanaka,JPN,04.09.99,5s1,Tokyo,04.08.2021
508,3:59.19,Diribe Welteji,ETH,13.05.02,1rA,Ostrava,31.05.2022
508,3:59.19,Sinclaire Johnson,USA,13.04.98,9,Bruxelles,08.09.2023
508,3:59.19,Nadia Battocletti,ITA,12.04.00,11,Roma,30.08.2024
508,3:59.19,Birke Haylom,ETH,06.01.06,2,Zagreb,24.05.2025
514,3:59.21,Faith Kipyegon,KEN,10.01.94,4,Saint-Denis,05.07.2014
514,3:59.21,Saron Berhe,ETH,22.08.07,8,Xiamen,20.04.2024
516,3:59.22,Lidia Chojecka,POL,25.01.77,2,Oslo,28.07.2000
516,3:59.22,Faith Kipyegon,KEN,10.01.94,1,Shanghai,13.05.2017
516,3:59.22,Georgia Griffith,AUS,05.12.96,4h1,Saint-Denis,06.08.2024
516,3:59.22,Agathe Guillemot,FRA,11.07.99,5h1,Saint-Denis,06.08.2024
516,3:59.22,Marta Pérez,ESP,19.04.93,2,Budapest,12.08.2025
521,3:59.23+,Paula Ivan,ROU,20.07.63,1,Nice,10.07.1989
521,3:59.23,Abeba Aregawi,ETH,05.07.90,2,Shanghai,19.05.2012
523,3:59.24,Tamara Sorokina,RUS,15.08.50,3,Podolsk,22.08.1982
523,3:59.24,Sarah Billings,AUS,07.03.98,2,Roma,06.06.2025
523,3:59.24,Klaudia Kazimierska,POL,03.09.01,2,Roma,04.06.2026
526,3:59.25,Doina Melinte,ROU,27.12.56,1,Pitesti,28.06.1986
526,3:59.25,Gabriela Szabo,ROU,14.11.75,2,Roma,14.07.1998
526,3:59.25,Viola Kibiwott,KEN,22.12.85,2,Saint-Denis,06.07.2012
526,3:59.25,Dorcus Ewoi,KEN,02.10.96,3,Rabat,25.05.2025
530,3:59.26,Dominique Hiltz,USA,23.10.94,3,Roma,04.06.2026
530,3:59.26,Emily MacKay,USA,30.04.98,1,Los Angeles,14.06.2026
532,3:59.27,Doina Melinte,ROU,27.12.56,3,Roma,05.09.1987
532,3:59.27,Lidia Chojecka,POL,25.01.77,6,Athínai,28.08.2004
532,3:59.27,Birke Haylom,ETH,06.01.06,8,Bruxelles,14.09.2024
532,3:59.27+,Sarah Healy,IRL,13.02.01,4,London,19.07.2025
536,3:59.28,Natalya Artyomova,RUS,05.01.63,2r1,Leningrad,02.08.1985
536,3:59.28,Gelete Burka,ETH,23.01.86,1,Lausanne,08.07.2010
536,3:59.28,Haregeweyn Kalayu,ETH,29.05.09,2,Rabat,31.05.2026
539,3:59.3,Tamara Sorokina,RUS,15.08.50,3,Moskva,12.06.1980
539,3:59.3,Maricica Puica,ROU,29.07.50,6,Moskva,06.07.1980
539,3:59.30,Svetlana Masterkova,RUS,17.01.68,1,Sankt Peterburg,04.07.1996
539,3:59.30,Konstanze Klosterhalfen,GER,18.02.97,3,Roma,08.06.2017
539,3:59.30,Laura Muir,GBR,09.05.93,2,Eugene,26.05.2018
544,3:59.31,Olga Dvirna,RUS,11.02.53,1,Cottbus,26.06.1982
544,3:59.31,Maricica Puica,ROU,29.07.50,4,Athínai,11.09.1982
544,3:59.31,Ravilya Agletdinova,BLR,10.02.60,1,Birmingham,05.06.1983
544,3:59.31,Violeta Szekely,ROU,26.03.65,1,Zürich,11.08.1999
544,3:59.31,Jennifer Simpson,USA,23.08.86,1,Roma,04.06.2015
544,3:59.31,Jessica Hull,AUS,22.10.96,5,Eugene,28.05.2022
550,3:59.32+,Faith Kipyegon,KEN,10.01.94,2,Bruxelles,11.09.2015
550,3:59.32,Abbey Caldwell,AUS,03.07.01,3,Roma,06.06.2025
550,3:59.32,Salomé Afonso,POR,19.11.97,10,Paris,20.06.2025
553,3:59.33,Tigist Girma,ETH,07.11.02,3,Ostrava,27.06.2023
554,3:59.34,Liu Li,CHN,12.03.71,5,Beijing,11.09.1993
554,3:59.34,Violeta Szekely,ROU,26.03.65,3,Oslo,28.07.2000
554,3:59.34,Helen Obiri,KEN,13.12.89,2,Shanghai,14.05.2016
554,3:59.34,Diribe Welteji,ETH,13.05.02,2,Ad-Dawhah,05.05.2023
558,3:59.35,Violeta Szekely,ROU,26.03.65,1,Monaco,07.08.1993
558,3:59.35,Violeta Szekely,ROU,26.03.65,1,Monaco,20.07.2001
558,3:59.35,Maryam Yusuf Jamal,BRN,16.09.84,1,Monaco,09.09.2005
558,3:59.35,Ibtissam Lakhouad,MAR,07.12.80,2,Lausanne,08.07.2010
558,3:59.35,Heather MacLean,USA,31.08.95,3,Budapest,12.08.2025
563,3:59.37,Daniela Yordanova,BUL,08.03.76,3,Göteborg,13.08.2006
563,3:59.37,Jennifer Simpson,USA,23.08.86,3,Eugene,26.05.2018
565,3:59.38,Qu Yunxia,CHN,25.12.72,1h1,Beijing,10.09.1993
565,3:59.38,Anna Willard,USA,31.03.84,2,Zürich,28.08.2009
565,3:59.38,Sifan Hassan,NED,01.01.93,5,Eugene,31.05.2014
568,3:59.39,Katie Snowden,GBR,09.03.94,2,Zagreb,08.09.2024
569,3:59.40,Suzy Favor Hamilton,USA,08.08.68,2,Berlin,06.09.2002
569,3:59.40,Marta García,ESP,01.01.98,4,Budapest,12.08.2025
571,3:59.41,Sifan Hassan,NED,01.01.93,3,Bruxelles,31.08.2018
572,3:59.42+,Melissa Courtney-Bryant,GBR,30.08.93,7,Monaco,21.07.2023
572,3:59.42,Jemma Reekie,GBR,06.03.98,11,Paris,20.06.2025
574,3:59.43,Mary Slaney,USA,04.08.58,2,Zürich,13.08.1980
574,3:59.43,Suzy Favor Hamilton,USA,08.08.68,1,Rieti,08.09.2002
574,3:59.43,Hirut Meshesha,ETH,20.01.01,2,Chorzów,20.06.2021
574,3:59.43,Heather MacLean,USA,31.08.95,5,Zürich,28.08.2025
578,3:59.45,Tatyana Dorovskikh,UKR,12.08.61,1,Kyiv,17.07.1986
578,3:59.45,Esther Guerrero,ESP,07.02.90,7,Bruxelles,22.08.2025
580,3:59.47,Olga Yegorova,RUS,28.03.72,1,Kazan,25.06.2005
580,3:59.47,Besu Sado,ETH,12.01.96,6,Zürich,01.09.2016
580,3:59.47,Laura Muir,GBR,09.05.93,2,Palo Alto,30.06.2019
583,3:59.48,Nadezhda Olizarenko,UKR,28.11.53,2h1,Moskva,30.07.1980
583,3:59.48,Yelena Sipatova,RUS,07.06.55,4,Podolsk,22.08.1982
583,3:59.48,Wang Chunmei,CHN,10.04.76,5h1,Shanghai,17.10.1997
583,3:59.48,Diribe Welteji,ETH,13.05.02,1,Montreuil,02.06.2022
583,3:59.48+,Sinclaire Johnson,USA,13.04.98,5,London,19.07.2025
583,3:59.48,Susan Ejore-Sanders,KEN,09.11.95,6,Zürich,28.08.2025
589,3:59.49,Shannon Rowbury,USA,19.09.84,5,Saint-Denis,05.07.2014
589,3:59.49+,Birke Haylom,ETH,06.01.06,1,Oslo,15.06.2023
589,3:59.49,Georgia Hunter Bell,GBR,17.10.93,2s1,Saint-Denis,08.08.2024
589,3:59.49,Gaia Sabbatini,ITA,10.06.99,5,Budapest,12.08.2025
593,3:59.5,Tatyana Kazankina,RUS,17.12.51,1r1,Sochi,23.05.1980
593,3:59.50,Lisa Dobriskey,GBR,23.12.83,3,Zürich,28.08.2009
595,3:59.51,Natalia Rodríguez,ESP,02.06.79,4,Rieti,28.08.2005
595,3:59.51,Rababe Arafi,MAR,12.01.91,4,Eugene,26.05.2018
597,3:59.52,Nadezhda Olizarenko,UKR,28.11.53,3,Moskva,01.08.1980
598,3:59.53,Svetlana Masterkova,RUS,17.01.68,1,Sevilla,29.08.1999
598,3:59.53,Dawit Seyaum,ETH,27.07.96,1,Marrakesh,08.06.2014
600,3:59.54,Jessica Hull,AUS,22.10.96,7,Budapest,22.08.2023
601,3:59.55,Gudaf Tsegay,ETH,23.06.97,3,Paris,01.07.2017
601,3:59.55,Melissa Courtney-Bryant,GBR,30.08.93,4,Chorzów,25.08.2024
603,3:59.56,Gelete Burka,ETH,23.01.86,2,Monaco,28.07.2009
603,3:59.56,Winnie Nanyondo,UGA,23.08.93,6,Rabat,16.06.2019
605,3:59.57,Maricica Puica,ROU,29.07.50,1,Rieti,16.09.1982
605,3:59.57,Gudaf Tsegay,ETH,23.06.97,1,Nanjing,21.05.2019
605,3:59.57,Melissa Courtney-Bryant,GBR,30.08.93,9,Eugene,16.09.2023
608,3:59.58,Süreyya Ayhan-Kop,TUR,06.09.78,1,Berlin,10.08.2003
608,3:59.58,Konstanze Klosterhalfen,GER,18.02.97,1,Erfurt,09.07.2017
610,3:59.59,Christin Wurth-Thomas,USA,11.07.80,1,Saint-Denis,16.07.2010
610,3:59.59,Gabriela DeBues-Stafford,CAN,13.09.95,3,Zürich,29.08.2019
610,3:59.59,Sarah Billings,AUS,07.03.98,9,Xiamen,20.04.2024
613,3:59.60,Sonia O'Sullivan,IRL,28.11.69,2,Monaco,07.08.1993
613,3:59.60,Gelete Burka,ETH,23.01.86,5,Rieti,28.08.2005
613,3:59.60,Gudaf Tsegay,ETH,23.06.97,1rA,Madrid,22.06.2018
613,3:59.60,Agathe Guillemot,FRA,11.07.99,3,Rabat,31.05.2026
617,3:59.61,Svetlana Karamasheva,RUS,24.05.88,1r2,Moskva,13.06.2012
617,3:59.61,Elise Cranny,USA,09.05.96,6,Bruxelles,02.09.2022
617,3:59.61+,Dominique Hiltz,USA,23.10.94,8,Monaco,21.07.2023
617,3:59.61+,Abbey Caldwell,AUS,03.07.01,9,Monaco,21.07.2023
621,3:59.62,Maricica Puica,ROU,29.07.50,1,Bucuresti,14.06.1986
622,3:59.63,Emily MacKay,USA,30.04.98,6h1,Saint-Denis,06.08.2024
623,3:59.64,Shelby Houlihan,USA,08.02.93,3,Palo Alto,30.06.2019
623,3:59.64,Dominique Hiltz,USA,23.10.94,5,Eugene,25.05.2024
625,3:59.65,Ibtissam Lakhouad,MAR,07.12.80,3,Saint-Denis,06.07.2012
625,3:59.65,Katie Snowden,GBR,09.03.94,8,Budapest,22.08.2023
625,3:59.65,Sarah Healy,IRL,13.02.01,5,Chorzów,25.08.2024
625,3:59.65,Klaudia Kazimierska,POL,03.09.01,11,Chorzów,16.08.2025
625,3:59.65,Gabriela DeBues-Stafford,CAN,13.09.95,11,Tokyo,16.09.2025
630,3:59.66,Yuliya Chizhenko,RUS,30.08.79,6,Rieti,28.08.2005
630,3:59.66,Natalya Yevdokimova,RUS,17.03.78,1,Cheboksary,26.07.2009
632,3:59.67,Anna Bukis,POL,08.09.53,3,Budapest,29.07.1981
632,3:59.67,Violeta Szekely,ROU,26.03.65,3,Roma,14.07.1998
632,3:59.67,Faith Kipyegon,KEN,10.01.94,1,Eugene,27.05.2017
632,3:59.67,Linden Hall,AUS,20.06.91,1r1,Melbourne,01.04.2021
636,3:59.68,Helen Obiri,KEN,13.12.89,2,Roma,31.05.2012
636,3:59.68,Sifan Hassan,NED,01.01.93,2,Roma,04.06.2015
636,3:59.68,Gudaf Tsegay,ETH,23.06.97,4,Bruxelles,31.08.2018
636,3:59.68,Elinor St. Pierre,USA,20.02.95,6,Eugene,28.05.2022
636,3:59.68,Sarah Healy,IRL,13.02.01,8s2,Budapest,20.08.2023
641,3:59.69,Nozomi Tanaka,JPN,04.09.99,12,Roma,30.08.2024
642,3:59.7+,Doina Melinte,ROU,27.12.56,1,Oslo,14.07.1990
642,3:59.70,Zhang Lirong,CHN,03.03.73,6,Beijing,11.09.1993
642,3:59.70,Natalya Gorelova,RUS,18.04.73,2,Monaco,20.07.2001
642,3:59.70,Sofia Ennaoui,POL,30.08.95,2,Chorzów,06.09.2020
642,3:59.70,Nozomi Tanaka,JPN,04.09.99,11s2,Saint-Denis,08.08.2024
642,3:59.70,Birke Haylom,ETH,06.01.06,7,Zürich,28.08.2025
648,3:59.71+,Faith Kipyegon,KEN,10.01.94,1,Oslo,09.06.2016
648,3:59.71,Helen Schlachtenhaufen,USA,14.03.95,8,Eugene,30.06.2024
648,3:59.71,Heather MacLean,USA,31.08.95,4,Roma,06.06.2025
651,3:59.72,Josette Andrews,USA,15.12.95,1,Trabuco Hills,18.07.2021
651,3:59.72,Linden Hall,AUS,20.06.91,3,Zagreb,08.09.2024
653,3:59.73,Linden Hall,AUS,20.06.91,2,Eugene,21.08.2021
653,3:59.73,Beatrice Chepkoech,KEN,06.07.91,4,Westwood,18.05.2024
653,3:59.73,Diribe Welteji,ETH,13.05.02,1h2,Saint-Denis,06.08.2024
653,3:59.73,Susan Ejore-Sanders,KEN,09.11.95,5,Roma,06.06.2025
653,3:59.73,Esther Guerrero,ESP,07.02.90,6,Budapest,12.08.2025
658,3:59.74,Esther Guerrero,ESP,07.02.90,12,Paris,07.07.2024
658,3:59.74,Elinor St. Pierre,USA,20.02.95,3s1,Saint-Denis,08.08.2024
658,3:59.74,Gabija Galvydyte,LTU,17.01.00,11,Shaoxing,16.05.2026
661,3:59.75,Violeta Szekely,ROU,26.03.65,1,Bruxelles,24.08.2001
661,3:59.75,Melissa Courtney-Bryant,GBR,30.08.93,9,Bruxelles,14.09.2024
663,3:59.76,Hind Dehiba,FRA,17.03.79,2,Saint-Denis,16.07.2010
663,3:59.76,Dawit Seyaum,ETH,27.07.96,3,Roma,04.06.2015
663,3:59.76,Emily MacKay,USA,30.04.98,6,Eugene,25.05.2024
666,3:59.77,Natalia Marasescu,ROU,03.10.52,2,Praha,03.09.1978
666,3:59.77A,Nelly Chepchirchir,KEN,04.06.03,1,Nairobi,08.07.2023
668,3:59.78,Yekaterina Podkopayeva,RUS,11.06.52,2,Nice,18.07.1994
669,3:59.79,Lisa Dobriskey,GBR,23.12.83,3,Saint-Denis,16.07.2010
669,3:59.79,Maureen Koster,NED,07.03.92,6,Monaco,17.07.2015
669,3:59.79,Abbey Caldwell,AUS,03.07.01,9s2,Budapest,20.08.2023
672,3:59.8,Raisa Smekhnova,BLR,16.09.50,2,Podolsk,28.06.1976
672,3:59.8,Maricica Puica,ROU,29.07.50,2,Bucuresti,13.07.1979
672,3:59.80,Mary Slaney,USA,04.08.58,1,Köln,28.08.1983
672,3:59.80,Winnie Nanyondo,UGA,23.08.93,7,Tokyo,06.08.2021
676,3:59.81,Wang Yuan,CHN,08.04.76,7,Beijing,11.09.1993
677,3:59.82,Gabriella Dorio,ITA,27.06.57,2,Roma,05.08.1980
677,3:59.82,Anita Weyermann,SUI,08.12.77,2,Zürich,11.08.1999
679,3:59.83,Tatyana Pozdnyakova,UKR,04.03.56,1,Moskva,03.08.1984
679,3:59.83,Svetlana Masterkova,RUS,17.01.68,1,Zürich,12.08.1998
679,3:59.83,Genzebe Dibaba,ETH,08.02.91,1,Barcelona,09.07.2016
679,3:59.83,Jennifer Simpson,USA,23.08.86,7,Rabat,16.06.2019
679,3:59.83,Laura Muir,GBR,09.05.93,4s1,Saint-Denis,08.08.2024
684,3:59.84,Tatyana Pozdnyakova,UKR,04.03.56,2,Leningrad,26.07.1981
684,3:59.84,Ravilya Agletdinova,BLR,10.02.60,1,Kyiv,24.06.1984
684,3:59.84,Mary Slaney,USA,04.08.58,1,Paris,13.07.1985
684,3:59.84,Ravilya Agletdinova,BLR,10.02.60,2,Kyiv,17.07.1986
684,3:59.84,Maryam Yusuf Jamal,BRN,16.09.84,1,Lausanne,02.09.2008
684,3:59.84,Laura Muir,GBR,09.05.93,4,Stockholm,02.06.2024
690,3:59.85,Gudaf Tsegay,ETH,23.06.97,4,Palo Alto,30.06.2019
691,3:59.87,Dawit Seyaum,ETH,27.07.96,3,Shanghai,14.05.2016
691,3:59.87,Ayal Dagnachew,ETH,18.01.02,2rA,Ostrava,31.05.2022
693,3:59.88,Doina Melinte,ROU,27.12.56,1,Oslo,27.06.1985
694,3:59.89,Carla Sacramento,POR,10.12.71,4,Roma,14.07.1998
694,3:59.89,Alesya Turova,BLR,06.12.79,3,Zürich,16.08.2002
694,3:59.89,Gelete Burka,ETH,23.01.86,1,Eugene,07.06.2009
694,3:59.89,Revee Walcott-Nolan,GBR,06.03.95,7,Budapest,12.08.2025
694,3:59.89,Birke Haylom,ETH,06.01.06,1,Ad-Dawhah,19.06.2026
699,3:59.9,Ulrike Bruns,GDR,17.11.53,1,Potsdam,14.07.1976
699,3:59.9,Beate Liebich,GDR,21.02.58,1,Potsdam,05.07.1980
699,3:59.90,Angelika Zauber,GDR,05.11.58,1,Jena,09.08.1981
699,3:59.90,Cornelia Bürki,SUI,03.10.53,4,Roma,05.09.1987
699,3:59.90,Jennifer Simpson,USA,23.08.86,2,Eugene,07.06.2009
699,3:59.90,Sarah Healy,IRL,13.02.01,8,Zürich,28.08.2025
705,3:59.91,Sonia O'Sullivan,IRL,28.11.69,1,Oslo,05.07.1996
705,3:59.91,Winnie Nanyondo,UGA,23.08.93,7,Bruxelles,02.09.2022
707,3:59.92,Jennifer Simpson,USA,23.08.86,1,Zürich,28.08.2014
707,3:59.92,Caster Semenya,RSA,07.01.91,1,Ad-Dawhah,04.05.2018
709,3:59.93,Mary Slaney,USA,04.08.58,1,Los Angeles,25.06.1983
709,3:59.93,Shannon Rowbury,USA,19.09.84,2,Zürich,28.08.2014
709,3:59.93,Winny Chebet,KEN,20.12.90,2,London,20.07.2019
709,3:59.93,Rababe Arafi,MAR,12.01.91,9,Ad-Dawhah,05.10.2019
709,3:59.93,Saron Berhe,ETH,22.08.07,4,Rabat,25.05.2025
714,3:59.94,Violeta Szekely,ROU,26.03.65,1,Zürich,17.08.2001
714,3:59.94,Yelena Zadorozhnaya,RUS,03.12.77,4,Zürich,16.08.2002
716,3:59.95,Zamira Zaytseva,UZB,16.02.53,2,Cottbus,26.06.1982
716,3:59.95,Hayley Tullett,GBR,17.02.73,3,Saint-Denis,31.08.2003
716,3:59.95,Nozomi Tanaka,JPN,04.09.99,8,Tokyo,06.08.2021
716,3:59.95,Klaudia Kazimierska,POL,03.09.01,6,Chorzów,25.08.2024
720,3:59.96,Zola Pieterse,GBR,26.05.66,3,Bruxelles,30.08.1985
720,3:59.96,Besu Sado,ETH,12.01.96,7,Saint-Denis,27.08.2016
720,3:59.96,Gudaf Tsegay,ETH,23.06.97,3,Roma,06.06.2019
720,3:59.96,Salomé Afonso,POR,19.11.97,12s2,Saint-Denis,08.08.2024
724,3:59.97,Svetlana Ulmasova,UZB,04.02.53,1,Zürich,15.08.1979
724,3:59.97,Freweyni Hailu,ETH,12.02.01,7,Eugene,28.05.2022
724,3:59.97,Susan Ejore-Sanders,KEN,09.11.95,7,Chorzów,25.08.2024
727,3:59.98,Christin Wurth-Thomas,USA,11.07.80,2,Roma,10.07.2009
728,3:59.99,Maryam Yusuf Jamal,BRN,16.09.84,1,Saint-Denis,18.07.2008
728,3:59.99,Emily MacKay,USA,30.04.98,1,Marseille,17.07.2023
728,3:59.99,Klaudia Kazimierska,POL,03.09.01,1,Bydgoszcz,29.05.2026
731,4:00.00,Hassiba Boulmerka,ALG,10.07.68,2,Zürich,07.08.1991
731,4:00.00,Marta Zenoni,ITA,09.03.99,8,Bruxelles,22.08.2025
731,4:00.00,Linden Hall,AUS,20.06.91,8,Paris,28.06.2026
734,4:00.01+,Jennifer Simpson,USA,23.08.86,4,London,22.07.2018
735,4:00.02,Karissa Schweizer,USA,04.05.96,1,Portland,21.07.2020
736,4:00.04,Mary Slaney,USA,04.08.58,1,Budapest,11.08.1980
736,4:00.04,Iryna Lishchynska,UKR,15.01.76,3,Athínai,03.07.2006
736,4:00.04,Katie Snowden,GBR,09.03.94,2,Westwood,27.05.2023
739,4:00.05,Lu Yi,CHN,10.04.74,8,Beijing,11.09.1993
740,4:00.06,Hildegard Körner,GDR,20.12.59,1,Potsdam,22.08.1987
740,4:00.06,Sonia O'Sullivan,IRL,28.11.69,1,Oslo,22.07.1994
740,4:00.06,Morgan Uceny,USA,10.03.85,1,Bruxelles,16.09.2011
740,4:00.06,Hirut Meshesha,ETH,20.01.01,8,Budapest,12.08.2025
744,4:00.07,Andrea Hahmann,GER,03.06.66,2,Potsdam,22.08.1987
744,4:00.07,Yekaterina Rozenberg,RUS,23.01.80,2,Zürich,15.08.2003
744,4:00.07,Laura Muir,GBR,09.05.93,6,Saint-Denis,05.07.2014
744,4:00.07,Josette Andrews,USA,15.12.95,3,Eugene,21.08.2021
748,4:00.08,Carla Sacramento,POR,10.12.71,2,Bruxelles,28.08.1998
748,4:00.08,Mimi Belete,BRN,09.06.88,7,Saint-Denis,05.07.2014
748,4:00.08,Besu Sado,ETH,12.01.96,4,Shanghai,14.05.2016
748,4:00.08,Emily MacKay,USA,30.04.98,5,Westwood,18.05.2024
752,4:00.09,Yuliya Chizhenko,RUS,30.08.79,2,Kazan,25.06.2005
752,4:00.09,Yevgeniya Soboleva,RUS,26.01.88,1,Cheboksary,06.07.2012
752,4:00.09,Winnie Nanyondo,UGA,23.08.93,5,Palo Alto,30.06.2019
752,4:00.09,Laura Weightman,GBR,07.01.91,2,Berlin,13.09.2020
756,4:00.10,Josette Andrews,USA,15.12.95,1rA,Eagle Rock,12.07.2025
757,4:00.11,Yekaterina Guliyeva,RUS,01.03.91,1,Zhukovskiy,17.06.2012
757,4:00.11+,Gudaf Tsegay,ETH,23.06.97,2,Monaco,12.07.2019
759,4:00.12,Fita Lovin,ROU,14.01.51,1,Bucuresti,04.06.1983
759,4:00.12,Yelena Zadorozhnaya,RUS,03.12.77,2,Bruxelles,05.09.2003
759,4:00.12,Marta Pérez,ESP,19.04.93,9,Tokyo,06.08.2021
759,4:00.12,Klaudia Kazimierska,POL,03.09.01,10,Saint-Denis,10.08.2024
763,4:00.13,Nancy Jebet Langat,KEN,22.08.81,3,Lausanne,08.07.2010
763,4:00.13,Abeba Aregawi,SWE,05.07.90,1,New York City,14.06.2014
763,4:00.13,Esther Guerrero,ESP,07.02.90,10s2,Budapest,20.08.2023
766,4:00.14,Paula Ivan,ROU,20.07.63,1,Nice,10.07.1988
766,4:00.14,Likina Amebaw,ETH,30.11.97,9,Budapest,12.08.2025
768,4:00.15,Totka Petrova,BUL,17.12.56,3,Praha,03.09.1978
768,4:00.15,Anna Jakubczak,POL,02.02.73,7,Athínai,28.08.2004
768,4:00.15,Ciara Mageean,IRL,12.03.92,10,Ad-Dawhah,05.10.2019
771,4:00.16,Georgia Griffith,AUS,05.12.96,4,Rabat,05.06.2022
772,4:00.17,Laura Weightman,GBR,07.01.91,8,Saint-Denis,05.07.2014
772,4:00.17,Axumawit Embaye,ETH,18.10.94,2,Nanjing,21.05.2019
772,4:00.17,Hirut Meshesha,ETH,20.01.01,6,Westwood,18.05.2024
775,4:00.18,Valentina Ilyinykh,RUS,12.12.56,4,Praha,03.09.1978
775,4:00.18,Irina Lebedinskaya,RUS,16.06.61,5,Podolsk,22.08.1982
775,4:00.18,Ruth Wysocki,USA,08.03.57,1,Los Angeles,24.06.1984
775,4:00.18,Gudaf Tsegay,ETH,23.06.97,3,Eugene,28.05.2016
775,4:00.18,Winny Chebet,KEN,20.12.90,3,Bruxelles,01.09.2017
775,4:00.18,Nelly Chepchirchir,KEN,04.06.03,1,Székesfehérvár,18.07.2023
775,4:00.18,Susan Ejore-Sanders,KEN,09.11.95,9,Bruxelles,22.08.2025
782,4:00.19,Galina Zakharova,RUS,07.09.56,2,Moskva,03.08.1984
782,4:00.19,Worknesh Mesele,ETH,10.06.01,10,Bruxelles,14.09.2024
784,4:00.20,Ulrike Bruns,GDR,17.11.53,3,Potsdam,22.08.1987
784,4:00.20,Liu Li,CHN,12.03.71,5,Barcelona,08.08.1992
784,4:00.20,Nuria Fernández,ESP,16.08.76,1,Barcelona,01.08.2010
784,4:00.20,Heather MacLean,USA,31.08.95,11,Eugene,05.07.2025
788,4:00.21,Klaudia Kazimierska,POL,03.09.01,5s1,Saint-Denis,08.08.2024
789,4:00.22A,Susan Ejore-Sanders,KEN,09.11.95,3,Nairobi,15.06.2024
790,4:00.23,Nancy Jebet Langat,KEN,22.08.81,1,Beijing,23.08.2008
790,4:00.23,Abeba Aregawi,SWE,05.07.90,1,Roma,06.06.2013
790,4:00.23,Sifan Hassan,NED,01.01.93,1s2,Tokyo,04.08.2021
790,4:00.23,Sophie O'Sullivan,IRL,23.12.01,7h1,Saint-Denis,06.08.2024
794,4:00.24,Paula Ivan,ROU,20.07.63,1,Berlin,26.08.1988
794,4:00.24,Laimute Baikauskaite,LTU,10.06.56,2,Seoul,01.10.1988
794,4:00.24,Katie Snowden,GBR,09.03.94,7,Eugene,25.05.2024
797,4:00.25,Galina Zakharova,RUS,07.09.56,6,Podolsk,22.08.1982
797,4:00.25,Mimi Belete,BRN,09.06.88,2,Rieti,29.08.2010
797,4:00.25,Winnie Nanyondo,UGA,23.08.93,8,Eugene,28.05.2022
800,4:00.26,Alla Yushina,RUS,20.08.58,3,Leningrad,26.07.1981
800,4:00.26,Paula Ivan,ROU,20.07.63,1,Zürich,16.08.1989
800,4:00.26,Gabriela DeBues-Stafford,CAN,13.09.95,3,London,20.07.2019
803,4:00.27,Lynn Williams,CAN,11.07.60,4,Bruxelles,30.08.1985
804,4:00.28,Tatyana Tomashova,RUS,01.07.75,2,Monaco,09.09.2005
804,4:00.28,Rababe Arafi,MAR,12.01.91,3,Stockholm,10.06.2018
806,4:00.29,Freweyni Hailu,ETH,12.02.01,3,Ad-Dawhah,05.05.2023
806,4:00.29,Georgia Hunter Bell,GBR,17.10.93,2h2,Saint-Denis,06.08.2024
806,4:00.29,Gracie Morris,USA,17.12.01,12,Shaoxing,16.05.2026
809,4:00.3,Lyudmila Shesterova,UKR,12.10.56,7,Moskva,06.07.1980
809,4:00.3,Yekaterina Podkopayeva,RUS,11.06.52,1,Krasnodar,30.05.1983
809,4:00.30,Tatyana Kazankina,RUS,17.12.51,1,College Park,06.08.1976
809,4:00.30,Gabriella Dorio,ITA,27.06.57,4,Moskva,01.08.1980
809,4:00.30,Tatyana Dorovskikh,UKR,12.08.61,3,Seoul,01.10.1988
809,4:00.30,Sifan Hassan,NED,01.01.93,1,Birmingham,07.06.2015
815,4:00.31,Christiane Wartenberg,GDR,27.10.56,3h1,Moskva,30.07.1980
815,4:00.31,Águeda Marqués,ESP,19.03.99,11,Saint-Denis,10.08.2024
817,4:00.32,Carla Sacramento,POR,10.12.71,2,Bruxelles,24.08.2001
817,4:00.32,Yuliya Chizhenko,RUS,30.08.79,1,Monaco,20.08.2006
817,4:00.32,Lemlem Hailu,ETH,25.05.01,1rA,Castellón,16.06.2022
817,4:00.32,Saron Berhe,ETH,22.08.07,6,Xiamen,23.05.2026
821,4:00.33,Mary Slaney,USA,04.08.58,1,Nice,17.08.1980
821,4:00.33,Shannon Rowbury,USA,19.09.84,2,Saint-Denis,18.07.2008
821,4:00.33,Maryam Yusuf Jamal,BRN,16.09.84,1,Hengelo,29.05.2011
821,4:00.33+,Jessica Hull,AUS,22.10.96,2,Oslo,15.06.2023
825,4:00.34,Qu Yunxia,CHN,25.12.72,1,Beijing,05.06.1994
825,4:00.34,Wang Ai,CHN,01.06.76,6h1,Shanghai,17.10.1997
825,4:00.34,Jennifer Simpson,USA,23.08.86,4,Stockholm,10.06.2018
825,4:00.34,Cory Ann McGee,USA,29.05.92,9,Eugene,28.05.2022
825,4:00.34,Nozomi Tanaka,JPN,04.09.99,8,Chorzów,25.08.2024
825,4:00.34,Faith Kipyegon,KEN,10.01.94,1s1,Tokyo,14.09.2025
831,4:00.35,Regina Jacobs,USA,28.08.63,2,Sevilla,29.08.1999
831,4:00.35,Carla Sacramento,POR,10.12.71,1,Bruxelles,25.08.2000
831,4:00.35,Tatyana Tomashova,RUS,01.07.75,1,Helsinki,14.08.2005
831,4:00.35,Liliana Popescu,ROU,05.02.82,1r1,Bucuresti,24.05.2008
831,4:00.35+,Laura Muir,GBR,09.05.93,1,London,09.07.2017
831,4:00.35,Lemlem Hailu,ETH,25.05.01,3,Hengelo,08.06.2021
837,4:00.36,Yelena Soboleva,RUS,03.10.82,4,Göteborg,13.08.2006
837,4:00.36,Gudaf Tsegay,ETH,23.06.97,4,Bruxelles,01.09.2017
839,4:00.37,Lidia Chojecka,POL,25.01.77,1,Zürich,11.08.2000
840,4:00.38,Maricica Puica,ROU,29.07.50,1,Stockholm,01.07.1986
840,4:00.38,Suzy Favor Hamilton,USA,08.08.68,3,Monaco,20.07.2001
840,4:00.38,Jennifer Simpson,USA,23.08.86,1rA,Stockholm,21.08.2014
843,4:00.39,Laura Muir,GBR,09.05.93,1,Oslo,11.06.2015
844,4:00.40,Mary Slaney,USA,04.08.58,2,Los Angeles,24.06.1984
844,4:00.40,Winnie Nanyondo,UGA,23.08.93,4,London,20.07.2019
844,4:00.40,Agathe Guillemot,FRA,11.07.99,9,Zürich,28.08.2025
844,4:00.40,Patrícia Silva,POR,09.12.99,4,Rabat,31.05.2026
848,4:00.41,Josette Andrews,USA,15.12.95,3,Zürich,09.09.2021
848,4:00.41,Linden Hall,AUS,20.06.91,10,Bruxelles,08.09.2023
848,4:00.41,Georgia Hunter Bell,GBR,17.10.93,8,Eugene,25.05.2024
848,4:00.41,Sarah Billings,AUS,07.03.98,9,Chorzów,25.08.2024
848,4:00.41,Revee Walcott-Nolan,GBR,06.03.95,10,Chorzów,25.08.2024
848,4:00.41,Gabija Galvydyte,LTU,17.01.00,7,Xiamen,23.05.2026
854,4:00.42,Lyudmila Medvedyeva,RUS,18.01.57,2,Baku,14.09.1984
854,4:00.42,Jennifer Simpson,USA,23.08.86,2,Shanghai,18.05.2014
854,4:00.42,Jessica Hull,AUS,22.10.96,3,Berlin,13.09.2020
854,4:00.42,Freweyni Hailu,ETH,12.02.01,1,Ad-Dawhah,10.05.2024
854,4:00.42,Dominique Hiltz,USA,23.10.94,3h2,Saint-Denis,06.08.2024
859,4:00.43,Maryam Yusuf Jamal,BRN,16.09.84,1,Monaco,25.07.2007
859,4:00.43,Konstanze Klosterhalfen,GER,18.02.97,5,London,20.07.2019
859,4:00.43,Sinclaire Johnson,USA,13.04.98,9,Eugene,25.05.2024
859,4:00.43,Revee Walcott-Nolan,GBR,06.03.95,3,Bydgoszcz,20.06.2024
863,4:00.44,Gelete Burka,ETH,23.01.86,1r2,Eugene,08.06.2008
863,4:00.44+,Helen Obiri,KEN,13.12.89,2,London,09.07.2017
863,4:00.44,Caster Semenya,RSA,07.01.91,6,Lausanne,05.07.2018
863,4:00.44,Faith Kipyegon,KEN,10.01.94,1,Zürich,08.09.2022
863,4:00.44,Habitam Alemu,ETH,09.07.97,10,Eugene,25.05.2024
868,4:00.45,Melissa Courtney-Bryant,GBR,30.08.93,1,Tomblaine,18.06.2023
868,4:00.45,Sarah Billings,AUS,07.03.98,4,Bydgoszcz,20.06.2024
870,4:00.46,Regina Jacobs,USA,28.08.63,2,Indianapolis,23.07.1988
870,4:00.46,Sonia O'Sullivan,IRL,28.11.69,1,Stockholm,12.07.1994
870,4:00.46,Viola Kibiwott,KEN,22.12.85,3,Zürich,28.08.2014
870,4:00.46,Helen Obiri,KEN,13.12.89,2,Eugene,27.05.2017
870,4:00.46,Gabriela DeBues-Stafford,CAN,13.09.95,8,Rabat,16.06.2019
870,4:00.46,Sarah McDonald,GBR,02.08.93,6,London,20.07.2019
870,4:00.46,Gabriela DeBues-Stafford,CAN,13.09.95,4,Firenze,10.06.2021
870,4:00.46,Saron Berhe,ETH,22.08.07,11,Bruxelles,08.09.2023
870,4:00.46,Agathe Guillemot,FRA,11.07.99,4,Roma,04.06.2026
879,4:00.47,Kutre Dulecha,ETH,22.08.78,3,Bruxelles,28.08.1998
879,4:00.47,Yelena Soboleva,RUS,03.10.82,1,Tula,15.06.2006
879,4:00.47,Laura Muir,GBR,09.05.93,3,Eugene,27.05.2017
879,4:00.47,Salomé Afonso,POR,19.11.97,12,Tokyo,16.09.2025
883,4:00.48,Gelete Burka,ETH,23.01.86,1,Eugene,10.06.2007
883,4:00.48,Jennifer Simpson,USA,23.08.86,1,Monaco,19.07.2013
885,4:00.49,Hind Dehiba,FRA,17.03.79,7,Rieti,28.08.2005
885,4:00.49,Meraf Bahta,SWE,24.06.89,5,Bruxelles,01.09.2017
887,4:00.5,Giana Romanova,RUS,10.03.55,2,Moskva,29.07.1979
887,4:00.50,Zamira Zaytseva,UZB,16.02.53,1,Moskva,20.07.1984
887,4:00.50,Liu Dong,CHN,24.12.73,1,Stuttgart,22.08.1993
887,4:00.50,Latifa Essarokh,FRA,11.12.73,2,Lausanne,11.07.2006
891,4:00.51+,Mary Slaney,USA,04.08.58,1,Zürich,21.08.1985
891,4:00.51,Hirut Meshesha,ETH,20.01.01,4,Monaco,10.08.2022
893,4:00.52,Dawit Seyaum,ETH,27.07.96,2,Shanghai,13.05.2017
894,4:00.53,Svetlana Popova,UKR,03.02.59,6r1,Kyiv,27.07.1982
894,4:00.53,Gabriela Szabo,ROU,14.11.75,2,Zürich,12.08.1998
894,4:00.53,Natalya Gorelova,RUS,18.04.73,2,Zürich,17.08.2001
894,4:00.53,Kristina Ugarova,RUS,22.10.87,2r2,Moskva,13.06.2012
894,4:00.53+,Laura Muir,GBR,09.05.93,2,Oslo,09.06.2016
894,4:00.53,Sifan Hassan,NED,01.01.93,3,Nanjing,21.05.2019
894,4:00.53,Marta Pérez,ESP,19.04.93,12,Bruxelles,08.09.2023
901,4:00.54,Dominique Hiltz,USA,23.10.94,2,Philadelphia,31.05.2025
901,4:00.54,Heather MacLean,USA,31.08.95,10,Bruxelles,22.08.2025
903,4:00.55,Grete Waitz,NOR,01.10.53,5,Praha,03.09.1978
903,4:00.55+,Maricica Puica,ROU,29.07.50,2,Zürich,21.08.1985
903,4:00.55,Linden Hall,AUS,20.06.91,8,Xiamen,23.05.2026
906,4:00.56,Yekaterina Podkopayeva,RUS,11.06.52,2,Kyiv,24.06.1984
907,4:00.57,Nadezhda Ralldugina,RUS,15.11.57,3,Kyiv,24.06.1984
907,4:00.57,Christina Cahill,GBR,25.03.57,1,Gateshead,06.07.1984
907,4:00.57,Gabriela Szabo,ROU,14.11.75,1,Edmonton,07.08.2001
907,4:00.57,Águeda Marqués,ESP,19.03.99,6,Roma,06.06.2025
911,4:00.58,Grete Waitz,NOR,01.10.53,2,Zürich,15.08.1979
911,4:00.58,Yekaterina Rozenberg,RUS,23.01.80,3,Bruxelles,05.09.2003
911,4:00.58,Linden Hall,AUS,20.06.91,2rA,Castellón,16.06.2022
914,4:00.59,Maite Zúñiga,ESP,28.12.64,6,Barcelona,08.08.1992
914,4:00.59,Yekaterina Rozenberg,RUS,23.01.80,4,Saint-Denis,31.08.2003
914,4:00.59,Anna Jakubczak,POL,02.02.73,8,Rieti,28.08.2005
914,4:00.59,Maryam Yusuf Jamal,BRN,16.09.84,1,Monaco,22.07.2011
914,4:00.59,Meraf Bahta,SWE,24.06.89,4,Roma,08.06.2017
919,4:00.6,Tamara Sorokina,RUS,15.08.50,2r1,Sochi,23.05.1980
919,4:00.6,Andrea Hahmann,GER,03.06.66,1,Berlin,12.08.1987
919,4:00.60,Zahra Ouaziz,MAR,20.12.69,1,Stuttgart,19.07.1998
919,4:00.60,Carla Sacramento,POR,10.12.71,3,Zürich,12.08.1998
919,4:00.60,Kutre Dulecha,ETH,22.08.78,4,Oslo,28.07.2000
919,4:00.60,Natalya Yevdokimova,RUS,17.03.78,3,Monaco,09.09.2005
919,4:00.60,Winny Chebet,KEN,20.12.90,5,Eugene,26.05.2018
919,4:00.60,Sifan Hassan,NED,01.01.93,1,Birmingham,18.08.2018
927,4:00.61,Laura Muir,GBR,09.05.93,4,Roma,04.06.2015
927,4:00.61+,Cory Ann McGee,USA,29.05.92,3,Oslo,15.06.2023
929,4:00.62,Ulrike Bruns,GDR,17.11.53,5,Moskva,01.08.1980
929,4:00.62,Maria Radu,ROU,25.05.59,2,Bucuresti,04.06.1983
929,4:00.62,Natalya Boborova,RUS,12.02.59,2,Moskva,20.07.1984
929,4:00.62,Soukaina Hajji,MAR,04.02.97,9,Paris,28.06.2026
933,4:00.63,Natalya Boborova,RUS,12.02.59,3,Moskva,03.08.1984
933,4:00.63,Andrea Hahmann,GER,03.06.66,5,Roma,05.09.1987
933,4:00.63,Yelena Zadorozhnaya,RUS,03.12.77,1,Paris,14.09.2002
933,4:00.63,Olga Yegorova,RUS,28.03.72,2r3,Tula,13.07.2005
933,4:00.63+,Laura Weightman,GBR,07.01.91,3,Monaco,12.07.2019
933,4:00.63,Winnie Nanyondo,UGA,23.08.93,11,Ad-Dawhah,05.10.2019
939,4:00.64,Christina Cahill,GBR,25.03.57,4,Seoul,01.10.1988
939,4:00.64,Laura Muir,GBR,09.05.93,5,Stockholm,02.06.2024
941,4:00.65,Zhang Lirong,CHN,03.03.73,2h1,Beijing,10.09.1993
941,4:00.65,Daniela Yordanova,BUL,08.03.76,5,Zürich,16.08.2002
941,4:00.65,Besu Sado,ETH,12.01.96,7,Monaco,17.07.2015
941,4:00.65,Dorcus Ewoi,KEN,02.10.96,2s1,Tokyo,14.09.2025
945,4:00.66,Laimute Baikauskaite,LTU,10.06.56,1,Kyiv,02.08.1988
945,4:00.66,Jackline Maranga,KEN,16.12.77,5,Roma,14.07.1998
945,4:00.66,Dawit Seyaum,ETH,27.07.96,2,New York City,14.06.2014
948,4:00.67+,Natalya Artyomova,RUS,05.01.63,1,Barcelona,20.09.1991
948,4:00.67,Natalya Gorelova,RUS,18.04.73,3,Bruxelles,24.08.2001
948,4:00.67,Elvan Abeylegesse,TUR,11.09.82,8,Athínai,28.08.2004
948,4:00.67,Latifa Essarokh,FRA,11.12.73,3,Saint-Denis,08.07.2006
948,4:00.67,Maryam Yusuf Jamal,BRN,16.09.84,1,Athínai,13.07.2008
948,4:00.67,Gelete Burka,ETH,23.01.86,1,Lausanne,07.07.2009
948,4:00.67,Sifan Hassan,NED,01.01.93,1,Glasgow,11.07.2014
948,4:00.67,Cory McGee,USA,29.05.92,2,Eugene,21.06.2021
948,4:00.67,Sinclaire Johnson,USA,13.04.98,7,Westwood,18.05.2024
957,4:00.68,Natalya Artyomova,RUS,05.01.63,3,Rieti,02.09.1984
957,4:00.68,Gelete Burka,ETH,23.01.86,1,Saint-Denis,06.07.2007
957,4:00.68+,Laura Muir,GBR,09.05.93,5,London,22.07.2018
957,4:00.68,Diribe Welteji,ETH,13.05.02,1,Stockholm,04.07.2021
957,4:00.68,Birke Haylom,ETH,06.01.06,1rA,Stockholm,07.06.2026
962,4:00.69,Iryna Lishchynska,UKR,15.01.76,2,Osaka,02.09.2007
962,4:00.69,Gabriela DeBues-Stafford,CAN,13.09.95,2rA,Walnut,09.05.2021
962,4:00.69,Sintayehu Vissa,ITA,29.07.96,8h1,Saint-Denis,06.08.2024
962,4:00.69,Helen Schlachtenhaufen,USA,14.03.95,3,Rovereto,02.06.2025
962,4:00.69,Netsanet Desta,ETH,26.10.00,12,Paris,20.06.2025
967,4:00.7,Tamara Sorokina,RUS,15.08.50,2,Krasnodar,30.05.1983
967,4:00.7+,Maryam Yusuf Jamal,BRN,16.09.84,1,Bruxelles,14.09.2007
967,4:00.70,Nancy Jebet Langat,KEN,22.08.81,1,Stockholm,06.08.2010
967,4:00.70,Jennifer Simpson,USA,23.08.86,6,Bruxelles,01.09.2017
967,4:00.70,Cory McGee,USA,29.05.92,5,Monaco,10.08.2022
972,4:00.71,Laura Weightman,GBR,07.01.91,7,Bruxelles,01.09.2017
972,4:00.71,Caster Semenya,RSA,07.01.91,1,Gold Coast,10.04.2018
972,4:00.71,Linden Hall,AUS,20.06.91,10,Xiamen,20.04.2024
972,4:00.71,Gabija Galvydyte,LTU,17.01.00,1,Cork,11.07.2025
972,4:00.71,Marta Zenoni,ITA,09.03.99,10,Zürich,28.08.2025
977,4:00.72,Sifan Hassan,NED,01.01.93,4,Zürich,28.08.2014
977,4:00.72,Winnie Nanyondo,UGA,23.08.93,4,Eugene,21.08.2021
979,4:00.73,Kirsty Wade,GBR,06.08.62,1,Gateshead,26.07.1987
979,4:00.73,Doina Melinte,ROU,27.12.56,1,Bucuresti,24.06.1992
979,4:00.73,Gabriela Szabo,ROU,14.11.75,1,Eugene,24.06.2000
979,4:00.73,Shannon Osika,USA,15.06.93,3rA,Walnut,09.05.2021
979,4:00.73,Jessica Hull,AUS,22.10.96,2,Trabuco Hills,18.07.2021
979,4:00.73,Laura Muir,GBR,09.05.93,2s2,Tokyo,04.08.2021
985,4:00.74,Faith Kipyegon,KEN,10.01.94,4h2,Saint-Denis,06.08.2024
986,4:00.75,Natalya Artyomova,RUS,05.01.63,1,Lausanne,10.07.1991
986,4:00.75,Karissa Schweizer,USA,04.05.96,1,Portland,11.06.2022
988,4:00.76,Alesya Turova,BLR,06.12.79,2,Bruxelles,30.08.2002
988,4:00.76,Viola Kibiwott,KEN,22.12.85,4,Ad-Dawhah,10.05.2013
990,4:00.77,Mariem Alaoui Selsouli,MAR,08.04.84,2,Bruxelles,16.09.2011
990,4:00.77,Josette Andrews,USA,15.12.95,3,Westwood,27.05.2023
990,4:00.77,Sinclaire Johnson,USA,13.04.98,1,Portland,24.06.2023
990,4:00.77,Laura Muir,GBR,09.05.93,6,Stockholm,02.06.2024
990,4:00.77,Laura Muir,GBR,09.05.93,5,Rabat,31.05.2026
995,4:00.78,Ulrike Bruns,GDR,17.11.53,5,Athínai,11.09.1982
995,4:00.78,Revee Walcott-Nolan,GBR,06.03.95,9,Xiamen,23.05.2026
997,4:00.79,Yekaterina Podkopayeva,RUS,11.06.52,1,Leningrad,26.07.1983
997,4:00.79+,Zola Pieterse,GBR,26.05.66,3,Zürich,21.08.1985
997,4:00.79,Suzy Favor Hamilton,USA,08.08.68,2,Eugene,24.06.2000
1000,4:00.8,Olga Dvirna,RUS,11.02.53,1,Kaunas,12.08.1979
1000,4:00.8,Lyubov Smolka,UKR,29.11.52,3r1,Sochi,23.05.1980
1000,4:00.8,Yekaterina Podkopayeva,RUS,11.06.52,1,Moskva,12.07.1980
1000,4:00.80,Tamara Sorokina,RUS,15.08.50,1,Rieti,09.09.1981
1000,4:00.80,Violeta Szekely,ROU,26.03.65,1,Berlin,31.08.2001
1005,4:00.81,Jackline Maranga,KEN,16.12.77,1,Bratislava,09.06.1998
1005,4:00.81,Natalya Pantelyeva,RUS,18.08.83,2,Tula,15.06.2006
1005,4:00.81,Shannon Rowbury,USA,19.09.84,4,Zürich,28.08.2009
1005,4:00.81,Winnie Nanyondo,UGA,23.08.93,6,Monaco,10.08.2022
1009,4:00.82,Daniela Yordanova,BUL,08.03.76,3,Osaka,02.09.2007
1010,4:00.83,Zamira Zaytseva,UZB,16.02.53,1,Leningrad,11.07.1981
1010,4:00.83,Doina Melinte,ROU,27.12.56,1,Frankfurt,30.06.1991
1010,4:00.83,Svetlana Masterkova,RUS,17.01.68,1,Atlanta,03.08.1996
1010,4:00.83,Lucia Stafford,CAN,17.08.98,6,Rabat,31.05.2026
1014,4:00.84,Maryam Yusuf Jamal,BRN,16.09.84,1,Athínai,17.09.2006
1014,4:00.84,Winnie Nanyondo,UGA,23.08.93,5,Firenze,10.06.2021
1014,4:00.84,Netsanet Desta,ETH,26.10.00,3rA,Ostrava,31.05.2022
1014,4:00.84,Dominique Hiltz,USA,23.10.94,11s2,Budapest,20.08.2023
1014,4:00.84,Worknesh Mesele,ETH,10.06.01,5,Xiamen,02.09.2023
1014,4:00.84,Jessica Hull,AUS,22.10.96,2,Ad-Dawhah,10.05.2024
1020,4:00.85,Doina Melinte,ROU,27.12.56,2,Bruxelles,19.08.1988
1020,4:00.85,Genzebe Dibaba,ETH,08.02.91,3,Roma,31.05.2012
1020,4:00.85,Georgia Hunter Bell,GBR,17.10.93,3,Philadelphia,31.05.2025
1023,4:00.86,Lynn Williams,CAN,11.07.60,5,Seoul,01.10.1988
1023,4:00.86,Kutre Dulecha,ETH,22.08.78,6,Roma,14.07.1998
1023,4:00.86,Oksana Zbrozhek,RUS,12.01.78,2,Cheboksary,26.07.2009
1023,4:00.86,Linden Hall,AUS,20.06.91,6,Eugene,26.05.2018
1023,4:00.86,Genzebe Dibaba,ETH,08.02.91,4,Zürich,29.08.2019
1023,4:00.86,Saron Berhe,ETH,22.08.07,6,Xiamen,02.09.2023
1023,4:00.86,Patrícia Silva,POR,09.12.99,5,Roma,04.06.2026
1030,4:00.87,Mary Slaney,USA,04.08.58,1,Philadelphia,17.07.1980
1030,4:00.87,Sifan Hassan,NED,01.01.93,2,London,22.07.2016
1030,4:00.87,Nelly Chepchirchir,KEN,04.06.03,1h3,Budapest,19.08.2023
1033,4:00.88,Anita Weyermann,SUI,08.12.77,7,Roma,14.07.1998
1034,4:00.89,Doina Melinte,ROU,27.12.56,2,Zürich,16.08.1989
1034,4:00.89,Yekaterina Podkopayeva,RUS,11.06.52,1,Monaco,02.08.1994
1034,4:00.89,Katie Snowden,GBR,09.03.94,8,Westwood,18.05.2024
1037,4:00.90,Mary Slaney,USA,04.08.58,1,Helsinki,14.08.1983
1037,4:00.90,Jessica Hull,AUS,22.10.96,4,Ad-Dawhah,05.05.2023
1039,4:00.91,Yelena Romanova,RUS,20.03.63,1,Monaco,11.08.1992
1039,4:00.91,Tatyana Tomashova,RUS,01.07.75,3,Zürich,15.08.2003
1039,4:00.91,Tigist Ketema,ETH,15.09.98,4,Hengelo,08.06.2021
1039,4:00.91,Katie Snowden,GBR,09.03.94,10,Paris,28.06.2026
1043,4:00.92,Kutre Dulecha,ETH,22.08.78,2,Zürich,11.08.2000
1043,4:00.92,Violeta Szekely,ROU,26.03.65,1,Roma,29.06.2001
1043,4:00.92,Sinclaire Johnson,USA,13.04.98,13,Tokyo,16.09.2025
1046,4:00.93,Sarah Jamieson,AUS,24.03.75,2,Stockholm,25.07.2006
1046,4:00.93,Helen Obiri,KEN,13.12.89,2,Monaco,19.07.2013
1046,4:00.93,Shannon Osika,USA,15.06.93,2,Stockholm,04.07.2021
1046,4:00.93,Hirut Meshesha,ETH,20.01.01,3,Chorzów,06.08.2022
1050,4:00.94,Carla Sacramento,POR,10.12.71,3,Zürich,17.08.2001
1050,4:00.94,Brenda Martinez,USA,08.09.87,3,Monaco,19.07.2013
1050,4:00.94,Abeba Aregawi,SWE,05.07.90,2,Glasgow,11.07.2014
1050,4:00.94,Faith Kipyegon,KEN,10.01.94,2,Oslo,11.06.2015
1054,4:00.95,Mariem Alaoui Selsouli,MAR,08.04.84,3,Monaco,28.07.2009
1054,4:00.95+,Axumawit Embaye,ETH,18.10.94,4,Monaco,12.07.2019
1054,4:00.95,Ciara Mageean,IRL,12.03.92,4,Firenze,02.06.2023
1057,4:00.96,Irina Lebedinskaya,RUS,16.06.61,7r1,Kyiv,27.07.1982
1057,4:00.96,Andrea Hahmann,GER,03.06.66,6,Seoul,01.10.1988
1057,4:00.96,Zhang Lirong,CHN,03.03.73,2h,Jinan,02.06.1993
1057,4:00.96,Kutre Dulecha,ETH,22.08.78,3,Sevilla,29.08.1999
1057,4:00.96,Dawit Seyaum,ETH,27.07.96,1,Ad-Dawhah,15.05.2015
1057,4:00.96,Gudaf Tsegay,ETH,23.06.97,1rA,Ostrava,28.06.2017
1057,4:00.96,Georgia Griffith,AUS,05.12.96,7,Monaco,10.08.2022
1064,4:00.97,Kalkidan Gezahegne,ETH,08.05.91,2,Hengelo,29.05.2011
1064,4:00.97,Eilish McColgan,GBR,25.11.90,9,Rabat,16.06.2019
1064,4:00.97,Katie Snowden,GBR,09.03.94,2,Los Angeles,14.06.2026
1067,4:00.98,Violeta Szekely,ROU,26.03.65,4,Sevilla,29.08.1999
1067,4:00.98,Tatyana Tomashova,RUS,01.07.75,4,Saint-Denis,08.07.2006
1067,4:00.98,Jennifer Simpson,USA,23.08.86,1,Eugene,30.05.2015
1067,4:00.98,Besu Sado,ETH,12.01.96,2,Hengelo,11.06.2017
1067,4:00.98,Axumawit Embaye,ETH,18.10.94,5,Firenze,02.06.2023
1072,4:00.99,Natalya Boborova,RUS,12.02.59,4,Leningrad,26.07.1981
1072,4:00.99,Violeta Szekely,ROU,26.03.65,2,Bruxelles,25.08.2000
1072,4:00.99,Nelly Jepkosgei,BRN,14.07.91,2,Ad-Dawhah,04.05.2018
1072,4:00.99,Jennifer Simpson,USA,23.08.86,1s2,Ad-Dawhah,03.10.2019
1076,4:01.0,Lyubov Smolka,UKR,29.11.52,4,Moskva,12.06.1980
1076,4:01.00,Kutre Dulecha,ETH,22.08.78,4,Zürich,12.08.1998
1076,4:01.00,Olga Yegorova,RUS,28.03.72,1,Roma,11.07.2003
1076,4:01.00,Genzebe Dibaba,ETH,08.02.91,2rA,Stockholm,21.08.2014
1076,4:01.00,Sofia Ennaoui,POL,30.08.95,8,Saint-Denis,27.08.2016
1076,4:01.00,Elinor St. Pierre,USA,20.02.95,6s1,Tokyo,04.08.2021
1082,4:01.01,Natalya Artyomova,RUS,05.01.63,2,Frankfurt,30.06.1991
1082,4:01.01,Regina Jacobs,USA,28.08.63,1,Sacramento,16.07.2000
1082,4:01.01,Alesya Turova,BLR,06.12.79,1,Monaco,19.07.2002
1082,4:01.01,Christin Wurth-Thomas,USA,11.07.80,5,Zürich,28.08.2009
1082,4:01.01,Nancy Jebet Langat,KEN,22.08.81,1,Zürich,19.08.2010
1082,4:01.01,Laura Muir,GBR,09.05.93,7,Stockholm,02.06.2024
1088,4:01.02,Svetlana Kitova,TJK,25.06.60,2,Kyiv,02.08.1988
1088,4:01.02,Regina Jacobs,USA,28.08.63,2,Monaco,19.07.2002
1090,4:01.03,Paula Ivan,ROU,20.07.63,1,Bucuresti,23.05.1987
1090,4:01.03,Abeba Aregawi,ETH,05.07.90,1s2,London,08.08.2012
1090,4:01.03,Gudaf Tsegay,ETH,23.06.97,2,Birmingham,18.08.2018
1090,4:01.03,Freweyni Hailu,ETH,12.02.01,3s1,Tokyo,14.09.2025
1094,4:01.04,Mariem Alaoui Selsouli,MAR,08.04.84,1r1,Rieti,10.09.2011
1094,4:01.04,Gabriela DeBues-Stafford,CAN,13.09.95,2s2,Ad-Dawhah,03.10.2019
1096,4:01.05,Lyubov Kremlyova,RUS,21.12.61,2,Monaco,02.08.1994
1096,4:01.05,Hassiba Boulmerka,ALG,10.07.68,1,London,09.09.1994
1096,4:01.05,Sonia O'Sullivan,IRL,28.11.69,2,Bratislava,09.06.1998
1096,4:01.05,Laura Muir,GBR,09.05.93,3s2,Ad-Dawhah,03.10.2019
1100,4:01.06,Regina Jacobs,USA,28.08.63,3,Bruxelles,30.08.2002
1100,4:01.06+,Gabriela DeBues-Stafford,CAN,13.09.95,5,Monaco,12.07.2019
1102,4:01.07,Hind Dehiba,FRA,17.03.79,3,Rieti,29.08.2010
1103,4:01.08,Sonia O'Sullivan,IRL,28.11.69,4,Bruxelles,28.08.1998
1103,4:01.08,Suzy Favor Hamilton,USA,08.08.68,2,Paris,14.09.2002
1103,4:01.08,Faith Kipyegon,KEN,10.01.94,2,Eugene,01.06.2013
1103,4:01.08,Laura Muir,GBR,09.05.93,1,München,19.08.2022
1103,4:01.08,Sinclaire Johnson,USA,13.04.98,4s1,Tokyo,14.09.2025
1108,4:01.09,Susan Krumins,NED,08.07.86,9,Lausanne,08.07.2010
1108,4:01.09,Ibtissam Lakhouad,MAR,07.12.80,2,Monaco,22.07.2011
1108,4:01.09,Helen Schlachtenhaufen,USA,14.03.95,3,Stockholm,04.07.2021
1108,4:01.09,Sinclaire Johnson,USA,13.04.98,2h3,Budapest,19.08.2023
1108,4:01.09,Susan Ejore-Sanders,KEN,09.11.95,11,Eugene,25.05.2024
1113,4:01.1,Valentina Ilyinykh,RUS,12.12.56,3,Moskva,29.07.1979
1113,4:01.10,Doina Melinte,ROU,27.12.56,1,Köln,17.08.1986
1113,4:01.10,Sandra Gasser,SUI,27.07.62,1,Oslo,04.07.1987
1113,4:01.10,Helen Clitheroe,GBR,02.01.74,3,Monaco,19.07.2002
1113,4:01.10,Claudia Mihaela Bobocea,ROU,11.06.92,4rA,Ostrava,31.05.2022
1113,4:01.10,Georgia Griffith,AUS,05.12.96,1,Tokyo,18.05.2025
1113,4:01.10,Erin Wallace,GBR,18.05.00,10,Budapest,12.08.2025
1120,4:01.12,Gudaf Tsegay,ETH,23.06.97,4s2,Ad-Dawhah,03.10.2019
1120,4:01.12,Birke Haylom,ETH,06.01.06,3h3,Budapest,19.08.2023
1122,4:01.13,Kelly Holmes,GBR,19.04.70,2,Oslo,05.07.1996
1123,4:01.14,Yelena Soboleva,RUS,03.10.82,3r3,Tula,13.07.2005
1123,4:01.14,Winny Chebet,KEN,20.12.90,5s2,Ad-Dawhah,03.10.2019
1125,4:01.15+,Maricica Puica,ROU,29.07.50,1,Nice,15.07.1986
1125,4:01.15,Svetlana Masterkova,RUS,17.01.68,5,Oslo,28.07.2000
1125,4:01.15,Olga Yegorova,RUS,28.03.72,1,Roma,02.07.2004
1125,4:01.15,Rababe Arafi,MAR,12.01.91,1,Shanghai,18.05.2019
1125,4:01.15+,Winnie Nanyondo,UGA,23.08.93,6,Monaco,12.07.2019
1125,4:01.15,Abbey Caldwell,AUS,03.07.01,5,Ad-Dawhah,05.05.2023
1125,4:01.15,Katie Snowden,GBR,09.03.94,4h3,Budapest,19.08.2023
1132,4:01.16,Shannon Osika,USA,15.06.93,5,Eugene,21.08.2021
1133,4:01.17,Mary Slaney,USA,04.08.58,1,Stuttgart,12.07.1980
1133,4:01.17,Tatyana Pozdnyakova,UKR,04.03.56,4,Kyiv,24.06.1984
1133,4:01.17,Tatyana Dorovskikh,UKR,12.08.61,2,Monaco,11.08.1992
1133,4:01.17,Fanjanteino Félix,FRA,26.01.80,4,Saint-Denis,16.07.2010
1133,4:01.17,Hind Dehiba,FRA,17.03.79,2,Barcelona,01.08.2010
1138,4:01.18,Anna Bukis,POL,08.09.53,1,Pescara,02.08.1981
1138,4:01.18,Carla Sacramento,POR,10.12.71,6,Oslo,28.07.2000
1138,4:01.18,Violeta Szekely,ROU,26.03.65,3,Zürich,11.08.2000
1138,4:01.18,Hayley Tullett,GBR,17.02.73,4,Zürich,15.08.2003
1138,4:01.18,Jennifer Simpson,USA,23.08.86,4,Roma,06.06.2019
1138,4:01.18,Winnie Nanyondo,UGA,23.08.93,4,Monaco,09.07.2021
1138,4:01.18,Cory Ann McGee,USA,29.05.92,13,Paris,07.07.2024
1145,4:01.19,Zamira Zaytseva,UZB,16.02.53,2,Helsinki,14.08.1983
1145,4:01.19,Ravilya Agletdinova,BLR,10.02.60,1,Stuttgart,31.08.1986
1145,4:01.19,Tatyana Tomashova,RUS,01.07.75,1rA,Tula,10.08.2003
1145,4:01.19,Maryam Yusuf Jamal,BRN,16.09.84,1rA,Stockholm,17.08.2012
1145,4:01.19,Sifan Hassan,NED,01.01.93,3,Shanghai,18.05.2014
1145,4:01.19,Nelly Chepchirchir,KEN,04.06.03,3,Ad-Dawhah,10.05.2024
1145,4:01.19,Gabriela DeBues-Stafford,CAN,13.09.95,2,Cork,11.07.2025
1145,4:01.19,Marta Pérez,ESP,19.04.93,5s1,Tokyo,14.09.2025
1153,4:01.2,Yekaterina Podkopayeva,RUS,11.06.52,1r2,Sochi,23.05.1980
1153,4:01.2,Ulrike Bruns,GDR,17.11.53,2,Potsdam,05.07.1980
1153,4:01.2,Lyudmila Shesterova,UKR,12.10.56,2,Moskva,12.07.1980
1153,4:01.20,Maricica Puica,ROU,29.07.50,1,Oslo,05.07.1986
1153,4:01.20,Yvonne Murray,GBR,04.10.64,2,Oslo,04.07.1987
1158,4:01.21,Tatyana Tomashova,RUS,01.07.75,2,Monaco,20.08.2006
1158,4:01.21+,Ciara Mageean,IRL,12.03.92,7,Monaco,12.07.2019
1158,4:01.21,Gabija Galvydyte,LTU,17.01.00,3,Los Angeles,14.06.2026
1161,4:01.22,Galina Kireyeva,RUS,01.03.56,8r1,Kyiv,27.07.1982
1161,4:01.22,Tamara Sorokina,RUS,15.08.50,6,Athínai,11.09.1982
1161,4:01.22,Lyudmila Rogachova,RUS,30.10.66,1,Noisy-le-Grand,04.07.1992
1161,4:01.22,Jackline Maranga,KEN,16.12.77,4,Bruxelles,05.09.2003
1165,4:01.23,Tatyana Kazankina,RUS,17.12.51,2,Leningrad,26.07.1983
1165,4:01.23,Sonia O'Sullivan,IRL,28.11.69,2,Zürich,19.08.1992
1165,4:01.23,Hayley Tullett,GBR,17.02.73,7,Oslo,28.07.2000
1165,4:01.23,Nouria Mérah-Benida,ALG,19.10.70,3,Bruxelles,25.08.2000
1165,4:01.23,Maryam Yusuf Jamal,BRN,16.09.84,1,Stuttgart,22.09.2007
1165,4:01.23,Lisa Dobriskey,GBR,23.12.83,1,Rieti,06.09.2009
1165,4:01.23,Kristiina Sasinek Mäki,CZE,22.09.91,7s1,Tokyo,04.08.2021
1165,4:01.23,Freweyni Hailu,ETH,12.02.01,1h3,Tokyo,13.09.2025
1173,4:01.24,Doina Melinte,ROU,27.12.56,2,Zürich,17.08.1988
1173,4:01.24,Gaia Sabbatini,ITA,10.06.99,8,Chorzów,16.07.2023
1175,4:01.25,Gabriella Dorio,ITA,27.06.57,6,Praha,03.09.1978
1175,4:01.25,Lyubov Smolka,UKR,29.11.52,6,Moskva,01.08.1980
1175,4:01.25,Gudaf Tsegay,ETH,23.06.97,2,Shanghai,18.05.2019
1175,4:01.25,Brenda Chebet,KEN,06.03.04,2,Székesfehérvár,18.07.2023
1175,4:01.25,Worknesh Mesele,ETH,10.06.01,4,Ad-Dawhah,10.05.2024
1180,4:01.26,Maricica Puica,ROU,29.07.50,7,Moskva,01.08.1980
1180,4:01.26,Carla Sacramento,POR,10.12.71,4,Monaco,20.07.2001
1180,4:01.26,Judit Varga,HUN,16.04.76,6,Zürich,16.08.2002
1180,4:01.26,Mercy Cherono,KEN,07.05.91,2,Eugene,30.05.2015
1180,4:01.26,Elise Vanderelst,BEL,27.01.98,11,Bruxelles,14.09.2024
1185,4:01.27,Gudaf Tsegay,ETH,23.06.97,12,Saint-Denis,10.08.2024
1186,4:01.28,Lyubov Kremlyova,RUS,21.12.61,3,Monaco,11.08.1992
1186,4:01.28,Tatyana Tomashova,RUS,01.07.75,3,München,11.08.2002
1186,4:01.28,Bouchra Ghézielle,FRA,19.05.79,4,Monaco,09.09.2005
1186,4:01.28,Shannon Rowbury,USA,19.09.84,4,Monaco,19.07.2013
1186,4:01.28,Gabriela DeBues-Stafford,CAN,13.09.95,5,Roma,06.06.2019
1186,4:01.28,Gudaf Tsegay,ETH,23.06.97,1s1,Eugene,16.07.2022
1186,4:01.28,Freweyni Hailu,ETH,12.02.01,4,Eugene,18.07.2022
1186,4:01.28,Cory Ann McGee,USA,29.05.92,10,Eugene,16.09.2023
1194,4:01.29,Christiane Wartenberg,GDR,27.10.56,2,Los Angeles,25.06.1983
1194,4:01.29,Carla Sacramento,POR,10.12.71,5,Sevilla,29.08.1999
1194,4:01.29,Gulnara Galkina,RUS,09.07.78,1,Tula,01.08.2004
1194,4:01.29,Maryam Yusuf Jamal,BRN,16.09.84,2,Rieti,06.09.2009
1198,4:01.30,Natalia Rodríguez,ESP,02.06.79,2,Roma,11.07.2003
1198,4:01.30,Shannon Rowbury,USA,19.09.84,5,Saint-Denis,16.07.2010
1198,4:01.30,Natalia Rodríguez,ESP,02.06.79,3,Barcelona,01.08.2010
1198,4:01.30,Winnie Nanyondo,UGA,23.08.93,6s2,Ad-Dawhah,03.10.2019
1198,4:01.30,Brenda Chebet,KEN,06.03.04,2,Tomblaine,18.06.2023
1198,4:01.30,Sarah Madeleiene,FRA,20.09.98,6s1,Tokyo,14.09.2025
1198,4:01.30,Claudia Hollingsworth,AUS,12.04.05,1,Melbourne,28.03.2026
1205,4:01.31,Andrea Hahmann,GER,03.06.66,1,Potsdam,08.09.1988
1205,4:01.31,Carla Sacramento,POR,10.12.71,2,Berlin,31.08.2001
1205,4:01.31,Olga Yegorova,RUS,28.03.72,3,Tula,15.06.2006
1205,4:01.31,Viola Kibiwott,KEN,22.12.85,4,Shanghai,18.05.2014
1205,4:01.31,Claudia Mihaela Bobocea,ROU,11.06.92,3,Chorzów,06.09.2020
1210,4:01.32,Paula Ivan,ROU,20.07.63,1,Zagreb,16.07.1987
1210,4:01.32,Winny Chebet,KEN,20.12.90,3,Hengelo,11.06.2017
1210,4:01.32,Elisabet Amare,ETH,23.02.09,1,Montreuil,17.06.2026
1213,4:01.33,Siham Hilali,MAR,02.05.86,3,Hengelo,29.05.2011
1213,4:01.33,Kate Grace,USA,24.10.88,1,Berlin,12.09.2021
1215,4:01.34,Margaret Crowley,AUS,25.05.67,3,Oslo,05.07.1996
1215,4:01.34,Meraf Bahta,SWE,24.06.89,5,Zürich,28.08.2014
1215,4:01.34,Abby Caldwell,USA,12.10.95,6,Firenze,02.06.2023
1218,4:01.35,Carla Sacramento,POR,10.12.71,4,Bruxelles,30.08.2002
1219,4:01.36,Lidia Chojecka,POL,25.01.77,3,Zürich,11.08.1999
1219,4:01.36,Brenda Martinez,USA,08.09.87,6,Zürich,28.08.2014
1219,4:01.36,Dawit Seyaum,ETH,27.07.96,1,Birmingham,20.08.2017
1219,4:01.36,Georgia Griffith,AUS,05.12.96,13,Paris,20.06.2025
1223,4:01.37,Tamara Sorokina,RUS,15.08.50,1,Zagreb,16.08.1981
1223,4:01.37,Svetlana Masterkova,RUS,17.01.68,1,Oslo,09.07.1998
1223,4:01.37,Linden Hall,AUS,20.06.91,3s2,Tokyo,04.08.2021
1226,4:01.38,Lyudmila Bragina,RUS,24.07.43,1,München,09.09.1972
1226,4:01.38,Ulrike Bruns,GDR,17.11.53,1,Erfurt,03.06.1984
1226,4:01.38,Elizabeth McColgan,GBR,24.05.64,3,Oslo,04.07.1987
1226,4:01.38,Judit Varga,HUN,16.04.76,4,Monaco,19.07.2002
1226,4:01.38,Yelena Zadorozhnaya,RUS,03.12.77,2,Roma,02.07.2004
1226,4:01.38,Heather MacLean,USA,31.08.95,4,Chorzów,06.08.2022
1232,4:01.39,Winnie Nanyondo,UGA,23.08.93,3,Shanghai,18.05.2019
1232,4:01.39,Sofia Ennaoui,POL,30.08.95,5,Chorzów,06.08.2022
1232,4:01.39,Josette Andrews,USA,15.12.95,7,Firenze,02.06.2023
1232,4:01.39,Jessica Hull,AUS,22.10.96,1,Adelaide,14.04.2024
1236,4:01.4,Gunhild Hoffmeister,GDR,06.07.44,2,Potsdam,14.07.1976
1236,4:01.4,Olga Dvirna,RUS,11.02.53,4,Moskva,29.07.1979
1236,4:01.4,Valentina Ilyinykh,RUS,12.12.56,2,Kaunas,12.08.1979
1236,4:01.4,Irina Lebedinskaya,RUS,16.06.61,3,Krasnodar,30.05.1983
1236,4:01.40,Doina Melinte,ROU,27.12.56,2,Bucuresti,31.07.1982
1236,4:01.40,Doina Melinte,ROU,27.12.56,2,Lausanne,10.07.1991
1236,4:01.40,Maryam Yusuf Jamal,BRN,16.09.84,3,Bruxelles,16.09.2011
1236,4:01.40,Sifan Hassan,NED,01.01.93,2,Ad-Dawhah,15.05.2015
1236,4:01.40,Dawit Seyaum,ETH,27.07.96,4,Shanghai,18.05.2019
1236,4:01.40+,Rababe Arafi,MAR,12.01.91,8,Monaco,12.07.2019
1236,4:01.40,Faith Kipyegon,KEN,10.01.94,1h3,Tokyo,02.08.2021
1236,4:01.40,Jemma Reekie,GBR,06.03.98,3,Tomblaine,18.06.2023
1236,4:01.40,Dominique Hiltz,USA,23.10.94,1s1,Eugene,28.06.2024
1249,4:01.41,Kirsty Wade,GBR,06.08.62,6,Roma,05.09.1987
1249,4:01.41,Kelly Holmes,GBR,19.04.70,1,Sheffield,12.06.1994
1249,4:01.41,Olga Yegorova,RUS,28.03.72,1rA,Lausanne,06.07.2004
1249,4:01.41,Nancy Jebet Langat,KEN,22.08.81,3,Eugene,01.06.2013
1249,4:01.41,Viola Kibiwott,KEN,22.12.85,5,Roma,04.06.2015
1249,4:01.41,Habitam Alemu,ETH,09.07.97,3,Ad-Dawhah,04.05.2018
1249,4:01.41,Marta Pérez,ESP,19.04.93,5h3,Budapest,19.08.2023
1249,4:01.41,Saron Berhe,ETH,22.08.07,14,Paris,20.06.2025
1249,4:01.41,Joceline Wind,SUI,12.09.00,10,Xiamen,23.05.2026
1258,4:01.42,Kristina da Fonseca-Wöllheim,GER,10.02.72,8,Roma,14.07.1998
1258,4:01.42,Olga Nelyubova,RUS,12.06.64,9,Monaco,08.08.1998
1258,4:01.42,Olga Yegorova,RUS,28.03.72,1,Kazan,09.07.2004
1258,4:01.42,Gudaf Tsegay,ETH,23.06.97,5,Roma,08.06.2017
1258,4:01.42+,Dominique Hiltz,USA,23.10.94,4,Oslo,15.06.2023
1263,4:01.43,Fita Lovin,ROU,14.01.51,2,Bucuresti,12.07.1984
1263,4:01.43,Zamira Zaytseva,UZB,16.02.53,4,Moskva,03.08.1984
1263,4:01.43,Anna Jakubczak,POL,02.02.73,4,Zürich,11.08.1999
1263,4:01.43,Lidia Chojecka,POL,25.01.77,5,Göteborg,13.08.2006
1263,4:01.43,Helen Obiri,KEN,13.12.89,4,Saint-Denis,06.07.2012
1263,4:01.43,Sofia Ennaoui,POL,30.08.95,5,Eugene,18.07.2022
1269,4:01.44,Ulrike Bruns,GDR,17.11.53,2,Jena,09.08.1981
1269,4:01.44,Yvonne Murray,GBR,04.10.64,2,Sheffield,12.06.1994
1269,4:01.44,Kristina da Fonseca-Wöllheim,GER,10.02.72,5,Zürich,11.08.1999
1269,4:01.44,Olga Yegorova,RUS,28.03.72,5,Saint-Denis,08.07.2006
1269,4:01.44,Maryam Yusuf Jamal,BRN,16.09.84,1,Oslo,15.06.2007
1269,4:01.44,Anna Willard,USA,31.03.84,3,Eugene,07.06.2009
1269,4:01.44,Nozomi Tanaka,JPN,04.09.99,1,Niigata,28.06.2024
1276,4:01.45,Liu Li,CHN,12.03.71,1h2,Beijing,10.09.1993
1276,4:01.45,Violeta Szekely,ROU,26.03.65,1,Oslo,13.07.2001
1276,4:01.45,Yelena Zadorozhnaya,RUS,03.12.77,2rA,Tula,10.08.2003
1276,4:01.45,Cory Ann McGee,USA,29.05.92,8,Firenze,02.06.2023
1276,4:01.45,Linden Hall,AUS,20.06.91,6h3,Budapest,19.08.2023
1281,4:01.46,Olga Yegorova,RUS,28.03.72,2,Helsinki,14.08.2005
1281,4:01.46+,Maryam Yusuf Jamal,BRN,16.09.84,1,Rieti,07.09.2008
1281,4:01.46,Anna Shchagina,RUS,07.12.91,8,Monaco,17.07.2015
1281,4:01.46,Ciara Mageean,IRL,12.03.92,9,Saint-Denis,27.08.2016
1281,4:01.46,Axumawit Embaye,ETH,18.10.94,5,Rabat,25.05.2025
1281,4:01.46,Sinclaire Johnson,USA,13.04.98,1,Portland,15.06.2025
1287,4:01.47,Getenesh Wami,ETH,11.12.74,2,Stuttgart,19.07.1998
1287,4:01.47+,Gelete Burka,ETH,23.01.86,2,Rieti,07.09.2008
1287,4:01.47,Birke Haylom,ETH,06.01.06,11,Saint-Denis,07.08.2024
1290,4:01.48,Jackline Maranga,KEN,16.12.77,2,Monaco,13.09.2003
1290,4:01.48,Oksana Zbrozhek,RUS,12.01.78,3,Roma,10.07.2009
1290,4:01.48,Gabrielle Anderson,USA,25.06.86,5,Monaco,19.07.2013
1290,4:01.48,Sarah Healy,IRL,13.02.01,7,Xiamen,02.09.2023
1290,4:01.48,Marta Pérez,ESP,19.04.93,11,Chorzów,25.08.2024
1295,4:01.49,Ulrike Bruns,GDR,17.11.53,3,Cottbus,26.06.1982
1295,4:01.49,Doina Melinte,ROU,27.12.56,1,Udine,12.06.1983
1295,4:01.49,Svetlana Kitova,TJK,25.06.60,1,Moskva,06.08.1988
1295,4:01.49,Wang Qingfen,CHN,27.03.73,3h1,Beijing,10.09.1993
1295,4:01.49,Violeta Szekely,ROU,26.03.65,1,Monaco,04.08.1999
1295,4:01.49,Winnie Nanyondo,UGA,23.08.93,4,Nanjing,21.05.2019
1295,4:01.49,Agathe Guillemot,FRA,11.07.99,7,Roma,06.06.2025
1302,4:01.50,Yekaterina Podkopayeva,RUS,11.06.52,2,Stockholm,12.07.1994
1302,4:01.50,Natalya Gorelova,RUS,18.04.73,8,Oslo,28.07.2000
1302,4:01.50,Maria Mutola,MOZ,27.10.72,1,Roma,12.07.2002
1302,4:01.50,Natalia Rodríguez,ESP,02.06.79,1,Barcelona,22.07.2011
1302,4:01.50,Sarah McDonald,GBR,02.08.93,10,Rabat,16.06.2019
1302,4:01.50A,Diribe Welteji,ETH,13.05.02,1,Nairobi,07.05.2022
1302,4:01.50,Sarah Healy,IRL,13.02.01,11,Paris,28.06.2026
1309,4:01.51,Morgan Uceny,USA,10.03.85,3,Monaco,22.07.2011
1309,4:01.51,Birke Haylom,ETH,06.01.06,9,Budapest,22.08.2023
1311,4:01.52,Ulrike Bruns,GDR,17.11.53,4h1,Moskva,30.07.1980
1311,4:01.52,Mariem Alaoui Selsouli,MAR,08.04.84,4,Osaka,02.09.2007
1311,4:01.52,Dominique Hiltz,USA,23.10.94,7s2,Ad-Dawhah,03.10.2019
1311,4:01.52,Marta Zenoni,ITA,09.03.99,8,Roma,06.06.2025
1311,4:01.52,Georgia Hunter Bell,GBR,17.10.93,2,Melbourne,28.03.2026
1316,4:01.53,Christine Benning,GBR,30.03.55,3,Zürich,15.08.1979
1317,4:01.54,Brigitte Kraus,FRG,12.08.56,1,Dortmund,01.07.1978
1317,4:01.54,Gabriela Szabo,ROU,14.11.75,2,Atlanta,03.08.1996
1317,4:01.54,Lisa Dobriskey,GBR,23.12.83,4,Barcelona,01.08.2010
1317,4:01.54,Eunice Sum,KEN,10.04.88,6,Eugene,31.05.2014
1317,4:01.54,Laura Muir,GBR,09.05.93,1,Eugene,24.04.2021
1317,4:01.54,Weronika Lizakowska,POL,02.11.98,5h2,Saint-Denis,06.08.2024
1317,4:01.54,Abbey Caldwell,AUS,03.07.01,4,Philadelphia,31.05.2025
1324,4:01.55,Wang Junxia,CHN,09.01.73,2h2,Beijing,10.09.1993
1324,4:01.55,Violeta Szekely,ROU,26.03.65,1,Saint-Denis,06.07.2001
1324,4:01.55,Natalya Gorelova,RUS,18.04.73,3,Berlin,31.08.2001
1327,4:01.56,Axumawit Embaye,ETH,18.10.94,6,Chorzów,06.08.2022
1327,4:01.56,Likina Amebaw,ETH,30.11.97,7,Rabat,31.05.2026
1329,4:01.57,Natalya Artyomova,RUS,05.01.63,5,Kyiv,24.06.1984
1329,4:01.57,Lyubov Kremlyova,RUS,21.12.61,3,Kyiv,17.07.1986
1329,4:01.57,Natalya Yevdokimova,RUS,17.03.78,2,Tula,01.08.2004
1329,4:01.57,Jennifer Simpson,USA,23.08.86,4,Eugene,28.05.2016
1333,4:01.58,Natalia Marasescu,ROU,03.10.52,1,Bucuresti,11.08.1978
1333,4:01.58,Yekaterina Podkopayeva,RUS,11.06.52,1,Köln,21.08.1994
1333,4:01.58,Maryam Yusuf Jamal,BRN,16.09.84,1,Stuttgart,09.09.2006
1336,4:01.59,Mimi Belete,BRN,09.06.88,6,Saint-Denis,16.07.2010
1336,4:01.59,Morgan Uceny,USA,10.03.85,4,Roma,31.05.2012
1336,4:01.59,Joceline Wind,SUI,12.09.00,1rA,Tomblaine,04.07.2025
1339,4:01.6,Maricica Puica,ROU,29.07.50,5,Moskva,29.07.1979
1339,4:01.6,Lyubov Smolka,UKR,29.11.52,1h1,Moskva,04.07.1980
1339,4:01.6,Ulrike Bruns,GDR,17.11.53,1,Potsdam,31.05.1984
1339,4:01.60,Ulrike Bruns,GDR,17.11.53,1,Potsdam,18.08.1982
1339,4:01.60,Hayley Tullett,GBR,17.02.73,3,Monaco,13.09.2003
1339,4:01.60,Tatyana Tomashova,RUS,01.07.75,3,Tula,01.08.2004
1339,4:01.60,Nancy Jebet Langat,KEN,22.08.81,1,New York City,12.06.2010
1339,4:01.60,Maryam Yusuf Jamal,BRN,16.09.84,1,Roma,26.05.2011
1339,4:01.60,Eilish McColgan,GBR,25.11.90,2,Berlin,27.08.2017
1339,4:01.60,Cory Ann McGee,USA,29.05.92,10,Budapest,22.08.2023
1339,4:01.60,Águeda Marqués,ESP,19.03.99,9h1,Saint-Denis,06.08.2024
1350,4:01.61,Yekaterina Podkopayeva,RUS,11.06.52,3,Praha,18.08.1984
1350,4:01.61,Angela Chalmers,CAN,06.09.63,1,Paris,03.09.1994
1350,4:01.61,Shannon Rowbury,USA,19.09.84,1,Carson,18.05.2008
1350,4:01.61,Iryna Lishchynska,UKR,15.01.76,2,Athínai,13.07.2008
1350,4:01.61,Angelika Cichocka,POL,15.03.88,4,Paris,01.07.2017
1355,4:01.62,Lyudmila Rogachova,RUS,30.10.66,4,Monaco,11.08.1992
1355,4:01.62,Genzebe Dibaba,ETH,08.02.91,2,Roma,06.06.2013
1355,4:01.62,Sifan Hassan,NED,01.01.93,3rA,Stockholm,21.08.2014
1355,4:01.62,Laura Weightman,GBR,07.01.91,2,Stockholm,23.08.2020
1359,4:01.63,Maria Mutola,MOZ,27.10.72,4,Oslo,05.07.1996
1359,4:01.63,Sarah Jamieson,AUS,24.03.75,3,Monaco,20.08.2006
1359,4:01.63,Iryna Lishchynska,UKR,15.01.76,2,Beijing,23.08.2008
1359,4:01.63,Nancy Jebet Langat,KEN,22.08.81,1,Ad-Dawhah,14.05.2010
1359,4:01.63,Shannon Rowbury,USA,19.09.84,4,Rieti,29.08.2010
1359,4:01.63,Mimi Belete,BRN,09.06.88,7,Zürich,28.08.2014
1359,4:01.63,Sinclaire Johnson,USA,13.04.98,6,Eugene,18.07.2022
1366,4:01.64,Naomi Mugo,KEN,02.01.77,4,Zürich,11.08.2000
1366,4:01.64,Jackline Maranga,KEN,16.12.77,5,Saint-Denis,31.08.2003
1366,4:01.64,Nancy Jebet Langat,KEN,22.08.81,6,Zürich,28.08.2009
1366,4:01.64,Mimi Belete,BRN,09.06.88,2,Stockholm,06.08.2010
1366,4:01.64,Winnie Nanyondo,UGA,23.08.93,4s2,Tokyo,04.08.2021
1366,4:01.64,Ludovica Cavalli,ITA,20.12.00,6,Roma,04.06.2026
1372,4:01.65,Sifan Hassan,NED,01.01.93,3,Eugene,30.05.2015
1372,4:01.65,Linden Hall,AUS,20.06.91,7s1,Tokyo,14.09.2025
1374,4:01.66,Tamara Koba,UKR,24.02.57,5,Leningrad,26.07.1981
1374,4:01.66,Zhang Linli,CHN,06.03.73,3h2,Beijing,10.09.1993
1374,4:01.66,Anita Weyermann,SUI,08.12.77,2,Monaco,04.08.1999
1374,4:01.66,Sintayehu Vissa,ITA,29.07.96,7h3,Budapest,19.08.2023
1374,4:01.66,Danielle Jones,USA,21.08.96,8,Xiamen,02.09.2023
1379,4:01.67,Fita Lovin,ROU,14.01.51,2,Rieti,09.09.1981
1379,4:01.67,Nadezhda Ralldugina,RUS,15.11.57,3,Leningrad,26.07.1983
1381,4:01.68,Maricica Puica,ROU,29.07.50,5h1,Moskva,30.07.1980
1381,4:01.68,Daniela Yordanova,BUL,08.03.76,1,Kalamáta,02.06.2001
1381,4:01.68,Anna Willard,USA,31.03.84,4,Monaco,28.07.2009
1381,4:01.68,Ciara Mageean,IRL,12.03.92,2,Zürich,08.09.2022
1381,4:01.68,Sinclaire Johnson,USA,13.04.98,2s1,Eugene,28.06.2024
1386,4:01.69,Tatyana Pozdnyakova,UKR,04.03.56,1,Kyiv,27.08.1983
1386,4:01.69,Yan Wei,CHN,04.10.73,4h1,Beijing,10.09.1993
1386,4:01.69,Suzy Favor Hamilton,USA,08.08.68,3,Roma,11.07.2003
1386,4:01.69,Tatyana Tomashova,RUS,01.07.75,3,Roma,02.07.2004
1386,4:01.69,Ibtissam Lakhouad,MAR,07.12.80,3,Shanghai,19.05.2012
1386,4:01.69,Marta Pérez,ESP,19.04.93,5s2,Tokyo,04.08.2021
1386,4:01.69,Nigist Getachew,ETH,28.02.02,13,Roma,30.08.2024
1393,4:01.7,Yekaterina Podkopayeva,RUS,11.06.52,2h1,Moskva,04.07.1980
1393,4:01.7,Lyudmila Shesterova,UKR,12.10.56,3h1,Moskva,04.07.1980
1393,4:01.7+,Mary Slaney,USA,04.08.58,1,Paris,09.07.1982
1393,4:01.7,Fita Lovin,ROU,14.01.51,2,Bucuresti,09.06.1984
1393,4:01.7,Galina Zakharova,RUS,07.09.56,1,Chelyabinsk,28.07.1984
1393,4:01.7,Hildegard Körner,GDR,20.12.59,2,Berlin,12.08.1987
1393,4:01.70,Sonia O'Sullivan,IRL,28.11.69,9,Oslo,28.07.2000
1393,4:01.70,Violeta Szekely,ROU,26.03.65,2,Edmonton,07.08.2001
1393,4:01.70,Alesya Turova,BLR,06.12.79,2,Roma,12.07.2002
1393,4:01.70,Weronika Lizakowska,POL,02.11.98,9,Roma,06.06.2025
1393,4:01.70,Aster Areri,ETH,16.04.07,8,Rabat,31.05.2026
1404,4:01.71,Li Ying,CHN,24.06.75,4h2,Beijing,10.09.1993
1404,4:01.71,Kutre Dulecha,ETH,22.08.78,1,Nice,16.07.1998
1406,4:01.72,Ulrike Bruns,GDR,17.11.53,1,Dresden,03.07.1982
1406,4:01.72,Sonia O'Sullivan,IRL,28.11.69,1,Rieti,05.09.1993
1406,4:01.72,Yelena Zadorozhnaya,RUS,03.12.77,2rA,Lausanne,06.07.2004
1406,4:01.72,Christin Wurth-Thomas,USA,11.07.80,4,Eugene,07.06.2009
1406,4:01.72,Mimi Belete,BRN,09.06.88,2rA,Stockholm,17.08.2012
1411,4:01.73,Tatyana Dorovskikh,UKR,12.08.61,3,Zürich,19.08.1992
1411,4:01.73,Liu Dong,CHN,24.12.73,5h2,Beijing,10.09.1993
1411,4:01.73,Angela Chalmers,CAN,06.09.63,2,London,09.09.1994
1411,4:01.73,Lyudmila Rogachova,RUS,30.10.66,1,Tula,26.07.2000
1411,4:01.73,Maryam Yusuf Jamal,BRN,16.09.84,1,Lausanne,05.07.2005
1411,4:01.73,Anna Mishchenko,UKR,25.08.83,4,Bruxelles,16.09.2011
1411,4:01.73,Jessica Hull,AUS,22.10.96,8,Monaco,10.08.2022
1411,4:01.73,Freweyni Hailu,ETH,12.02.01,3,Zürich,08.09.2022
1411,4:01.73,Dominique Hiltz,USA,23.10.94,2h3,Tokyo,13.09.2025
1420,4:01.74,Gabriela DeBues-Stafford,CAN,13.09.95,6,Eugene,21.08.2021
1421,4:01.75,Rababe Arafi,MAR,12.01.91,4,Eugene,27.05.2017
1421,4:01.75,Besu Sado,ETH,12.01.96,4,Ad-Dawhah,04.05.2018
1421,4:01.75,Elinor St. Pierre,USA,20.02.95,10,Tokyo,06.08.2021
1421,4:01.75,Sarah Healy,IRL,13.02.01,4,Ostrava,27.06.2023
1425,4:01.76,Yekaterina Rozenberg,RUS,23.01.80,3rA,Tula,10.08.2003
1425,4:01.76,Laura Weightman,GBR,07.01.91,7,Lausanne,05.07.2018
1427,4:01.77,Andrea Hahmann,GER,03.06.66,1,Potsdam,06.06.1987
1427,4:01.77,Regina Jacobs,USA,28.08.63,1,Bruxelles,23.08.1996
1427,4:01.77,Yekaterina Kostetskaya,RUS,31.12.86,1,Cheboksary,24.07.2011
1430,4:01.78,Doina Melinte,ROU,27.12.56,1,Paris,16.07.1987
1430,4:01.78,Natalya Tobias,UKR,22.11.80,3,Beijing,23.08.2008
1430,4:01.78,Linden Hall,AUS,20.06.91,5,Eugene,28.05.2016
1430,4:01.78,Gudaf Tsegay,ETH,23.06.97,5,Eugene,27.05.2017
1430,4:01.78,Alemaz Samuel,ETH,05.07.99,5,Ad-Dawhah,04.05.2018
1430,4:01.78,Laura Muir,GBR,09.05.93,2s1,Eugene,16.07.2022
1430,4:01.78,Saron Berhe,ETH,22.08.07,10,Roma,06.06.2025
1437,4:01.79,Christiane Wartenberg,GDR,27.10.56,1,Potsdam,01.06.1980
1437,4:01.79,Diana Richburg,USA,02.07.63,7,Roma,05.09.1987
1437,4:01.79,Wang Yuan,CHN,08.04.76,5h1,Beijing,10.09.1993
1437,4:01.79,Carla Sacramento,POR,10.12.71,5,Zürich,11.08.2000
1437,4:01.79,Joanne Pavey,GBR,20.09.73,4,Monaco,13.09.2003
1437,4:01.79,Sifan Hassan,NED,01.01.93,1,Hengelo,08.06.2014
1437,4:01.79,Sage Hurta-Klecker,USA,23.06.98,1,Memphis,29.07.2022
1437,4:01.79,Diribe Welteji,ETH,13.05.02,4,Zürich,08.09.2022
1437,4:01.79A,Janat Chemusto,UGA,05.07.98,1,Nairobi,13.05.2023
1437,4:01.79,Axumawit Embaye,ETH,18.10.94,5,Ostrava,27.06.2023
1437,4:01.79,Gabija Galvydyte,LTU,17.01.00,8s1,Tokyo,14.09.2025
1448,4:01.8,Tatyana Providokhina,RUS,26.03.53,4r1,Sochi,23.05.1980
1448,4:01.80,Alla Yushina,RUS,20.08.58,5,Moskva,03.08.1984
1448,4:01.80,Kutre Dulecha,ETH,22.08.78,2,Oslo,09.07.1998
1448,4:01.80,Nouria Mérah-Benida,ALG,19.10.70,6,Zürich,11.08.2000
1448,4:01.80,Naomi Mugo,KEN,02.01.77,5,Bruxelles,05.09.2003
1448,4:01.80,Shannon Osika,USA,15.06.93,1,Chorzów,14.09.2019
1448,4:01.80,Jessica Hull,AUS,22.10.96,8s2,Ad-Dawhah,03.10.2019
1455,4:01.81,Zola Pieterse,RSA,26.05.66,1,Port Elizabeth,31.03.1984
1455,4:01.81,Suzy Favor Hamilton,USA,08.08.68,2,Sacramento,16.07.2000
1455,4:01.81,Tatyana Tomashova,RUS,01.07.75,1,Eugene,28.05.2006
1455,4:01.81,Rababe Arafi,MAR,12.01.91,5,Paris,01.07.2017
1455,4:01.81,Gudaf Tsegay,ETH,23.06.97,6,Ad-Dawhah,04.05.2018
1455,4:01.81,Melissa Courtney-Bryant,GBR,30.08.93,3,Stockholm,23.08.2020
1455,4:01.81,Jessica Hull,AUS,22.10.96,3s1,Eugene,16.07.2022
1455,4:01.81,Worknesh Mesele,ETH,10.06.01,4,Rabat,28.05.2023
1463,4:01.82,Lu Yi,CHN,10.04.74,6h1,Beijing,10.09.1993
1463,4:01.82,Iryna Lishchynska,UKR,15.01.76,2,Oslo,15.06.2007
1463,4:01.82,Jessica Hull,AUS,22.10.96,7,Eugene,18.07.2022
1463,4:01.82,Esther Guerrero,ESP,07.02.90,2rA,Tomblaine,04.07.2025
1467,4:01.83,Christine Benning,GBR,30.03.55,2,Gateshead,06.07.1984
1467,4:01.83,Svetlana Kitova,TJK,25.06.60,4,Kyiv,17.07.1986
1467,4:01.83,Daniela Yordanova,BUL,08.03.76,6,Bruxelles,05.09.2003
1467,4:01.83,Lisa Dobriskey,GBR,23.12.83,4,Lausanne,08.07.2010
1467,4:01.83,Netsanet Desta,ETH,26.10.00,7,Chorzów,06.08.2022
1472,4:01.84,Ivana Kubesová,CZE,26.05.62,1,Budapest,11.08.1986
1472,4:01.84,Yvonne Graham,JAM,22.08.65,2,Monaco,25.07.1995
1472,4:01.84,Natalya Gorelova,RUS,18.04.73,2,Roma,29.06.2001
1472,4:01.84,Angelika Cichocka,POL,15.03.88,6,Roma,08.06.2017
1472,4:01.84,Ludovica Cavalli,ITA,20.12.00,11,Budapest,22.08.2023
1472,4:01.84,Salomé Afonso,POR,19.11.97,9,Rabat,31.05.2026
1478,4:01.85,Olga Dvirna,RUS,11.02.53,1,Moskva,12.06.1982
1478,4:01.85,Ulrike Bruns,GDR,17.11.53,1,Karl-Marx-Stadt,09.07.1982
1478,4:01.85,Natalya Artyomova,RUS,05.01.63,1,Sochi,10.06.1984
1478,4:01.85,Hassiba Boulmerka,ALG,10.07.68,2,Paris,03.09.1994
1478,4:01.85,Olga Yegorova,RUS,28.03.72,1,Saint-Denis,01.07.2005
1478,4:01.85,Natalya Yevdokimova,RUS,17.03.78,2,Cheboksary,06.07.2012
1478,4:01.85A,Faith Kipyegon,KEN,10.01.94,1,Nairobi,01.08.2015
1478,4:01.85,Brenda Chebet,KEN,06.03.04,1,Madrid,22.07.2023
1486,4:01.86,Lyubov Kremlyova,RUS,21.12.61,2,Köln,21.08.1994
1486,4:01.86,Carla Sacramento,POR,10.12.71,1,Monaco,16.08.1997
1486,4:01.86,Senbere Teferi,ETH,03.05.95,3,Ad-Dawhah,15.05.2015
1486,4:01.86,Faith Kipyegon,KEN,10.01.94,7,Zürich,01.09.2016
1486,4:01.86,Birke Haylom,ETH,06.01.06,6,Ad-Dawhah,05.05.2023
1486,4:01.86,Esther Guerrero,ESP,07.02.90,15,Paris,20.06.2025
1492,4:01.88,Jackline Maranga,KEN,16.12.77,5,Bruxelles,28.08.1998
1493,4:01.89,Hannah England,GBR,06.03.87,2,Barcelona,22.07.2011
1493,4:01.89,Klaudia Kazimierska,POL,03.09.01,5,Bydgoszcz,20.06.2024
1495,4:01.90,Bouchra Ghézielle,FRA,19.05.79,2,Athínai,14.06.2005
1495,4:01.90,Águeda Marqués,ESP,19.03.99,6s1,Saint-Denis,08.08.2024
1497,4:01.91,Malgorzata Rydz,POL,18.01.67,7,Barcelona,08.08.1992
1497,4:01.91,Violeta Szekely,ROU,26.03.65,5,Zürich,12.08.1998
1497,4:01.91,Kelly Holmes,GBR,19.04.70,3,Roma,12.07.2002
1497,4:01.91,Sifan Hassan,NED,01.01.93,5,Shanghai,18.05.2019
1501,4:01.92,Yekaterina Podkopayeva,RUS,11.06.52,3,Paris,03.09.1994
1501,4:01.92+,Faith Kipyegon,KEN,10.01.94,1,Eugene,04.07.2026
1503,4:01.93,Zola Pieterse,GBR,26.05.66,1,Birmingham,07.06.1986
1503,4:01.93,Sonia O'Sullivan,IRL,28.11.69,5,Monaco,11.08.1992
1503,4:01.93,Carla Sacramento,POR,10.12.71,1,Barcelona,29.07.1999
1503,4:01.93,Angelika Cichocka,POL,15.03.88,1,Rabat,16.07.2017
1503,4:01.93,Gaia Sabbatini,ITA,10.06.99,10,Eugene,28.05.2022
1503,4:01.93,Lucia Stafford,CAN,17.08.98,2rA,Stockholm,07.06.2026
1509,4:01.94,Tatyana Tomashova,RUS,01.07.75,4,Athínai,03.07.2006
1509,4:01.94,Marta Pérez,ESP,19.04.93,4,Zürich,09.09.2021
1509,4:01.94,Esther Guerrero,ESP,07.02.90,7s1,Saint-Denis,08.08.2024
1512,4:01.95,Ulrike Bruns,GDR,17.11.53,1,Leipzig,02.07.1978
1512,4:01.95+,Ulrike Bruns,GDR,17.11.53,4,Zürich,21.08.1985
1512,4:01.95,Doina Melinte,ROU,27.12.56,2,Budapest,11.08.1986
1512,4:01.95,Yelena Soboleva,RUS,03.10.82,4,Monaco,20.08.2006
1512,4:01.95,Tatyana Tomashova,RUS,01.07.75,3r2,Moskva,13.06.2012
1512,4:01.95,Laura Weightman,GBR,07.01.91,4,Hengelo,11.06.2017
1512,4:01.95,Nelly Jepkosgei,BRN,14.07.91,5,Stockholm,10.06.2018
1512,4:01.95,Axumawit Embaye,ETH,18.10.94,6,Shanghai,18.05.2019
1520,4:01.96,Yelena Sipatova,RUS,07.06.55,3,Moskva,07.08.1981
1520,4:01.96,Ravilya Agletdinova,BLR,10.02.60,1,Verona,01.06.1984
1520,4:01.96,Gabriella Dorio,ITA,27.06.57,4,Rieti,02.09.1984
1520,4:01.96,Yekaterina Podkopayeva,RUS,11.06.52,3r1,Leningrad,02.08.1985
1520,4:01.96,Kelly Holmes,GBR,19.04.70,4,Roma,11.07.2003
1520,4:01.96,Abeba Aregawi,ETH,05.07.90,1rA,Heusden-Zolder,10.07.2010
1520,4:01.96,Laura Weightman,GBR,07.01.91,2,Ostrava,08.09.2020
1520,4:01.96,Winnie Nanyondo,UGA,23.08.93,3,Székesfehérvár,18.07.2023
1520,4:01.96,Saron Berhe,ETH,22.08.07,2,Moskva,05.06.2026
1529,4:01.97,Alesya Turova,BLR,06.12.79,3,Berlin,06.09.2002
1529,4:01.97,Shannon Rowbury,USA,19.09.84,2,Lausanne,02.09.2008
1529,4:01.97,Abeba Aregawi,SWE,05.07.90,2,Birmingham,07.06.2015
1529,4:01.97,Linden Hall,AUS,20.06.91,12,Eugene,25.05.2024
1533,4:01.98,Lidia Chojecka,POL,25.01.77,6,Saint-Denis,08.07.2006
1533,4:01.98,Abeba Aregawi,ETH,05.07.90,3,Stockholm,06.08.2010
1533,4:01.98,Mimi Belete,BRN,09.06.88,5,Shanghai,18.05.2014
1533,4:01.98,Eilish McColgan,GBR,25.11.90,8,Lausanne,05.07.2018
1533,4:01.98,Winnie Nanyondo,UGA,23.08.93,8,Eugene,18.07.2022
1533,4:01.98,Sintayehu Vissa,ITA,29.07.96,9,Firenze,02.06.2023
1533,4:01.98,Janat Chemusto,UGA,05.07.98,3,Hengelo,04.06.2023
1533,4:01.98,Ciara Mageean,IRL,12.03.92,1,Ostrava,28.05.2024
1541,4:01.99,Courtney Babcock,CAN,30.06.72,7,Bruxelles,05.09.2003
1541,4:01.99,Maryam Yusuf Jamal,BRN,16.09.84,2,Lausanne,07.07.2009
1541,4:01.99,Caster Semenya,RSA,07.01.91,1,Durban,24.06.2016
1541,4:01.99,Weronika Lizakowska,POL,02.11.98,1,Bydgoszcz,30.05.2025
1541,4:01.99,Susan Ejore-Sanders,KEN,09.11.95,3h3,Tokyo,13.09.2025
1546,4:02.0,Lyubov Smolka,UKR,29.11.52,1,Donetsk,28.06.1979
1546,4:02.0,Svetlana Guskova,MDA,19.08.59,6,Moskva,29.07.1979
1546,4:02.0,Zamira Zaytseva,UZB,16.02.53,1,Tbilisi,26.06.1981
1546,4:02.0+,Mary Slaney,USA,04.08.58,1,Oslo,26.06.1982
1546,4:02.00,Olga Dvirna,RUS,11.02.53,2,Leningrad,11.07.1981
1546,4:02.00,Meseret Defar,ETH,19.11.83,2,New York City,12.06.2010
1546,4:02.00+,Janat Chemusto,UGA,05.07.98,5,Oslo,15.06.2023
1546,4:02.00,Edinah Jebitok,KEN,10.11.01,4,Tomblaine,18.06.2023
1546,4:02.00,Gabriela DeBues-Stafford,CAN,13.09.95,1,Turku,17.06.2025
1546,4:02.00,Gabriela DeBues-Stafford,CAN,13.09.95,4h3,Tokyo,13.09.2025
1546,4:02.00,Sarah Billings,AUS,07.03.98,11,Xiamen,23.05.2026
1546,4:02.00+,Dominique Hiltz,USA,23.10.94,2,Eugene,04.07.2026
1558,4:02.02,Anna Alminova,RUS,17.01.85,1,Kazan,20.07.2008
1558,4:02.02,Linden Hall,AUS,20.06.91,1,Canberra,11.03.2021
1558,4:02.02,Katie Snowden,GBR,09.03.94,11,Roma,06.06.2025
1561,4:02.03,Yekaterina Podkopayeva,RUS,11.06.52,8,Barcelona,08.08.1992
1561,4:02.03,Natalya Gorelova,RUS,18.04.73,2,Saint-Denis,06.07.2001
1561,4:02.03,Joanne Pavey,GBR,20.09.73,5,Roma,11.07.2003
1561,4:02.03,Hannah England,GBR,06.03.87,5,Bruxelles,16.09.2011
1561,4:02.03,Lucia Stafford,CAN,17.08.98,4,Westwood,27.05.2023
1561,4:02.03,Emily MacKay,USA,30.04.98,13s2,Saint-Denis,08.08.2024
1561,4:02.03,Riley Chamberlain,USA,21.07.04,2rA,Eagle Rock,12.07.2025
1568,4:02.04,Lyubov Kremlyova,RUS,21.12.61,6,Kyiv,24.06.1984
1568,4:02.04,Abeba Aregawi,ETH,05.07.90,3rA,Stockholm,17.08.2012
1570,4:02.05,Maricica Puica,ROU,29.07.50,3,Rieti,09.09.1981
1570,4:02.05,Zamira Zaytseva,UZB,16.02.53,7,Kyiv,24.06.1984
1570,4:02.05,Cornelia Bürki,SUI,03.10.53,2,Paris,13.07.1985
1570,4:02.05,Eunice Sum,KEN,10.04.88,5,Ad-Dawhah,10.05.2013
1570,4:02.05,Agathe Guillemot,FRA,11.07.99,1,Tomblaine,25.05.2024
1570,4:02.05,Ludovica Cavalli,ITA,20.12.00,6,Bydgoszcz,20.06.2024
1570,4:02.05,Wilma Nielsen,SWE,02.06.01,11,Budapest,12.08.2025
1570,4:02.05,Agathe Guillemot,FRA,11.07.99,5h3,Tokyo,13.09.2025
1578,4:02.06,Tatyana Tomashova,RUS,01.07.75,2,Kazan,09.07.2004
1578,4:02.06,Sofia Ennaoui,POL,30.08.95,3,Birmingham,18.08.2018
1578,4:02.06,Gabriela DeBues-Stafford,CAN,13.09.95,6,Palo Alto,30.06.2019
1581,4:02.07,Claudia Mihaela Bobocea,ROU,11.06.92,5,Rabat,05.06.2022
1582,4:02.08,Svetlana Kitova,TJK,25.06.60,3,Zürich,16.08.1989
1582,4:02.08,Geraldine Hendricken,IRL,19.04.70,3,Paris,14.09.2002
1582,4:02.08,Hind Dehiba,FRA,17.03.79,5,Monaco,09.09.2005
1582,4:02.08+,Jessica Hull,AUS,22.10.96,3,Eugene,04.07.2026
1586,4:02.09,Doina Melinte,ROU,27.12.56,1,Edinburgh,07.07.1989
1586,4:02.09,Nancy Jebet Langat,KEN,22.08.81,1,Hengelo,30.05.2010
1586,4:02.09,Jemma Reekie,GBR,06.03.98,7,London,20.07.2019
1586,4:02.09,Heather MacLean,USA,31.08.95,3,Eugene,21.06.2021
1586,4:02.09,Judith Jemutai,KEN,10.12.93,4,Hengelo,04.06.2023
1586,4:02.09+,Hirut Meshesha,ETH,20.01.01,6,Oslo,15.06.2023
1586,4:02.09,Danielle Jones,USA,21.08.96,9,Westwood,18.05.2024
1586,4:02.09,Heather MacLean,USA,31.08.95,3s1,Eugene,28.06.2024
1586,4:02.09,Cory McGee,USA,29.05.92,4s1,Eugene,28.06.2024
1586,4:02.09+,Revee Walcott-Nolan,GBR,06.03.95,6,London,19.07.2025
1586,4:02.09,Soukaina Hajji,MAR,04.02.97,2,Montreuil,17.06.2026
1597,4:02.1,Lyudmila Kalnitskaya,RUS,03.01.53,1,Podolsk,13.08.1978
1597,4:02.1,Totka Petrova,BUL,17.12.56,1,Sofia,27.07.1979
1597,4:02.1,Maricica Puica,ROU,29.07.50,4h1,Moskva,04.07.1980
1597,4:02.1,Maria Cioncan,ROU,19.06.77,1,Bucuresti,15.06.2002
1597,4:02.10,Olga Churbanova,RUS,16.07.65,3,Köln,21.08.1994
1597,4:02.10,Carla Sacramento,POR,10.12.71,2,Nice,16.07.1998
1597,4:02.10,Maria Cioncan,ROU,19.06.77,1,Bucuresti,08.06.2002
1597,4:02.10,Viola Kibiwott,KEN,22.12.85,5,Osaka,02.09.2007
1597,4:02.10,Lisa Dobriskey,GBR,23.12.83,4,Beijing,23.08.2008
1597,4:02.10A,Faith Kipyegon,KEN,10.01.94,1,Nairobi,17.06.2021
1597,4:02.10,Marta Zenoni,ITA,09.03.99,1,Poznan,06.07.2025
1608,4:02.11,Angela Chalmers,CAN,06.09.63,6,Monaco,11.08.1992
1608,4:02.11,Abeba Aregawi,SWE,05.07.90,1,Lausanne,04.07.2013
1608,4:02.11,Helen Obiri,KEN,13.12.89,1,Beijing,18.05.2016
1608,4:02.11,Linden Hall,AUS,20.06.91,2,Bydgoszcz,30.05.2025
1612,4:02.12,Svetlana Guskova,MDA,19.08.59,2,Moskva,12.06.1982
1612,4:02.12,Maricica Puica,ROU,29.07.50,1,Riccione,22.08.1982
1612,4:02.12,Li Ying,CHN,24.06.75,9,Beijing,11.09.1993
1612,4:02.12,Angela Chalmers,CAN,06.09.63,1,Abbotsford,06.08.1994
1612,4:02.12,Meskerem Assefa,ETH,20.09.85,2,Roma,26.05.2011
1612,4:02.12,Eilish McColgan,GBR,25.11.90,6,Firenze,10.06.2021
1612,4:02.12,Lucia Stafford,CAN,17.08.98,6s2,Tokyo,04.08.2021
1612,4:02.12,Sarah Healy,IRL,13.02.01,2,Ostrava,28.05.2024
1612,4:02.12,Sophie O'Sullivan,IRL,23.12.01,6h3,Tokyo,13.09.2025
1621,4:02.13,Ulrike Bruns,GDR,17.11.53,1s1,Montréal,29.07.1976
1621,4:02.13,Lyudmila Medvedyeva,RUS,18.01.57,4r1,Leningrad,02.08.1985
1621,4:02.13,Kirsty Wade,GBR,06.08.62,1,Gateshead,13.06.1987
1621,4:02.13,Lyudmila Borisova,RUS,08.03.66,2,Sankt Peterburg,04.07.1996
1621,4:02.13,Sonja Roman,SLO,11.03.79,4,Roma,10.07.2009
1621,4:02.13,Lisa Dobriskey,GBR,23.12.83,5,Saint-Denis,06.07.2012
1627,4:02.14,Nelly Chepchirchir,KEN,04.06.03,1s1,Budapest,20.08.2023
1627,4:02.14,Elinor St. Pierre,USA,20.02.95,5s1,Eugene,28.06.2024
1627,4:02.14,Gracie Morris,USA,17.12.01,12,Xiamen,23.05.2026
1630,4:02.15,Elana Meyer,RSA,10.10.66,1,Cape Town,21.03.1992
1630,4:02.15,Regina Jacobs,USA,28.08.63,3,Monaco,02.08.1994
1630,4:02.15,Yelena Zadorozhnaya,RUS,03.12.77,1,Eugene,19.06.2004
1630,4:02.15,Gelete Burka,ETH,23.01.86,1,Shanghai,20.09.2009
1630,4:02.15,Sophie O'Sullivan,IRL,23.12.01,8h3,Budapest,19.08.2023
1630,4:02.15,Abbey Caldwell,AUS,03.07.01,7,Roma,04.06.2026
1636,4:02.16,Qu Yunxia,CHN,25.12.72,1,Nanjing,18.05.1992
1636,4:02.16,Yelena Zadorozhnaya,RUS,03.12.77,1,Tula,09.06.2001
1636,4:02.16,Iryna Lishchynska,UKR,15.01.76,4,Rieti,27.08.2006
1636,4:02.16,Gelete Burka,ETH,23.01.86,2,Ad-Dawhah,14.05.2010
1636,4:02.16,Siham Hilali,MAR,02.05.86,4,Eugene,01.06.2013
1636,4:02.16+,Klaudia Kazimierska,POL,03.09.01,4,Eugene,04.07.2026
1642,4:02.17,Bouchra Ghézielle,FRA,19.05.79,9,Rieti,28.08.2005
1642,4:02.17,Iryna Lishchynska,UKR,15.01.76,2,Saint-Denis,06.07.2007
1644,4:02.18,Lisa Dobriskey,GBR,23.12.83,3,Lausanne,02.09.2008
1644,4:02.18,Maryam Yusuf Jamal,BRN,16.09.84,2s2,London,08.08.2012
1644,4:02.18,Shannon Osika,USA,15.06.93,4,Eugene,21.06.2021
1647,4:02.19,Judit Varga,HUN,16.04.76,6,Roma,11.07.2003
1647,4:02.19,Rababe Arafi,MAR,12.01.91,2,Rabat,16.07.2017
1647,4:02.19+,Dorcus Ewoi,KEN,02.10.96,5,Eugene,04.07.2026
1650,4:02.2,Tamara Koba,UKR,24.02.57,5,Moskva,12.06.1980
1650,4:02.20,Ulrike Bruns,GDR,17.11.53,7,Praha,03.09.1978
1650,4:02.20,Natalya Artyomova,RUS,05.01.63,1h,Kyiv,22.06.1984
1650,4:02.20,Doina Melinte,ROU,27.12.56,1,Berlin,04.07.1990
1650,4:02.20,Lidia Chojecka,POL,25.01.77,5,Rieti,27.08.2006
1650,4:02.20,Ingvill Måkestad Bovim,NOR,07.08.81,5,Rieti,29.08.2010
1650,4:02.20,Jemma Reekie,GBR,06.03.98,1,Marseille,03.09.2020
1650,4:02.20,Susan Ejore-Sanders,KEN,09.11.95,5,Westwood,27.05.2023
1650,4:02.20,Maia Ramsden,NZL,23.03.02,8s1,Saint-Denis,08.08.2024
1650,4:02.20+,Birke Haylom,ETH,06.01.06,7,London,19.07.2025
1650,4:02.20,Esther Guerrero,ESP,07.02.90,7h3,Tokyo,13.09.2025
1661,4:02.21,Ulrike Bruns,GDR,17.11.53,2,Zagreb,16.08.1981
1661,4:02.21,Ulrike Bruns,GDR,17.11.53,2,Potsdam,06.06.1987
1661,4:02.21,Doina Melinte,ROU,27.12.56,1,Bruxelles,25.08.1989
1661,4:02.21,Violeta Szekely,ROU,26.03.65,3,Zürich,07.08.1991
1661,4:02.21,Hassiba Boulmerka,ALG,10.07.68,1,Tokyo,31.08.1991
1661,4:02.21,Olga Nelyubova,RUS,12.06.64,7,Zürich,11.08.2000
1661,4:02.21,Alesya Turova,BLR,06.12.79,3,Athínai,14.06.2005
1661,4:02.21A,Mercy Cherono,KEN,07.05.91,2,Nairobi,01.08.2015
1669,4:02.22,Natalya Artyomova,RUS,05.01.63,1,Erfurt,22.06.1985
1669,4:02.22,Wang Qingfen,CHN,27.03.73,10,Shanghai,18.10.1997
1669,4:02.22,Lucia Stafford,CAN,17.08.98,10h1,Saint-Denis,06.08.2024
1672,4:02.23,Natalya Boborova,RUS,12.02.59,4,Leningrad,26.07.1983
1672,4:02.23,Paula Ivan,ROU,20.07.63,1,Rieti,03.09.1989
1672,4:02.23,Yelena Kanales,RUS,07.02.76,4,Tula,15.06.2006
1672,4:02.23,Águeda Marqués,ESP,19.03.99,12,Budapest,12.08.2025
1672,4:02.23,Patrícia Silva,POR,09.12.99,1r1,Nerja,20.05.2026
1677,4:02.24,Corina Dumbravean,ROU,15.04.84,6,Göteborg,13.08.2006
1677,4:02.24+,Winny Chebet,KEN,20.12.90,3,London,09.07.2017
1677,4:02.24,Winny Chebet,KEN,20.12.90,2,Birmingham,20.08.2017
1677,4:02.24,Winnie Nanyondo,UGA,23.08.93,2h3,Tokyo,02.08.2021
1677,4:02.24,Freweyni Hailu,ETH,12.02.01,1,Lausanne,26.08.2021
1682,4:02.25,Gunhild Hoffmeister,GDR,06.07.44,1,Roma,08.09.1974
1682,4:02.25,Yekaterina Podkopayeva,RUS,11.06.52,3,Helsinki,14.08.1983
1682,4:02.25,Lidiya Volodina,RUS,21.05.53,8,Kyiv,24.06.1984
1682,4:02.25,Susan Krumins,NED,08.07.86,3,Berlin,27.08.2017
1682,4:02.25,Gaia Sabbatini,ITA,10.06.99,8s1,Tokyo,04.08.2021
1682,4:02.25A,Birke Haylom,ETH,06.01.06,2,Nairobi,07.05.2022
1682,4:02.25,Hirut Meshesha,ETH,20.01.01,7,Ad-Dawhah,05.05.2023
1682,4:02.25,Netsanet Desta,ETH,26.10.00,6,Rabat,25.05.2025
1682,4:02.25,Revee Walcott-Nolan,GBR,06.03.95,2,Turku,17.06.2025
1691,4:02.26,Ulrike Bruns,GDR,17.11.53,4,Oslo,04.07.1987
1691,4:02.26,Patricia Djaté,FRA,03.01.71,2,Bruxelles,23.08.1996
1691,4:02.26,Gelete Burka,ETH,23.01.86,2,Zürich,19.08.2010
1691,4:02.26+,Rachel Schneider,USA,18.07.91,9,Monaco,12.07.2019
1695,4:02.27,Hassiba Boulmerka,ALG,10.07.68,4,Köln,21.08.1994
1695,4:02.27,Jackline Maranga,KEN,16.12.77,3,Nice,16.07.1998
1695,4:02.27,Tatyana Tomashova,RUS,01.07.75,1,Bruxelles,03.09.2004
1695,4:02.27,Claudia Mihaela Bobocea,ROU,11.06.92,8,London,20.07.2019
1695,4:02.27,Linden Hall,AUS,20.06.91,3h3,Tokyo,02.08.2021
1695,4:02.27,Esther Guerrero,ESP,07.02.90,13,Bruxelles,08.09.2023
1701,4:02.28,Doina Melinte,ROU,27.12.56,1,Stockholm,02.07.1990
1701,4:02.28,Carla Sacramento,POR,10.12.71,2,Rieti,08.09.2002
1701,4:02.28,Lisa Dobriskey,GBR,23.12.83,5,Monaco,28.07.2009
1701,4:02.28,Shannon Rowbury,USA,19.09.84,4,Eugene,30.05.2015
1701,4:02.28,Freweyni Hailu,ETH,12.02.01,4s1,Eugene,16.07.2022
1701,4:02.28,Revee Walcott-Nolan,GBR,06.03.95,12,Roma,06.06.2025
1707,4:02.29,Malgorzata Rydz,POL,18.01.67,3,Monaco,07.08.1993
1707,4:02.29,Regina Jacobs,USA,28.08.63,1,Boston,30.06.1998
1707,4:02.29,Zahra Ouaziz,MAR,20.12.69,10,Monaco,08.08.1998
1707,4:02.29,Getenesh Wami,ETH,11.12.74,6,Bruxelles,28.08.1998
1707,4:02.29,Carmen Douma,CAN,12.03.77,10,Rieti,28.08.2005
1707,4:02.29,Eilish McColgan,GBR,25.11.90,6,Roma,06.06.2019
1713,4:02.3,Mariem Alaoui Selsouli,MAR,08.04.84,2,Athínai,02.07.2007
1713,4:02.30,Gelete Burka,ETH,23.01.86,1,Shanghai,20.09.2008
1713,4:02.30,Sylwia Ejdys,POL,15.07.84,6,Monaco,28.07.2009
1713,4:02.30,Helen Obiri,KEN,13.12.89,3s2,London,08.08.2012
1713,4:02.30,Jennifer Simpson,USA,23.08.86,3,Roma,06.06.2013
1713,4:02.30,Helen Schlachtenhaufen,USA,14.03.95,5,Zürich,09.09.2021
1713,4:02.30,Saron Berhe,ETH,22.08.07,2,Madrid,22.07.2023
1713,4:02.30+,Agathe Guillemot,FRA,11.07.99,8,London,19.07.2025
1721,4:02.31,Carmen Douma,CAN,12.03.77,9,Athínai,28.08.2004
1721,4:02.31,Nancy Jebet Langat,KEN,22.08.81,4,Athínai,14.06.2005
1721,4:02.31,Mercy Cherono,KEN,07.05.91,3,Barcelona,22.07.2011
1721,4:02.31,Laura Muir,GBR,09.05.93,5,Zürich,08.09.2022
1721,4:02.31,Freweyni Hailu,ETH,12.02.01,1,Stockholm,02.07.2023
1726,4:02.32,Shireen Bailey,GBR,27.09.59,7,Seoul,01.10.1988
1726,4:02.32,Olga Komyagina,RUS,10.02.74,1,Leverkusen,20.08.2000
1726,4:02.32,Janeth Jepkosgei,KEN,13.12.83,6,Bruxelles,16.09.2011
1726,4:02.32,Laura Muir,GBR,09.05.93,1,Berlin,12.08.2018
1726,4:02.32,Katharina Trost,GER,28.06.95,9,Chorzów,16.07.2023
1726,4:02.32,Cory Ann McGee,USA,29.05.92,14,Bruxelles,08.09.2023
1726,4:02.32,Lucia Stafford,CAN,17.08.98,10,Westwood,18.05.2024
1733,4:02.33,Nikolina Shtereva,BUL,21.01.55,2s1,Montréal,29.07.1976
1733,4:02.33,Olga Zhuravlyova,RUS,56,h,Kyiv,22.06.1984
1733,4:02.33,Natalya Gorelova,RUS,18.04.73,5,Monaco,19.07.2002
1733,4:02.33,Naomi Mugo,KEN,02.01.77,6,Saint-Denis,31.08.2003
1733,4:02.33,Yuliya Chizhenko,RUS,30.08.79,1,Sankt Peterburg,19.06.2012
1733,4:02.33,Nozomi Tanaka,JPN,04.09.99,4h3,Tokyo,02.08.2021
1733,4:02.33+,Emily MacKay,USA,30.04.98,6,Eugene,04.07.2026
1740,4:02.34,Doina Melinte,ROU,27.12.56,1,Köln,21.08.1988
1740,4:02.34,Natalya Artyomova,RUS,05.01.63,1,Dijon,15.06.1991
1740,4:02.34,Daniela Yordanova,BUL,08.03.76,7,Saint-Denis,31.08.2003
1740,4:02.34,Yelena Zadorozhnaya,RUS,03.12.77,4,Tula,01.08.2004
1740,4:02.34,Gulnara Galkina,RUS,09.07.78,1,Moskva,12.06.2009
1740,4:02.34,Elinor St. Pierre,USA,20.02.95,7,Roma,06.06.2019
1740,4:02.34,Melissa Courtney-Bryant,GBR,30.08.93,4,Berlin,13.09.2020
1740,4:02.34+,Linden Hall,AUS,20.06.91,7,Oslo,15.06.2023
1748,4:02.35,Nadezhda Ralldugina,RUS,15.11.57,h,Kyiv,22.06.1984
1748,4:02.35,Ravilya Agletdinova,BLR,10.02.60,h,Kyiv,22.06.1984
1748,4:02.35,Jackline Maranga,KEN,16.12.77,2,Monaco,16.08.1997
1748,4:02.35,Axumawit Embaye,ETH,18.10.94,9,Saint-Denis,05.07.2014
1748,4:02.35,Sara Lappalainen,FIN,17.08.91,7s2,Tokyo,04.08.2021
1748,4:02.35,Marta Pérez,ESP,19.04.93,4,Székesfehérvár,18.07.2023
1748,4:02.35,Linden Hall,AUS,20.06.91,12,Chorzów,25.08.2024
1755,4:02.36,Tatyana Dorovskikh,UKR,12.08.61,2,Stuttgart,31.08.1986
1755,4:02.36,Sifan Hassan,NED,01.01.93,1,Lausanne,09.07.2015
1755,4:02.36,Adelle Tracey,JAM,27.05.93,8,Chorzów,06.08.2022
1755,4:02.36+,Salomé Afonso,POR,19.11.97,9,London,19.07.2025
1759,4:02.37,Lyudmila Veselkova,RUS,25.10.50,h,Kyiv,22.06.1984
1759,4:02.37,Judit Varga,HUN,16.04.76,4,München,11.08.2002
1759,4:02.37,Natalya Yevdokimova,RUS,17.03.78,2,Bruxelles,03.09.2004
1759,4:02.37,Shelby Houlihan,USA,08.02.93,1,Portland,30.06.2020
1759,4:02.37,Danielle Jones,USA,21.08.96,2,Tomblaine,25.05.2024
1764,4:02.38,Zamira Zaytseva,UZB,16.02.53,3,Moskva,12.06.1982
1764,4:02.38,Angela Chalmers,CAN,06.09.63,3,Stockholm,12.07.1994
1764,4:02.38,Lyudmila Rogachova,RUS,30.10.66,3,Sankt Peterburg,04.07.1996
1764,4:02.38,Kristina da Fonseca-Wöllheim,GER,10.02.72,6,Zürich,12.08.1998
1764,4:02.38,Shelby Houlihan,USA,08.02.93,12,Eugene,05.07.2025
1769,4:02.39,Lyudmila Rogachova,RUS,30.10.66,1,Moskva,11.06.1992
1769,4:02.39,Maria Mutola,MOZ,27.10.72,4,Monaco,18.08.2000
1771,4:02.4A,Gudaf Tsegay,ETH,23.06.97,1,Addis Abeba,16.01.2021
1771,4:02.40,Lyudmila Rogachova,RUS,30.10.66,1,Sankt Peterburg,16.07.1994
1771,4:02.40,Natalya Gorelova,RUS,18.04.73,3,Edmonton,07.08.2001
1771,4:02.40,Oksana Zbrozhek,RUS,12.01.78,2,Athínai,13.07.2009
1771,4:02.40,Morgan Uceny,USA,10.03.85,5,Lausanne,08.07.2010
1771,4:02.40,Heather MacLean,USA,31.08.95,5h3,Tokyo,02.08.2021
1771,4:02.40A,Faith Kipyegon,KEN,10.01.94,1,Nairobi,18.09.2021
1778,4:02.41,Lyudmila Bragina,RUS,24.07.43,3s1,Montréal,29.07.1976
1778,4:02.41,Tatyana Dorovskikh,UKR,12.08.61,3,Moskva,20.07.1984
1778,4:02.41,Tatyana Dorovskikh,UKR,12.08.61,1,Podolsk,09.09.1985
1778,4:02.41,Lyubov Kremlyova,RUS,21.12.61,3,Kyiv,02.08.1988
1778,4:02.41,Regina Jacobs,USA,28.08.63,1,Eugene,26.06.1999
1778,4:02.41,Esther Guerrero,ESP,07.02.90,4,Stockholm,04.07.2021
1778,4:02.41,Gudaf Tsegay,ETH,23.06.97,6,Zürich,08.09.2022
1785,4:02.42,Brigitte Kraus,FRG,12.08.56,2,Köln,28.08.1983
1785,4:02.42,Hassiba Boulmerka,ALG,10.07.68,1,Göteborg,09.08.1995
1785,4:02.42,Judit Varga,HUN,16.04.76,5,Monaco,13.09.2003
1785,4:02.42,Helen Obiri,KEN,13.12.89,7,Bruxelles,16.09.2011
1785,4:02.42,Abeba Aregawi,ETH,05.07.90,1,Oslo,07.06.2012
1785,4:02.42,Revee Walcott-Nolan,GBR,06.03.95,3,Ostrava,28.05.2024
1791,4:02.43,Gabriella Dorio,ITA,27.06.57,2,Udine,12.06.1983
1791,4:02.43,Nuria Fernández,ESP,16.08.76,1,Barcelona,25.07.2009
1791,4:02.43,Linden Hall,AUS,20.06.91,10,Firenze,02.06.2023
1794,4:02.44,Ravilya Agletdinova,BLR,10.02.60,1,Oslo,16.07.1985
1794,4:02.44,Doina Melinte,ROU,27.12.56,3,Stuttgart,31.08.1986
1794,4:02.44,Wang Renmei,CHN,05.07.70,7h1,Beijing,10.09.1993
1794,4:02.44,Jolanda Ceplak,SLO,12.09.76,1,Eugene,24.05.2003
1794,4:02.44,Sarah Jamieson,AUS,24.03.75,3,Athínai,13.07.2008
1794,4:02.44,Axumawit Embaye,ETH,18.10.94,4,Birmingham,18.08.2018
1794,4:02.44,Tigist Ketema,ETH,15.09.98,7,Eugene,21.08.2021
1794,4:02.44,Mirriam Cherop,KEN,25.06.99,2r1,Nerja,20.05.2026
1802,4:02.45,Gunhild Hoffmeister,GDR,06.07.44,4s1,Montréal,29.07.1976
1802,4:02.45,Lyudmila Vasilyeva,RUS,20.10.69,4,Bruxelles,24.08.2001
1802,4:02.45,Bouchra Ghézielle,FRA,19.05.79,3,Helsinki,14.08.2005
1802,4:02.45,Maryam Yusuf Jamal,BRN,16.09.84,3,Lausanne,11.07.2006
1802,4:02.45,Tatyana Tomashova,RUS,01.07.75,2,Athínai,17.09.2006
1802,4:02.45,Gudaf Tsegay,ETH,23.06.97,1,Ostrava,13.06.2018
1808,4:02.46,Natalya Gorelova,RUS,18.04.73,4,Berlin,06.09.2002
1808,4:02.46,Yelena Zadorozhnaya,RUS,03.12.77,8,Saint-Denis,31.08.2003
1808,4:02.46,Olga Yegorova,RUS,28.03.72,5,Athínai,03.07.2006
1808,4:02.46,Birke Haylom,ETH,06.01.06,2s1,Budapest,20.08.2023
1808,4:02.46,Emily MacKay,USA,30.04.98,1s2,Eugene,28.06.2024
1808,4:02.46,Ludovica Cavalli,ITA,20.12.00,21,Saint-Denis,07.08.2024
1814,4:02.47,Doina Melinte,ROU,27.12.56,1,Zürich,18.08.1982
1814,4:02.47,Lyubov Gurina,RUS,06.08.57,4,Monaco,02.08.1994
1814,4:02.47,Olga Nelyubova,RUS,12.06.64,1,Moskva,03.08.1998
1814,4:02.47,Natalya Gorelova,RUS,18.04.73,7,Zürich,16.08.2002
1818,4:02.48,Tatyana Dorovskikh,UKR,12.08.61,1,Leningrad,08.06.1986
1818,4:02.48,Natalya Artyomova,RUS,05.01.63,1,Monaco,03.08.1991
1818,4:02.48,Yekaterina Podkopayeva,RUS,11.06.52,4,Monaco,07.08.1993
1818,4:02.48,Yelena Soboleva,RUS,03.10.82,4,Helsinki,14.08.2005
1818,4:02.48,Ciara Mageean,IRL,12.03.92,5,Monaco,09.07.2021
1823,4:02.49,Natalya Boborova,RUS,12.02.59,9,Kyiv,24.06.1984
1823,4:02.49,Mary Slaney,USA,04.08.58,8,Seoul,01.10.1988
1823,4:02.49,Maryam Yusuf Jamal,BRN,16.09.84,5,Helsinki,14.08.2005
1823,4:02.49,Yevgeniya Zolotova,RUS,28.04.83,3,Cheboksary,26.07.2009
1823,4:02.49,Kate Grace,USA,24.10.88,1,Minsk,10.09.2019
1823,4:02.49,Heather MacLean,USA,31.08.95,1rB,Westwood,17.05.2024
1829,4:02.5,Svetlana Guskova,MDA,19.08.59,3,Kaunas,12.08.1979
1829,4:02.5,Yelena Sipatova,RUS,07.06.55,5r1,Sochi,23.05.1980
1829,4:02.5,Olga Dvirna,RUS,11.02.53,6,Moskva,12.06.1980
1829,4:02.50,Viola Kibiwott,KEN,22.12.85,6,Monaco,19.07.2013
1829,4:02.50,Caster Semenya,RSA,07.01.91,1,Paarl,22.03.2018
1829,4:02.50,Habitam Alemu,ETH,09.07.97,6,Rabat,05.06.2022
1835,4:02.51,Regina Jacobs,USA,28.08.63,4,Roma,12.07.2002
1836,4:02.52,Kelly Holmes,GBR,19.04.70,4,Stockholm,12.07.1994
1836,4:02.52,Natalya Tobias,UKR,22.11.80,6,Rieti,27.08.2006
1836,4:02.52,Brenda Martinez,USA,08.09.87,7,Eugene,31.05.2014
1839,4:02.53,Natalya Artyomova,RUS,05.01.63,1,Moskva,10.06.1990
1839,4:02.53,Esther Guerrero,ESP,07.02.90,6,Monaco,09.07.2021
1839,4:02.53+,Worknesh Mesele,ETH,10.06.01,8,Oslo,15.06.2023
1839,4:02.53,Sarah McDonald,GBR,02.08.93,3,Madrid,22.07.2023
1843,4:02.54,Maricica Puica,ROU,29.07.50,1,Lausanne,10.07.1985
1843,4:02.54,Hasna Benhassi,MAR,01.06.78,7,Roma,11.07.2003
1843,4:02.54,Stephanie Twell,GBR,17.08.89,3,Zürich,19.08.2010
1843,4:02.54,Jennifer Simpson,USA,23.08.86,3,New York City,14.06.2014
1843,4:02.54,Teresia Gateri,KEN,05.01.02,1r2,Yamaguchi,22.09.2024
1848,4:02.55,Ulrike Bruns,GDR,17.11.53,1,Erfurt,28.05.1978
1848,4:02.55,Lidiya Volodina,RUS,21.05.53,4,Moskva,20.07.1984
1848,4:02.55,Oleysa Mikheyeva,RUS,23.07.81,11,Rieti,28.08.2005
1848,4:02.55,Maryam Yusuf Jamal,BRN,16.09.84,2,Eugene,28.05.2006
1848,4:02.55,Adelle Tracey,GBR,27.05.93,5rA,Ostrava,31.05.2022
1848,4:02.55,Faith Kipyegon,KEN,10.01.94,1h4,Tokyo,13.09.2025
1848,4:02.55,Rosemary Lokwom,KEN,26.09.04,1r2,Azusa,18.04.2026
1855,4:02.56+,Mary Slaney,USA,04.08.58,1,Oslo,27.07.1985
1855,4:02.56,Natalya Pantelyeva,RUS,18.08.83,1,Monaco,29.07.2008
1855,4:02.56,Shannon Rowbury,USA,19.09.84,5,Berlin,13.09.2020
1855,4:02.56,Ciara Mageean,IRL,12.03.92,2,München,19.08.2022
1855,4:02.56,Elise Cranny,USA,09.05.96,2s2,Eugene,28.06.2024
1860,4:02.57,Süreyya Ayhan-Kop,TUR,06.09.78,1,Madrid,21.09.2002
1860,4:02.57,Natalia Rodríguez,ESP,02.06.79,8,Bruxelles,16.09.2011
1860,4:02.57+,Jennifer Simpson,USA,23.08.86,4,London,09.07.2017
1860,4:02.57,Jemma Reekie,GBR,06.03.98,1,Chorzów,18.05.2024
1864,4:02.58,Olga Zhuravlyova,RUS,56,2,Kyiv,27.08.1983
1864,4:02.58,Christina Cahill,GBR,25.03.57,2,Moskva,18.08.1985
1864,4:02.58,Tatyana Dorovskikh,UKR,12.08.61,2,Tokyo,31.08.1991
1864,4:02.58,Winny Chebet,KEN,20.12.90,4,Stockholm,23.08.2020
1864,4:02.58,Hanna Klein,GER,06.04.93,1,Nice,12.06.2021
1864,4:02.58,Maia Ramsden,NZL,23.03.02,11,Westwood,18.05.2024
1864,4:02.58,Whittni Morgan,USA,22.10.97,1rA,Eagle Rock,20.07.2024
1864,4:02.58+,Georgia Hunter Bell,GBR,17.10.93,7,Eugene,04.07.2026
1872,4:02.59,Irene Jelagat,KEN,10.12.88,4,Hengelo,29.05.2011
1872,4:02.59,Siham Hilali,MAR,02.05.86,6,Saint-Denis,06.07.2012
1872,4:02.59,Genzebe Dibaba,ETH,08.02.91,1h3,Beijing,22.08.2015
1872,4:02.59,Faith Kipyegon,KEN,10.01.94,1,London,07.08.2017
1876,4:02.6,Lyudmila Bragina,RUS,24.07.43,3,Podolsk,28.06.1976
1876,4:02.60,Maria Mutola,MOZ,27.10.72,9,Barcelona,08.08.1992
1876,4:02.60,Olga Komyagina,RUS,10.02.74,4,Bruxelles,25.08.2000
1876,4:02.60,Iryna Lishchynska,UKR,15.01.76,1,Dortmund,15.06.2003
1876,4:02.60,Ludovica Cavalli,ITA,20.12.00,14,Roma,30.08.2024
1881,4:02.61,Janice Merrill,USA,18.06.56,5s1,Montréal,29.07.1976
1881,4:02.61,Zamira Zaytseva,UZB,16.02.53,1,Moskva,22.06.1983
1881,4:02.61,Adelle Tracey,JAM,27.05.93,5,Székesfehérvár,18.07.2023
1881,4:02.61,Saron Berhe,ETH,22.08.07,2,Ad-Dawhah,19.06.2026
1885,4:02.62,Hassiba Boulmerka,ALG,10.07.68,3,Monaco,16.08.1997
1885,4:02.62,Meraf Bahta,SWE,24.06.89,3,London,22.07.2016
1885,4:02.62,Jessica Hull,AUS,22.10.96,7,Palo Alto,30.06.2019
1885,4:02.62,Elise Cranny,USA,09.05.96,1rA,Portland,29.05.2021
1885,4:02.62,Faith Kipyegon,KEN,10.01.94,1h2,Budapest,19.08.2023
1890,4:02.63,Natalya Artyomova,RUS,05.01.63,5,Leningrad,26.07.1983
1890,4:02.63,Sonia O'Sullivan,IRL,28.11.69,7,Zürich,12.08.1998
1890,4:02.63,Naomi Mugo,KEN,02.01.77,6,Monaco,13.09.2003
1890,4:02.63,Sarah Jamieson,AUS,24.03.75,7,Rieti,27.08.2006
1890,4:02.63,Luiza Gega,ALB,05.11.88,4,Ad-Dawhah,15.05.2015
1890,4:02.63,Elise Vanderelst,BEL,27.01.98,7,Firenze,10.06.2021
1890,4:02.63,Jessica Hull,AUS,22.10.96,11,Tokyo,06.08.2021
1890,4:02.63,Axumawit Embaye,ETH,18.10.94,1,Chorzów,04.06.2023
1890,4:02.63,Salma Elbadra,MAR,12.09.04,1r6,Winston-Salem,17.04.2026
1899,4:02.64,Carla Sacramento,POR,10.12.71,1,Nice,10.07.1996
1899,4:02.64,Suzy Favor Hamilton,USA,08.08.68,3,Saint-Denis,06.07.2001
1899,4:02.64,Malindi Elmore,CAN,13.03.80,4,Roma,02.07.2004
1899,4:02.64,Mimi Belete,ETH,09.06.88,6,Lausanne,08.07.2010
1899,4:02.64,Maureen Koster,NED,07.03.92,6,Roma,04.06.2015
1899,4:02.64,Heather MacLean,USA,31.08.95,1,Atlanta,31.05.2024
1899,4:02.64,Laura Muir,GBR,09.05.93,8,Stockholm,02.06.2024
1899,4:02.64+,Esther Guerrero,ESP,07.02.90,10,London,19.07.2025
1907,4:02.65,Natalia Marasescu,ROU,03.10.52,1,Bucuresti,17.07.1977
1907,4:02.65,Violeta Szekely,ROU,26.03.65,7,Bruxelles,28.08.1998
1907,4:02.65,Yekaterina Rozenberg,RUS,23.01.80,8,Roma,11.07.2003
1907,4:02.65,Brenda Martinez,USA,08.09.87,7,Eugene,26.05.2018
1907,4:02.65,Axumawit Embaye,ETH,18.10.94,8,Roma,06.06.2019
1907,4:02.65,Jessica Hull,AUS,22.10.96,5,Stockholm,23.08.2020
1907,4:02.65,Linden Hall,AUS,20.06.91,1,Stockholm,30.06.2022
1907,4:02.65,Lucia Stafford,CAN,17.08.98,2,Atlanta,31.05.2024
1915,4:02.66,Margrit Klinger,FRG,22.06.60,3,Köln,28.08.1983
1915,4:02.66,Yelena Kanales,RUS,07.02.76,4r3,Tula,13.07.2005
1915,4:02.66,Laura Weightman,GBR,07.01.91,4,London,22.07.2016
1915,4:02.66,Winny Chebet,KEN,20.12.90,10,Saint-Denis,27.08.2016
1915,4:02.66A,Edinah Jebitok,KEN,10.11.01,3,Nairobi,07.05.2022
1915,4:02.66,Sarah Madeleiene,FRA,20.09.98,2h4,Tokyo,13.09.2025
1921,4:02.67,Ravilya Agletdinova,BLR,10.02.60,4,Helsinki,14.08.1983
1921,4:02.67,Yekaterina Podkopayeva,RUS,11.06.52,h,Kyiv,22.06.1984
1921,4:02.67,Lyudmila Veselkova,RUS,25.10.50,10,Kyiv,24.06.1984
1921,4:02.67,Carla Sacramento,POR,10.12.71,3,Bruxelles,23.08.1996
1921,4:02.67,Judit Varga,HUN,16.04.76,8,Bruxelles,05.09.2003
1921,4:02.67,Abeba Aregawi,SWE,05.07.90,1,Moskva,15.08.2013
1921,4:02.67,Genzebe Dibaba,ETH,08.02.91,1h1,London,04.08.2017
1921,4:02.67,Claudia Mihaela Bobocea,ROU,11.06.92,2,Marseille,03.09.2020
1921,4:02.67,Nelly Chepchirchir,KEN,04.06.03,1h3,Saint-Denis,06.08.2024
1921,4:02.67,Sarah Healy,IRL,13.02.01,3h4,Tokyo,13.09.2025
1931,4:02.68,Naomi Mugo,KEN,02.01.77,3,Stuttgart,19.07.1998
1931,4:02.68,Gelete Burka,ETH,23.01.86,3,Eugene,28.05.2006
1931,4:02.68,Gudaf Tsegay,ETH,23.06.97,1h3,Eugene,15.07.2022
1931,4:02.68,Helen Schlachtenhaufen,USA,14.03.95,3s2,Eugene,28.06.2024
1935,4:02.69,Svetlana Kitova,TJK,25.06.60,2,Bruxelles,25.08.1989
1935,4:02.69,Yvonne Graham,GER,22.08.65,1,Potsdam,13.06.1990
1935,4:02.69,Lyudmila Rogachova,RUS,30.10.66,2,Nice,10.07.1996
1935,4:02.69,Lidia Chojecka,POL,25.01.77,1,Bydgoszcz,09.07.2000
1935,4:02.69,Gulnara Galkina,RUS,09.07.78,3,Kazan,09.07.2004
1935,4:02.69,Georgia Griffith,AUS,05.12.96,9s1,Saint-Denis,08.08.2024
1941,4:02.7,Gunhild Hoffmeister,GDR,06.07.44,1,Karl-Marx-Stadt,08.08.1976
1941,4:02.7,Olga Dvirna,RUS,11.02.53,5h1,Moskva,04.07.1980
1941,4:02.7,Lyudmila Medvedyeva,RUS,18.01.57,1,Donetsk,10.08.1985
1941,4:02.70,Gabriella Dorio,ITA,27.06.57,1,Milano,03.07.1980
1941,4:02.70,Viola Kibiwott,KEN,22.12.85,2,Hengelo,01.06.2009
1941,4:02.70,Stephanie Twell,GBR,17.08.89,5,Barcelona,01.08.2010
1941,4:02.70,Ciara Mageean,IRL,12.03.92,3s1,Budapest,20.08.2023
1941,4:02.70,Jessica Hull,AUS,22.10.96,2h3,Saint-Denis,06.08.2024
1941,4:02.70,Haregeweyn Kalayu,ETH,29.05.09,12,Paris,28.06.2026
1941,4:02.70,Aster Areri,ETH,16.04.07,13,Paris,28.06.2026
1951,4:02.71,Tatyana Dorovskikh,UKR,12.08.61,1,Roma,10.09.1986
1951,4:02.71,Natalya Tobias,UKR,22.11.80,7,Göteborg,13.08.2006
1951,4:02.71,Maryam Yusuf Jamal,BRN,16.09.84,5,Beijing,23.08.2008
1951,4:02.71+,Shannon Rowbury,USA,19.09.84,3,Rieti,07.09.2008
1951,4:02.71,Rababe Arafi,MAR,12.01.91,1,Beijing,21.05.2014
1951,4:02.71,Cory Ann McGee,USA,29.05.92,4s1,Budapest,20.08.2023
1951,4:02.71,Svetlana Aplachkina,RUS,28.11.92,1,Yekaterinburg,18.08.2024
1951,4:02.71+,Sarah Healy,IRL,13.02.01,8,Eugene,04.07.2026
1959,4:02.72,Lyudmila Rogachova,RUS,30.10.66,3,Tokyo,31.08.1991
1959,4:02.72,Morgan Uceny,USA,10.03.85,4,Stockholm,06.08.2010
1959,4:02.72,Laura Weightman,GBR,07.01.91,8,Eugene,31.05.2014
1959,4:02.72,Diribe Welteji,ETH,13.05.02,2h2,Budapest,19.08.2023
1963,4:02.73,Lyudmila Rogachova,RUS,30.10.66,3,Nice,18.07.1994
1963,4:02.73,Gudaf Tsegay,ETH,23.06.97,5,Shanghai,14.05.2016
1963,4:02.73,Sofia Ennaoui,POL,30.08.95,1h2,München,16.08.2022
1966,4:02.74,Lyubov Kremlyova,RUS,21.12.61,2,Noisy-le-Grand,04.07.1992
1966,4:02.74,Violeta Szekely,ROU,26.03.65,4,Nice,16.07.1998
1966,4:02.74,Naomi Mugo,KEN,02.01.77,8,Bruxelles,28.08.1998
1966,4:02.74,Alesya Turova,BLR,06.12.79,4,Paris,14.09.2002
1966,4:02.74,Kutre Dulecha,ETH,22.08.78,9,Roma,11.07.2003
1966,4:02.74,Hind Dehiba,FRA,17.03.79,6,Athínai,03.07.2006
1966,4:02.74,Winnie Nanyondo,UGA,23.08.93,7,Rabat,05.06.2022
1966,4:02.74,Cory Ann McGee,USA,29.05.92,5s1,Eugene,16.07.2022
1966,4:02.74,Erin Wallace,GBR,18.05.00,1,Troyes,22.06.2025
1975,4:02.75,Natalya Yevdokimova,RUS,17.03.78,2,Lausanne,05.07.2005
1975,4:02.75,Siham Hilali,MAR,02.05.86,4,Monaco,22.07.2011
1975,4:02.75,Nelly Jepkosgei,BRN,14.07.91,5,Hengelo,11.06.2017
1975,4:02.75,Brenda Martinez,USA,08.09.87,3,Rabat,16.07.2017
1975,4:02.75,Axumawit Embaye,ETH,18.10.94,5,Bruxelles,31.08.2018
1975,4:02.75,Laura Muir,GBR,09.05.93,1,Birmingham,07.08.2022
1975,4:02.75,Esther Guerrero,ESP,07.02.90,1,La Nucía,30.06.2024
1975,4:02.75,Saron Berhe,ETH,22.08.07,13,Shaoxing,16.05.2026
1983,4:02.76,Viorica Ghican,ROU,09.06.65,1,Bucuresti,11.06.1988
1983,4:02.76,Yekaterina Podkopayeva,RUS,11.06.52,4,Sankt Peterburg,04.07.1996
1983,4:02.76,Olga Yegorova,RUS,28.03.72,1,Glasgow,01.07.2001
1983,4:02.76,Jennifer Simpson,USA,23.08.86,2,London,07.08.2017
1987,4:02.77,Tatyana Dorovskikh,UKR,12.08.61,2,Sochi,10.06.1984
1987,4:02.77,Dolores Checa,ESP,27.12.82,4,Athínai,13.07.2008
1987,4:02.77,Faith Kipyegon,KEN,10.01.94,2h3,Beijing,22.08.2015
1987,4:02.77,Angelika Cichocka,POL,15.03.88,8,Bruxelles,01.09.2017
1987,4:02.77,Winny Chebet,KEN,20.12.90,7,Monaco,09.07.2021
1987,4:02.77,Katie Snowden,GBR,09.03.94,6h3,Tokyo,02.08.2021
1987,4:02.77,Marta Zenoni,ITA,09.03.99,4h4,Tokyo,13.09.2025
1994,4:02.78,Yekaterina Podkopayeva,RUS,11.06.52,2,Moskva,11.06.1992
1994,4:02.78,Sonia O'Sullivan,IRL,28.11.69,9,Roma,14.07.1998
1994,4:02.78,Svetlana Masterkova,RUS,17.01.68,1rA,Barcelona,25.07.2000
1994,4:02.78,Tatyana Tomashova,RUS,01.07.75,7,Monaco,13.09.2003
1994,4:02.78,Axumawit Embaye,ETH,18.10.94,3,Glasgow,11.07.2014
1994,4:02.78,Helen Schlachtenhaufen,USA,14.03.95,8,Eugene,21.08.2021
1994,4:02.78,Axumawit Embaye,ETH,18.10.94,1,Marseille,15.06.2022
1994,4:02.78,Addison Wiley,USA,24.10.03,3,Atlanta,31.05.2024
2002,4:02.79,Zamira Zaytseva,UZB,16.02.53,1,Kyiv,26.08.1981
2002,4:02.79,Brigitte Kraus,FRG,12.08.56,1,Rhede,29.07.1983
2002,4:02.79,Anna Mishchenko,UKR,25.08.83,2r1,Rieti,10.09.2011
2002,4:02.79+,Angelika Cichocka,POL,15.03.88,5,London,09.07.2017
2002,4:02.79,Hirut Meshesha,ETH,20.01.01,5,Hengelo,08.06.2021
2002,4:02.79,Diribe Welteji,ETH,13.05.02,2,Stockholm,02.07.2023
2002,4:02.79,Melissa Courtney-Bryant,GBR,30.08.93,5s1,Budapest,20.08.2023
2002,4:02.79,Maggi Congdon,USA,23.07.02,4s2,Eugene,28.06.2024
2002,4:02.79,Karissa Schweizer,USA,04.05.96,2rA,Eagle Rock,20.07.2024
2002,4:02.79,Cory Ann McGee,USA,29.05.92,13,Chorzów,25.08.2024
2002,4:02.79,Kate Current,CAN,16.02.98,13,Budapest,12.08.2025
2013,4:02.8,Olga Dvirna,RUS,11.02.53,1,Tbilisi,17.09.1978
2013,4:02.8+,Mary Slaney,USA,04.08.58,1,London,02.08.1985
2013,4:02.80,Fita Lovin,ROU,14.01.51,3,Udine,12.06.1983
2013,4:02.80,Violeta Szekely,ROU,26.03.65,1,Berlin,01.09.2000
2013,4:02.80,Maria Cioncan,ROU,19.06.77,9,Saint-Denis,31.08.2003
2013,4:02.80,Olga Yegorova,RUS,28.03.72,4,Lausanne,11.07.2006
2013,4:02.80,Netsanet Desta,ETH,26.10.00,4,Ostrava,28.05.2024
2013,4:02.80,Marta Pérez,ESP,19.04.93,15,Roma,30.08.2024
2021,4:02.81,Tatyana Kazankina,RUS,17.12.51,1,Helsinki,22.06.1976
2021,4:02.81,Tamara Sorokina,RUS,15.08.50,6,Leningrad,26.07.1983
2021,4:02.81,Lidia Chojecka,POL,25.01.77,3,Monaco,04.08.1999
2021,4:02.81,Dawit Seyaum,ETH,27.07.96,8,Eugene,26.05.2018
2021,4:02.81,Besu Sado,ETH,12.01.96,6,Stockholm,10.06.2018
2021,4:02.81,Karissa Schweizer,USA,04.05.96,2,Portland,30.06.2020
2021,4:02.81,Laura Muir,GBR,09.05.93,1,Birmingham,21.05.2022
2021,4:02.81,Melissa Courtney-Bryant,GBR,30.08.93,5,Hengelo,04.06.2023
2021,4:02.81,Gabija Galvydyte,LTU,17.01.00,5h4,Tokyo,13.09.2025
2030,4:02.82,Natalya Gorelova,RUS,18.04.73,8,Zürich,11.08.2000
2030,4:02.82,Yekaterina Rozenberg,RUS,23.01.80,8,Monaco,13.09.2003
2030,4:02.82,Sarah Jamieson,AUS,24.03.75,3,Athínai,17.09.2006
2030,4:02.82,Abbey Caldwell,AUS,03.07.01,1,Perth,14.02.2026
2034,4:02.83,Gunhild Hoffmeister,GDR,06.07.44,2,München,09.09.1972
2034,4:02.83+,Kirsty Wade,GBR,06.08.62,2,Oslo,27.07.1985
2034,4:02.83,Getenesh Wami,ETH,11.12.74,8,Zürich,12.08.1998
2034,4:02.83,Lidia Chojecka,POL,25.01.77,3rA,Lausanne,06.07.2004
2034,4:02.83,Yuliya Chizhenko,RUS,30.08.79,6,Monaco,09.09.2005
2034,4:02.83,Gudaf Tsegay,ETH,23.06.97,2,Beijing,21.05.2014
2034,4:02.83,Danielle Jones,USA,21.08.96,1rA,Memphis,05.08.2023
2034,4:02.83,Ludovica Cavalli,ITA,20.12.00,6s1,Budapest,20.08.2023
2034,4:02.83,Maia Ramsden,NZL,23.03.02,6h2,Saint-Denis,06.08.2024
2034,4:02.83,Marta Pérez,ESP,19.04.93,3rA,Tomblaine,04.07.2025
2044,4:02.84,Andrea Hahmann,GER,03.06.66,1,Dresden,11.06.1988
2044,4:02.84,Marina Yachmeneva,RUS,14.07.61,4,Kyiv,02.08.1988
2044,4:02.84,Natalia Rodríguez,ESP,02.06.79,5,Roma,12.07.2002
2044,4:02.84,Gelete Burka,ETH,23.01.86,5,Stockholm,06.08.2010
2044,4:02.84,Maryam Yusuf Jamal,BRN,16.09.84,7,Saint-Denis,06.07.2012
2044,4:02.84,Caster Semenya,RSA,07.01.91,2h1,London,04.08.2017
2044,4:02.84,Winny Chebet,KEN,20.12.90,5,Nanjing,21.05.2019
2044,4:02.84+,Erin Wallace,GBR,18.05.00,11,London,19.07.2025
2052,4:02.85,Paola Cacchi,ITA,30.12.45,3,München,09.09.1972
2052,4:02.85,Marla Runyan,USA,04.01.69,6,Roma,12.07.2002
2052,4:02.85,Treniere Moser,USA,27.10.81,5,Eugene,01.06.2013
2052,4:02.85,Cory Ann McGee,USA,29.05.92,9,Chorzów,06.08.2022
2056,4:02.86,Margarita Marusova,RUS,25.11.67,5,Nice,16.07.1998
2056,4:02.86,Rababe Arafi,MAR,12.01.91,6,Shanghai,18.05.2014
2056,4:02.86,Sarah Healy,IRL,13.02.01,6rA,Ostrava,31.05.2022
2059,4:02.87,Tatyana Dorovskikh,UKR,12.08.61,h,Kyiv,22.06.1984
2059,4:02.87,Sinclaire Johnson,USA,13.04.98,9,Monaco,10.08.2022
2059,4:02.87,Erin Wallace,GBR,18.05.00,3rA,Stockholm,07.06.2026
2062,4:02.88,Ulrike Bruns,GDR,17.11.53,1,Vilnius,24.06.1978
2062,4:02.88,Natalya Gorelova,RUS,18.04.73,2,Tula,26.07.2000
2062,4:02.88,Esther Guerrero,ESP,07.02.90,1,Zagreb,10.09.2023
2062,4:02.88+,Linden Hall,AUS,20.06.91,12,London,19.07.2025
2066,4:02.89,Doina Melinte,ROU,27.12.56,9,Seoul,01.10.1988
2066,4:02.89,Suzy Favor Hamilton,USA,08.08.68,1,Madrid,19.07.2003
2066,4:02.89,Linden Hall,AUS,20.06.91,7,Stockholm,10.06.2018
2069,4:02.9,Giana Romanova,RUS,10.03.55,1,Sochi,09.06.1979
2069,4:02.9,Raisa Belousova,RUS,29.02.52,6r1,Sochi,23.05.1980
2069,4:02.9,Valentina Ilyinykh,RUS,12.12.56,7,Moskva,12.06.1980
2069,4:02.90,Heike Oehme,GER,11.11.63,1,Tallinn,21.06.1986
2069,4:02.90,Elena Antoci,ROU,16.01.75,6,Monaco,19.07.2002
2069,4:02.90,Judit Varga,HUN,16.04.76,5,Paris,14.09.2002
2069,4:02.90,Oleysa Mikheyeva,RUS,23.07.81,5r3,Tula,13.07.2005
2069,4:02.90,Dawit Seyaum,ETH,27.07.96,3,Oslo,11.06.2015
2069,4:02.90,Caster Semenya,RSA,07.01.91,3,London,07.08.2017
2069,4:02.90,Laura Weightman,GBR,07.01.91,8,Stockholm,10.06.2018
2069,4:02.90,Esther Chebor,KEN,21.04.81,6,Nanjing,21.05.2019
2069,4:02.90,Heather MacLean,USA,31.08.95,7,Zürich,08.09.2022
2081,4:02.91,Tamara Sorokina,RUS,15.08.50,1,Celje,18.08.1981
2081,4:02.91,Gabriela Szabo,ROU,14.11.75,1,Hengelo,01.06.1998
2081,4:02.91,Maria Cioncan,ROU,19.06.77,1,Bucuresti,07.06.2003
2081,4:02.91,Laura Muir,GBR,09.05.93,2,Hengelo,08.06.2014
2081,4:02.91,Sarah Healy,IRL,13.02.01,7h2,Saint-Denis,06.08.2024
2081,4:02.91,Simone Plourde,CAN,08.08.00,3rA,Eagle Rock,12.07.2025
2087,4:02.92,Laimute Baikauskaite,LTU,10.06.56,5,Kyiv,17.07.1986
2087,4:02.92,Kutre Dulecha,ETH,22.08.78,1,Roma,30.06.2000
2087,4:02.92,Lisa Dobriskey,GBR,23.12.83,4,Zürich,19.08.2010
2087,4:02.92,Sifan Hassan,NED,01.01.93,1h1,Budapest,19.08.2023
2087,4:02.92,Addison Wiley,USA,24.10.03,5s2,Eugene,28.06.2024
2087,4:02.92,Erin Wallace,GBR,18.05.00,1,Nice,31.05.2025
2093,4:02.93,Olga Yegorova,RUS,28.03.72,1,Villeneuve d'Ascq,26.06.2004
2093,4:02.93,Sofia Ennaoui,POL,30.08.95,2rA,Madrid,22.06.2018
2093,4:02.93,Katie Snowden,GBR,09.03.94,9s1,Tokyo,04.08.2021
2093,4:02.93,Sarah Billings,AUS,07.03.98,7,Rabat,25.05.2025
2097,4:02.94,Natalya Gorelova,RUS,18.04.73,3,Rieti,08.09.2002
2097,4:02.94,Olga Yegorova,RUS,28.03.72,3,Bruxelles,03.09.2004
2097,4:02.94,Sarah Jamieson,AUS,24.03.75,3,Saint-Denis,18.07.2008
2097,4:02.94,Rababe Arafi,MAR,12.01.91,7,Roma,04.06.2015
2097,4:02.94,Winny Chebet,KEN,20.12.90,7,Shanghai,18.05.2019
2097,4:02.94,Dominique Hiltz,USA,23.10.94,3,Trabuco Hills,18.07.2021
2103,4:02.95,Zamira Zaytseva,UZB,16.02.53,h,Kyiv,22.06.1984
2103,4:02.95,Jackline Maranga,KEN,16.12.77,9,Zürich,12.08.1998
2103,4:02.95,Shannon Rowbury,USA,19.09.84,6,Stockholm,06.08.2010
2103,4:02.95,Rababe Arafi,MAR,12.01.91,3,Birmingham,20.08.2017
2103,4:02.95,Gudaf Tsegay,ETH,23.06.97,1rA,Ostrava,20.06.2019
2103,4:02.95,Linden Hall,AUS,20.06.91,2,Lausanne,26.08.2021
2109,4:02.96,Lyudmila Veselkova,RUS,25.10.50,1r1,Moskva,19.09.1981
2109,4:02.96,Nadezhda Ralldugina,RUS,15.11.57,3,Sochi,10.06.1984
2109,4:02.96,Natalya Boborova,RUS,12.02.59,h,Kyiv,22.06.1984
2109,4:02.96,Nouria Mérah-Benida,ALG,19.10.70,2,Roma,30.06.2000
2109,4:02.96,Nancy Jebet Langat,KEN,22.08.81,2,Shanghai,20.09.2009
2109,4:02.96,Sheila Reid,CAN,02.08.89,6,Eugene,01.06.2013
2109,4:02.96,Shannon Rowbury,USA,19.09.84,4rA,Stockholm,21.08.2014
2109,4:02.96,Georgia Griffith,AUS,05.12.96,8,Bruxelles,02.09.2022
2109,4:02.96,Marta Pérez,ESP,19.04.93,7s1,Budapest,20.08.2023
2109,4:02.96,Claudia Hollingsworth,AUS,12.04.05,1rA,Melbourne,04.04.2024
2109,4:02.96,Cory Ann McGee,USA,29.05.92,12,Westwood,18.05.2024
2120,4:02.97,Daniela Yordanova,BUL,08.03.76,4,Athínai,17.09.2006
2120,4:02.97,Laura Muir,GBR,09.05.93,4,London,07.08.2017
2120,4:02.97,Lemlem Hailu,ETH,25.05.01,11,Rabat,16.06.2019
2120,4:02.97,Diane van Es,NED,22.03.99,3,Cork,11.07.2025
2124,4:02.98,Ileana Silai,ROU,14.10.41,8,Moskva,01.08.1980
2124,4:02.98,Kalkidan Gezahegne,ETH,08.05.91,3,Athínai,13.07.2009
2124,4:02.98,Katie Snowden,GBR,09.03.94,1r1,Irvine,15.05.2021
2124,4:02.98,Laura Muir,GBR,09.05.93,9,Stockholm,02.06.2024
2128,4:02.99,Laura Weightman,GBR,07.01.91,4s2,London,08.08.2012
2128,4:02.99,Lucia Hrivnák Klocová,SVK,20.11.83,5s2,London,08.08.2012
2128,4:02.99,Jennifer Simpson,USA,23.08.86,2,Moskva,15.08.2013
2128,4:02.99,Kate Grace,USA,24.10.88,8,Palo Alto,30.06.2019
2128,4:02.99+,Axumawit Embaye,ETH,18.10.94,2,Bruxelles,03.09.2021
2128,4:02.99+,Gaia Sabbatini,ITA,10.06.99,13,London,19.07.2025
2134,4:03.0,Giana Romanova,RUS,10.03.55,1,Vilnius,22.07.1978
2134,4:03.0,Lyudmila Medvedyeva,RUS,18.01.57,1,Moskva,24.08.1985
2134,4:03.0,Lyubov Kremlyova,RUS,21.12.61,1,Kyiv,24.06.1988
2134,4:03.00,Natalya Artyomova,RUS,05.01.63,1,Nice,15.07.1991
2134,4:03.00,Anna Mishchenko,UKR,25.08.83,1,Ad-Dawhah,06.05.2011
2134,4:03.00,Axumawit Embaye,ETH,18.10.94,5,Eugene,30.05.2015
2134,4:03.00,Gudaf Tsegay,ETH,23.06.97,4,Birmingham,20.08.2017
2134,4:03.00A,Brenda Chebet,KEN,06.03.04,2,Nairobii,08.07.2023
2134,4:03.00,Sarah Healy,IRL,13.02.01,3h2,Budapest,19.08.2023
2134,4:03.00,Marta Zenoni,ITA,09.03.99,7,Bydgoszcz,20.06.2024
2134,4:03.00,Salomé Afonso,POR,19.11.97,8,Roma,04.06.2026
2145,4:03.01,Margarita Marusova,RUS,25.11.67,3,Nice,10.07.1996
2145,4:03.01,Suzy Favor Hamilton,USA,08.08.68,5,Bruxelles,30.08.2002
2145,4:03.01,Natalia Rodríguez,ESP,02.06.79,10,Athínai,28.08.2004
2145,4:03.01,Maryam Yusuf Jamal,BRN,16.09.84,5,Monaco,20.08.2006
2145,4:03.01,Christin Wurth-Thomas,USA,11.07.80,1,Stockholm,31.07.2009
2145,4:03.01,Luiza Gega,ALB,05.11.88,8,Roma,04.06.2015
2145,4:03.01A,Hirut Meshesha,ETH,20.01.01,2,Nairobi,18.09.2021
2145,4:03.01,Hirut Meshesha,ETH,20.01.01,3,Stockholm,02.07.2023
2153,4:03.02,Theresia Kiesl,AUT,26.10.63,3,Atlanta,03.08.1996
2153,4:03.02,Lidia Chojecka,POL,25.01.77,3,Roma,30.06.2000
2153,4:03.02,Süreyya Ayhan-Kop,TUR,06.09.78,5,Bruxelles,25.08.2000
2153,4:03.02,Nancy Jebet Langat,KEN,22.08.81,1h3,Beijing,21.08.2008
2153,4:03.02,Hind Dehiba,FRA,17.03.79,3r1,Rieti,10.09.2011
2153,4:03.02,Colleen Quigley,USA,20.11.92,1,Chorzów,22.08.2018
2159,4:03.03,Alla Yushina,RUS,20.08.58,7,Podolsk,22.08.1982
2159,4:03.03,Doina Melinte,ROU,27.12.56,1,Göteborg,28.06.1987
2159,4:03.03,Svetlana Kitova,TJK,25.06.60,2,Zagreb,16.07.1987
2159,4:03.03,Daniela Yordanova,BUL,08.03.76,5,München,11.08.2002
2159,4:03.03,Joanne Pavey,GBR,20.09.73,10,Saint-Denis,31.08.2003
2159,4:03.03,Sarah Jamieson,AUS,24.03.75,2,Monaco,29.07.2008
2159,4:03.03,Ciara Mageean,IRL,12.03.92,2h2,München,16.08.2022
2159,4:03.03,Sarah McDonald,GBR,02.08.93,1rA,Stretford,12.08.2023
2167,4:03.04,Mitica Constantin,ROU,18.08.62,3,Zagreb,16.07.1987
2167,4:03.04,Kelly Holmes,GBR,19.04.70,2,Göteborg,09.08.1995
2167,4:03.04,Laura Weightman,GBR,07.01.91,6,Eugene,28.05.2016
2167,4:03.04,Meraf Bahta,SWE,24.06.89,5,Birmingham,20.08.2017
2167,4:03.04,Shannon Rowbury,USA,19.09.84,6,Stockholm,23.08.2020
2167,4:03.04,Eliza Megger,POL,29.08.99,10,Chorzów,06.08.2022
2167,4:03.04,Ludovica Cavalli,ITA,20.12.00,11,Firenze,02.06.2023
2167,4:03.04,Gaia Sabbatini,ITA,10.06.99,4h2,Budapest,19.08.2023
2175,4:03.05,Tatyana Leonova,MDA,26.07.56,9r1,Kyiv,27.07.1982
2175,4:03.05,Olga Zhuravlyova,RUS,56,11,Kyiv,24.06.1984
2175,4:03.05,Svetlana Guskova,MDA,19.08.59,1,Budapest,20.08.1984
2175,4:03.05,Kirsty Wade,GBR,06.08.62,5,Oslo,04.07.1987
2175,4:03.05,Hind Dehiba,FRA,17.03.79,2,Saint-Denis,01.07.2005
2175,4:03.05,Axumawit Embaye,ETH,18.10.94,5,London,22.07.2016
2175,4:03.05,Marusa Mismas-Zrimsek,SLO,24.11.94,3,Marseille,03.09.2020
2182,4:03.06,Natalia Rodríguez,ESP,02.06.79,6,Helsinki,14.08.2005
2182,4:03.06,Iryna Lishchynska,UKR,15.01.76,6,Monaco,20.08.2006
2182,4:03.06,Angelika Cichocka,POL,15.03.88,9,Roma,04.06.2015
2182,4:03.06,Genzebe Dibaba,ETH,08.02.91,1s2,Rio de Janeiro,14.08.2016
2182,4:03.06,Meraf Bahta,SWE,24.06.89,8,Zürich,01.09.2016
2182,4:03.06,Laura Galván,MEX,05.10.91,2rA,Stretford,12.08.2023
2182,4:03.06,Kate Current,CAN,16.02.98,2,Poznan,06.07.2025
2189,4:03.07,Lyudmila Rogachova,RUS,30.10.66,1,Kyiv,07.07.1990
2189,4:03.07,Lyudmila Rogachova,RUS,30.10.66,1,Sevilla,06.06.1992
2189,4:03.07,Yelena Romanova,RUS,20.03.63,3,Moskva,11.06.1992
2189,4:03.07,Elena Antoci,ROU,16.01.75,2,Bucuresti,08.06.2002
2189,4:03.07,Carla Sacramento,POR,10.12.71,5,Berlin,06.09.2002
2189,4:03.07,Abeba Aregawi,SWE,05.07.90,4,Oslo,11.06.2015
2189,4:03.07,Laura Weightman,GBR,07.01.91,4,Rabat,16.07.2017
2189,4:03.07,Karoline Bjerkeli Grøvdal,NOR,14.06.90,5,Stockholm,04.07.2021
2189,4:03.07,Esther Guerrero,ESP,07.02.90,6,Hengelo,04.06.2023
2198,4:03.08,Tatyana Pozdnyakova,UKR,04.03.56,h,Kyiv,22.06.1984
2198,4:03.08,Lidiya Volodina,RUS,21.05.53,h,Kyiv,22.06.1984
2198,4:03.08,Maria Radu,ROU,25.05.59,3,Bucuresti,12.07.1984
2198,4:03.08,Sandra Gasser,SUI,27.07.62,1,Zürich,19.08.1987
2198,4:03.08,Geraldine Hendricken,IRL,19.04.70,6,Bruxelles,30.08.2002
2198,4:03.08,Sofia Ennaoui,POL,30.08.95,2,Berlin,12.08.2018
2198,4:03.08,Winnie Nanyondo,UGA,23.08.93,5,Zürich,29.08.2019
2198,4:03.08,Winny Chebet,KEN,20.12.90,6s1,Eugene,16.07.2022
2198,4:03.08,Nelly Chepchirchir,KEN,04.06.03,1,Montreuil,31.05.2023
2198,4:03.08,Nelly Chepchirchir,KEN,04.06.03,1,Montreuil,31.05.2023
2198,4:03.08,Dominique Hiltz,USA,23.10.94,2,Montreuil,31.05.2023
2198,4:03.08,Elise Cranny,USA,09.05.96,13,Eugene,25.05.2024
2210,4:03.09,Natalya Boborova,RUS,12.02.59,6,Kyiv,17.07.1986
2210,4:03.09,Ivana Kubesová,CZE,26.05.62,4,Stuttgart,31.08.1986
2210,4:03.09,Wioletta Frankiewicz,POL,09.06.77,1,Zürich,06.08.2004
2210,4:03.09,Gudaf Tsegay,ETH,23.06.97,1,Kawasaki,10.05.2015
2210,4:03.09,Nancy Chepkwemoi,KEN,08.10.93,1rA,Watford,27.06.2015
2210,4:03.09,Faith Kipyegon,KEN,10.01.94,1h3,London,04.08.2017
2210,4:03.09,Beatrice Chepkoech,KEN,06.07.91,2,Gold Coast,10.04.2018
2210,4:03.09,Cory Ann McGee,USA,29.05.92,5,Rabat,28.05.2023
2210,4:03.09,Ciara Mageean,IRL,12.03.92,11,Eugene,16.09.2023
2219,4:03.1,Gabriele Lehmann,GDR,24.10.56,2,Erfurt,28.05.1978
2219,4:03.1,Valentina Ilyinykh,RUS,12.12.56,2,Vilnius,22.07.1978
2219,4:03.1+,Hassiba Boulmerka,ALG,10.07.68,1,Oslo,06.07.1991
2219,4:03.10,Lyubov Kremlyova,RUS,21.12.61,3,Tula,26.07.2000
2219,4:03.10,Suzy Favor Hamilton,USA,08.08.68,3,Roma,29.06.2001
2219,4:03.10,Yelena Zadorozhnaya,RUS,03.12.77,4,Bruxelles,03.09.2004
2219,4:03.10,Carmen Douma-Hussar,CAN,12.03.77,7,Monaco,09.09.2005
2219,4:03.10+,Anna Alminova,RUS,17.01.85,1,Moskva,29.06.2007
2219,4:03.10,Besu Sado,ETH,12.01.96,3,Shanghai,13.05.2017
2219,4:03.10,Dominique Hiltz,USA,23.10.94,1,Eugene,08.07.2023
2229,4:03.11,Maria Cioncan,ROU,19.06.77,1,Lausanne,02.07.2002
2229,4:03.11,Winny Chebet,KEN,20.12.90,6,Zürich,29.08.2019
2229,4:03.11,Netsanet Desta,ETH,26.10.00,2,Chorzów,18.05.2024
2229,4:03.11,Birke Haylom,ETH,06.01.06,10s1,Saint-Denis,08.08.2024
2233,4:03.12,Gulbira Nurtdinova,RUS,56,10r1,Kyiv,27.07.1982
2233,4:03.12,Luiza Gega,ALB,05.11.88,3,Beijing,21.05.2014
2233,4:03.12,Winny Chebet,KEN,20.12.90,2h3,Eugene,15.07.2022
2236,4:03.13,Totka Petrova,BUL,17.12.56,1,Torino,05.08.1979
2236,4:03.13,Natalia Marasescu,ROU,03.10.52,1,Debrecen,12.06.1982
2236,4:03.13,Yvonne Murray,GBR,04.10.64,3,Bruxelles,25.08.1989
2236,4:03.13,Sarah Jamieson,AUS,24.03.75,4,Eugene,28.05.2006
2236,4:03.13,Mimi Belete,BRN,09.06.88,9,Bruxelles,16.09.2011
2236,4:03.13,Eunice Sum,KEN,10.04.88,7,Eugene,01.06.2013
2236,4:03.13,Esther Guerrero,ESP,07.02.90,7,Stockholm,23.08.2020
2236,4:03.13,Ayal Dagnachew,ETH,18.01.02,9,Bruxelles,02.09.2022
2236,4:03.13,Adele Gay,FRA,16.10.04,14,Paris,28.06.2026
2245,4:03.14,Vanya Stoyanova,BUL,12.12.58,1h,Sochi,09.06.1984
2245,4:03.14,Violeta Szekely,ROU,26.03.65,1,Bucuresti,10.06.1990
2245,4:03.14,Getenesh Wami,ETH,11.12.74,1,Hengelo,30.05.1999
2245,4:03.14,Anna Mishchenko,UKR,25.08.83,6,Rieti,29.08.2010
2245,4:03.14,Melissa Courtney-Bryant,GBR,30.08.93,5h2,Budapest,19.08.2023
2250,4:03.15,Mary Slaney,USA,04.08.58,3,Roma,05.08.1980
2250,4:03.15,Yvonne Graham,GER,22.08.65,1,Rostock,22.06.1988
2250,4:03.15,Svetlana Kitova,TJK,25.06.60,2,Edinburgh,07.07.1989
2250,4:03.15,Theresia Kiesl,AUT,26.10.63,4,Nice,10.07.1996
2250,4:03.15,Maria Cioncan,ROU,19.06.77,7,Roma,12.07.2002
2250,4:03.15,Helen Obiri,KEN,13.12.89,4,Shanghai,19.05.2012
2250,4:03.15,Yuliya Chizhenko,RUS,30.08.79,1,Yerino,14.07.2012
2250,4:03.15,Shannon Rowbury,USA,19.09.84,4rA,Stockholm,17.08.2012
2250,4:03.15,Brenda Martinez,USA,08.09.87,1r1,Portland,11.06.2017
2250,4:03.15,Weronika Lizakowska,POL,02.11.98,8,Bydgoszcz,20.06.2024
2250,4:03.15,Esther Guerrero,ESP,07.02.90,31,Saint-Denis,07.08.2024
2250,4:03.15,Dominique Hiltz,USA,23.10.94,1h1,Eugene,31.07.2025
2250,4:03.15,Dominique Hiltz,USA,23.10.94,1,Eugene,02.08.2025
2263,4:03.16,Alla Yushina,RUS,20.08.58,2,Budapest,20.08.1984
2263,4:03.16,Christina Cahill,GBR,25.03.57,1,London,26.08.1985
2263,4:03.16,Liu Li,CHN,12.03.71,2,Nanjing,18.05.1992
2263,4:03.16,Olga Yegorova,RUS,28.03.72,9,Bruxelles,05.09.2003
2263,4:03.16,Mimi Belete,BRN,09.06.88,4,Barcelona,22.07.2011
2263,4:03.16,Meraf Bahta,SWE,24.06.89,3,Hengelo,08.06.2014
2263,4:03.16,Besu Sado,ETH,12.01.96,7,Roma,08.06.2017
2270,4:03.17,Alison Wyeth,GBR,26.05.64,5,Monaco,07.08.1993
2270,4:03.17,Sarah McDonald,GBR,02.08.93,5,Birmingham,18.08.2018
2272,4:03.18,Natalya Artyomova,RUS,05.01.63,h,Sochi,09.06.1984
2272,4:03.18,Angela Chalmers,CAN,06.09.63,4,Bruxelles,25.08.1989
2272,4:03.18,Gabriela Szabo,ROU,14.11.75,1,Paris,28.06.1996
2272,4:03.18,Gabriela Szabo,ROU,14.11.75,3,Oslo,09.07.1998
2272,4:03.18,Olga Kuznetsova,RUS,23.10.67,10,Oslo,28.07.2000
2272,4:03.18,Carla Sacramento,POR,10.12.71,7,Monaco,19.07.2002
2272,4:03.18,Geraldine Hendricken,IRL,19.04.70,8,Monaco,19.07.2002
2272,4:03.18,Mary Kuria,KEN,29.11.87,1,Rovereto,04.09.2012
2272,4:03.18,Angelika Cichocka,POL,15.03.88,6,Birmingham,20.08.2017
2272,4:03.18,Shelby Houlihan,USA,08.02.93,1,Des Moines,27.07.2019
2282,4:03.19,Doina Melinte,ROU,27.12.56,4,Tokyo,31.08.1991
2282,4:03.19,Svetlana Masterkova,RUS,17.01.68,1,Berlin,01.09.1998
2282,4:03.19,Irina Krakoviak,LTU,16.11.77,5,Athínai,14.06.2005
2282,4:03.19,Natalya Tobias,UKR,22.11.80,2h3,Beijing,21.08.2008
2282,4:03.19,Natalia Rodríguez,ESP,02.06.79,6,Beijing,23.08.2008
2282,4:03.19,Winny Chebet,KEN,20.12.90,3h1,London,04.08.2017
2288,4:03.2,Giana Romanova,RUS,10.03.55,8,Moskva,06.07.1980
2288,4:03.2,Ulrike Bruns,GDR,17.11.53,2,Tbilisi,26.06.1981
2288,4:03.2,Irina Lebedinskaya,RUS,16.06.61,2,Ryazan,12.08.1984
2288,4:03.2+,Doina Melinte,ROU,27.12.56,2,Oslo,06.07.1991
2288,4:03.2,Natalya Pantelyeva,RUS,18.08.83,3,Athínai,02.07.2007
2288,4:03.2A,Beatrice Chepkoech,KEN,06.07.91,1,Nairobi,10.06.2017
2288,4:03.20,Raisa Smekhnova,BLR,16.09.50,6s1,Montréal,29.07.1976
2288,4:03.20,Kirsty Wade,GBR,06.08.62,2,London,26.08.1985
2288,4:03.20,Lyubov Kremlyova,RUS,21.12.61,2,Moskva,10.06.1990
2288,4:03.20,Jacinta Muraguri,KEN,28.05.70,5,Monaco,20.07.2001
2288,4:03.20,Yelena Zadorozhnaya,RUS,03.12.77,2,Lausanne,02.07.2002
2288,4:03.20,Sarah Brown,USA,15.10.86,6,Eugene,30.05.2015
2288,4:03.20,Gabriela DeBues-Stafford,CAN,13.09.95,1r2,San Juan Capistrano,06.05.2022
2301,4:03.21,Nadezhda Ralldugina,RUS,15.11.57,2,Verona,01.06.1984
2301,4:03.21,Gudaf Tsegay,ETH,23.06.97,4,Hengelo,08.06.2014
2301,4:03.21,Linden Hall,AUS,20.06.91,3h3,Eugene,15.07.2022
2301,4:03.21,Sinclaire Johnson,USA,13.04.98,12,Eugene,16.09.2023
2305,4:03.22,Lisa Dobriskey,GBR,23.12.83,3h3,Beijing,21.08.2008
2305,4:03.22,Viola Kibiwott,KEN,22.12.85,5,Roma,10.07.2009
2305,4:03.22,Zoe Buckman,AUS,21.12.88,11,Saint-Denis,27.08.2016
2305,4:03.22A,Faith Kipyegon,KEN,10.01.94,1,Nairobi,13.09.2019
2305,4:03.22,Addison Wiley,USA,24.10.03,1,Nashville,03.06.2023
2305,4:03.22,Hirut Meshesha,ETH,20.01.01,5,Ad-Dawhah,10.05.2024
2305,4:03.22,Elinor St. Pierre,USA,20.02.95,3h3,Saint-Denis,06.08.2024
2312,4:03.23,Ibtissam Lakhouad,MAR,07.12.80,7,Monaco,28.07.2009
2312,4:03.23+,Laura Weightman,GBR,07.01.91,6,London,09.07.2017
2312,4:03.23,Meraf Bahta,SWE,24.06.89,2h3,London,04.08.2017
2312,4:03.23A,Winny Chebet,KEN,20.12.90,2,Nairobi,13.09.2019
2316,4:03.24,Olga Nelyubova,RUS,12.06.64,4,Roma,29.06.2001
2316,4:03.24,Meraf Bahta,SWE,24.06.89,12,Saint-Denis,27.08.2016
2316,4:03.24,Lemlem Hailu,ETH,25.05.01,8,Firenze,10.06.2021
2316,4:03.24,Nelly Chepchirchir,KEN,04.06.03,11s1,Saint-Denis,08.08.2024
2320,4:03.25,Gabriella Dorio,ITA,27.06.57,1,Los Angeles,11.08.1984
2320,4:03.25,Elena Antoci,ROU,16.01.75,1,Bucuresti,12.06.2004
2320,4:03.25,Angelika Cichocka,POL,15.03.88,1,Stockholm,16.06.2016
2320,4:03.25,Amanda Eccleston,USA,18.06.90,6,London,22.07.2016
2320,4:03.25,Rababe Arafi,MAR,12.01.91,9,Roma,06.06.2019
2320,4:03.25,Jemma Reekie,GBR,06.03.98,3,Ostrava,08.09.2020
2326,4:03.26,Lyudmila Veselkova,RUS,25.10.50,1,Tashkent,18.09.1982
2326,4:03.26,Doina Melinte,ROU,27.12.56,2,Rieti,03.09.1989
2326,4:03.26,Doina Melinte,ROU,27.12.56,1,Helsinki,27.06.1990
2326,4:03.26,Hassiba Boulmerka,ALG,10.07.68,1,Zürich,17.08.1994
2326,4:03.26,Tatyana Tomashova,RUS,01.07.75,2,Stuttgart,09.09.2006
2326,4:03.26,Georgia Griffith,AUS,05.12.96,9,Eugene,18.07.2022
2326,4:03.26+,Agathe Guillemot,FRA,11.07.99,10,Monaco,21.07.2023
2326,4:03.26,Klaudia Kazimierska,POL,03.09.01,1r1,Eagle Rock,24.05.2025
2334,4:03.27,Gabriella Dorio,ITA,27.06.57,1,Torino,15.07.1981
2334,4:03.27,Galina Zakharova,RUS,07.09.56,1r2,Potsdam,21.07.1984
2334,4:03.27,Angelika Cichocka,POL,15.03.88,4h1,London,04.08.2017
2334,4:03.27,Josette Andrews,USA,15.12.95,3,Lausanne,26.08.2021
2334,4:03.27,Kristiina Sasinek Mäki,CZE,22.09.91,10,Chorzów,16.07.2023
2334,4:03.27,Tigist Girma,ETH,12.07.93,9,Xiamen,02.09.2023
2340,4:03.28,Maryam Yusuf Jamal,BRN,16.09.84,7,Saint-Denis,08.07.2006
2340,4:03.28,Gelete Burka,ETH,23.01.86,3,Roma,26.05.2011
2340,4:03.28,Genzebe Dibaba,ETH,08.02.91,2,Oslo,07.06.2012
2340,4:03.28,Beatrice Chepkoech,KEN,06.07.91,1,Heusden-Zolder,18.07.2015
2340,4:03.28,Sofia Ennaoui,POL,30.08.95,2,Chorzów,22.08.2018
2340,4:03.28+,Weronika Lizakowska,POL,02.11.98,14,London,19.07.2025
2340,4:03.28,Sadie Engelhardt,USA,21.08.06,2r6,Winston-Salem,17.04.2026
2347,4:03.29,Lyubov Kremlyova,RUS,21.12.61,h,Kyiv,22.06.1984
2347,4:03.29,Kim Gallagher,USA,11.06.64,1,Westwood,03.09.1988
2347,4:03.29,Hassiba Boulmerka,ALG,10.07.68,2,Nice,15.07.1991
2347,4:03.29,Violeta Szekely,ROU,26.03.65,7,Monaco,11.08.1992
2347,4:03.29,Maryam Yusuf Jamal,BRN,16.09.84,7,Stockholm,06.08.2010
2347,4:03.29,Mebhrit Mekonen,ETH,12.02.05,7rA,Ostrava,31.05.2022
2347,4:03.29,Linden Hall,AUS,20.06.91,9,Rabat,05.06.2022
2347,4:03.29,Sinclaire Johnson,USA,13.04.98,1,Eugene,25.06.2022
2355,4:03.3,Olga Dvirna,RUS,11.02.53,4,Podolsk,28.06.1976
2355,4:03.3,Maricica Puica,ROU,29.07.50,1,Bucuresti,02.06.1979
2355,4:03.3,Valentina Ilyinykh,RUS,12.12.56,6h1,Moskva,04.07.1980
2355,4:03.3+,Maricica Puica,ROU,29.07.50,1,Paris,22.07.1986
2355,4:03.30,Zamira Zaytseva,UZB,16.02.53,2r1,Moskva,19.09.1981
2355,4:03.30,Konstanze Klosterhalfen,GER,18.02.97,1r1,Portland,09.06.2019
2361,4:03.31,Yvonne Graham,GER,22.08.65,1,Berlin,05.07.1989
2361,4:03.31,Hassiba Boulmerka,ALG,10.07.68,4,Zürich,19.08.1992
2361,4:03.31,Natalya Gorelova,RUS,18.04.73,1,Heusden-Zolder,05.08.2000
2361,4:03.31,Tatyana Tomashova,RUS,01.07.75,2,Tula,09.06.2001
2361,4:03.31,Wioletta Frankiewicz,POL,09.06.77,5,Bruxelles,03.09.2004
2361,4:03.31+,Gulnara Galkina,RUS,09.07.78,2,Moskva,29.06.2007
2361,4:03.31,Gulnara Galkina,RUS,09.07.78,1,Irkutsk,02.08.2008
2361,4:03.31,Melissa Courtney-Bryant,GBR,30.08.93,12,Budapest,22.08.2023
2361,4:03.31,Elise Cranny,USA,09.05.96,13,Eugene,05.07.2025
2370,4:03.32,Tatyana Pozdnyakova,UKR,04.03.56,5r1,Leningrad,02.08.1985
2370,4:03.32,Lyubov Kremlyova,RUS,21.12.61,4,Moskva,11.06.1992
2370,4:03.32,Lyubov Gurina,RUS,06.08.57,3,Noisy-le-Grand,04.07.1992
2370,4:03.32,Lidia Chojecka,POL,25.01.77,11,Monaco,08.08.1998
2370,4:03.32,Yelena Zadorozhnaya,RUS,03.12.77,4,Tula,26.07.2000
2370,4:03.32,Alesya Turova,BLR,06.12.79,10,Roma,11.07.2003
2370,4:03.32,Tara Clack,USA,07.03.80,8,Rieti,27.08.2006
2377,4:03.33,Tamara Sorokina,RUS,15.08.50,1,Roma,04.09.1981
2377,4:03.33,Paula Ivan,ROU,20.07.63,1h2,Seoul,29.09.1988
2377,4:03.33,Natalia Rodríguez,ESP,02.06.79,1,Saint-Denis,04.07.2003
2377,4:03.33,Anna Mishchenko,UKR,25.08.83,3,Oslo,07.06.2012
2377,4:03.33,Sinclaire Johnson,USA,13.04.98,2r2,San Juan Capistrano,06.05.2022
2377,4:03.33,Sarah McDonald,GBR,02.08.93,2,Marseille,17.07.2023
2377,4:03.33,Emily MacKay,USA,30.04.98,2r1,Eagle Rock,24.05.2025
2377,4:03.33,Marina Martínez,ESP,13.01.02,1r1,Oordegem,09.08.2025
2385,4:03.34,Paula Ivan,ROU,20.07.63,1,Bucuresti,18.06.1988
2385,4:03.34,Kutre Dulecha,ETH,22.08.78,1,Lausanne,05.07.2000
2385,4:03.34,Rababe Arafi,MAR,12.01.91,2rA,Ostrava,28.06.2017
2385,4:03.34,Sifan Hassan,NED,01.01.93,5,London,07.08.2017
2385,4:03.34,Nadia Battocletti,ITA,12.04.00,1rA,Padova,03.09.2023
2390,4:03.35,Natalia Marasescu,ROU,03.10.52,2,Milano,03.07.1980
2390,4:03.35,Gabriella Dorio,ITA,27.06.57,4,Rieti,09.09.1981
2390,4:03.35,Ravilya Agletdinova,BLR,10.02.60,2,Moskva,22.06.1983
2390,4:03.35,Yuliya Chizhenko,RUS,30.08.79,1,Sochi,26.05.2005
2390,4:03.35,Gelete Burka,ETH,23.01.86,3,New York City,12.06.2010
2390,4:03.35,Jennifer Simpson,USA,23.08.86,1,Des Moines,26.04.2013
2390,4:03.35,Sofia Ennaoui,POL,30.08.95,3h3,London,04.08.2017
2390,4:03.35,Aurore Fleury,FRA,04.12.93,8,Monaco,09.07.2021
2390,4:03.35+,Linden Hall,AUS,20.06.91,1,Zagreb,11.09.2022
2390,4:03.35,Sintayehu Vissa,ITA,29.07.96,1,Lignano Sabbiadoro,14.07.2024
2390,4:03.35,Danielle Jones,USA,21.08.96,4,Rovereto,02.06.2025
2401,4:03.36,Svetlana Guskova,MDA,19.08.59,1,Indianapolis,03.07.1982
2401,4:03.36,Brit McRoberts,CAN,10.02.57,4,Köln,28.08.1983
2401,4:03.36+,Zola Pieterse,GBR,26.05.66,1,Gateshead,09.08.1985
2401,4:03.36+,Oleysa Mikheyeva,RUS,23.07.81,3,Moskva,29.06.2007
2401,4:03.36,Shannon Rowbury,USA,19.09.84,4,New York City,14.06.2014
2401,4:03.36,Malika Akkaoui,MAR,25.12.87,5,Rabat,16.07.2017
2401,4:03.36,Sarah McDonald,GBR,02.08.93,3,Chorzów,22.08.2018
2401,4:03.36,Agathe Guillemot,FRA,11.07.99,5,Ostrava,28.05.2024
2401,4:03.36,Laura Muir,GBR,09.05.93,10,Stockholm,02.06.2024
2410,4:03.37,Mary Slaney,USA,04.08.58,1,Knoxville,22.06.1982
2410,4:03.37,Tatyana Pozdnyakova,UKR,04.03.56,1h,Kyiv,26.07.1982
2410,4:03.37,Lyubov Kremlyova,RUS,21.12.61,1,Nice,05.07.1992
2410,4:03.37,Nuria Fernández,ESP,16.08.76,9,Rieti,27.08.2006
2410,4:03.37,Winny Chebet,KEN,20.12.90,6,Bruxelles,31.08.2018
2415,4:03.38,Giana Romanova,RUS,10.03.55,2,Torino,05.08.1979
2415,4:03.38,Cornelia Bürki,SUI,03.10.53,2,Köln,17.08.1986
2415,4:03.38,Yvonne Murray,GBR,04.10.64,3,Edinburgh,07.07.1989
2415,4:03.38,Angela Chalmers,CAN,06.09.63,2,Nice,05.07.1992
2415,4:03.38,Lyudmila Rogachova,RUS,30.10.66,5,Zürich,19.08.1992
2415,4:03.38,Sonia O'Sullivan,IRL,28.11.69,1,Rotterdam,13.06.1993
2415,4:03.38,Anna Jakubczak,POL,02.02.73,7,Helsinki,14.08.2005
2415,4:03.38,Kalkidan Gezahegne,ETH,08.05.91,10,Bruxelles,16.09.2011
2415,4:03.38,Hannah England,GBR,06.03.87,8,Eugene,01.06.2013
2415,4:03.38,Faith Kipyegon,KEN,10.01.94,2,Lausanne,09.07.2015
2415,4:03.38+,Winnie Nanyondo,UGA,23.08.93,9,Oslo,15.06.2023
2426,4:03.39,Viola Kibiwott,KEN,22.12.85,7,Lausanne,08.07.2010
2426,4:03.39,Alexa Efraimson,USA,20.02.97,7,Eugene,30.05.2015
2426,4:03.39,Shelby Houlihan,USA,08.02.93,7,Eugene,28.05.2016
2426,4:03.39,Weronika Lizakowska,POL,02.11.98,9s1,Tokyo,14.09.2025
2430,4:03.4,Giana Romanova,RUS,10.03.55,2,Podolsk,13.08.1978
2430,4:03.4,Ibtissam Lakhouad,MAR,07.12.80,4,Athínai,02.07.2007
2430,4:03.40,Yan Wei,CHN,04.10.73,2,Beijing,05.06.1994
2430,4:03.40,Maria Mutola,MOZ,27.10.72,2,Paris,28.06.1996
2430,4:03.40,Olga Nelyubova,RUS,12.06.64,6,Nice,16.07.1998
2430,4:03.40,Maria Cioncan,ROU,19.06.77,1s1,Saint-Denis,29.08.2003
2430,4:03.40,Abeba Aregawi,SWE,05.07.90,8,Zürich,28.08.2014
2430,4:03.40,Axumawit Embaye,ETH,18.10.94,8,Ad-Dawhah,05.05.2023
2438,4:03.41,Kelly Holmes,GBR,19.04.70,1,Cape Town,08.04.1997
2438,4:03.41,Tugba Koyuncu,TUR,16.02.91,1,Samsun,15.08.2011
2438,4:03.41,Jennifer Simpson,USA,23.08.86,2,Des Moines,27.07.2019
2438,4:03.41,Danielle Jones,USA,21.08.96,6,Ostrava,28.05.2024
2442,4:03.42,Patti Sue Plumer,USA,27.04.62,10,Barcelona,08.08.1992
2442,4:03.42,Lyubov Gurina,RUS,06.08.57,1,Hechtel,31.07.1993
2442,4:03.42,Carla Sacramento,POR,10.12.71,5,Oslo,05.07.1996
2442,4:03.42,Regina Jacobs,USA,28.08.63,1,Indianapolis,15.06.1997
2442,4:03.42+,Lisa Dobriskey,GBR,23.12.83,4,Rieti,07.09.2008
2442,4:03.42,Hanna Klein,GER,06.04.93,9,Monaco,09.07.2021
2442,4:03.42,Jessica Hull,AUS,22.10.96,2,Birmingham,21.05.2022
2442,4:03.42,Tigist Girma,ETH,07.11.02,7,Ostrava,28.05.2024
2450,4:03.43,Maricica Puica,ROU,29.07.50,1,Basel,26.05.1980
2450,4:03.43,Yekaterina Podkopayeva,RUS,11.06.52,3,Monaco,25.07.1995
2450,4:03.43,Maria Cioncan,ROU,19.06.77,9,Monaco,19.07.2002
2450,4:03.43,Jackline Maranga,KEN,16.12.77,8,Zürich,16.08.2002
2450,4:03.43,Regina Jacobs,USA,28.08.63,1,Carson,01.06.2003
2450,4:03.43,Hind Dehiba,FRA,17.03.79,4,Athínai,13.07.2009
2450,4:03.43,Yolanda Ngarambe,SWE,14.09.91,9s2,Ad-Dawhah,03.10.2019
2450,4:03.43,Haregeweyn Kalayu,ETH,29.05.09,9,Roma,04.06.2026
2458,4:03.44,Tatyana Tomashova,RUS,01.07.75,11,Roma,11.07.2003
2458,4:03.44,Anna Alminova,RUS,17.01.85,1,Kalamáta,04.06.2008
2458,4:03.44,Christin Wurth-Thomas,USA,11.07.80,8,Lausanne,08.07.2010
2458,4:03.44,Melissa Courtney-Bryant,GBR,30.08.93,3,Gold Coast,10.04.2018
2458,4:03.44+,Laura Weightman,GBR,07.01.91,6,London,22.07.2018
2458,4:03.44,Rababe Arafi,MAR,12.01.91,7,Zürich,29.08.2019
2458,4:03.44,Athing Mu-Nikolayev,USA,08.06.02,2,Eugene,08.07.2023
2458,4:03.44,Kate Current,CAN,16.02.98,4,Cork,11.07.2025
2458,4:03.44,Adele Gay,FRA,16.10.04,2r1,Oordegem,09.08.2025
2467,4:03.45,Ileana Silai,ROU,14.10.41,1,Köln,22.06.1978
2467,4:03.45,Anita Weyermann,SUI,08.12.77,1,Lausanne,03.07.1996
2467,4:03.45,Federica Del Buono,ITA,12.12.94,3rA,Castellón,16.06.2022
2467,4:03.45,Addison Wiley,USA,24.10.03,11,Xiamen,20.04.2024
2471,4:03.46,Olga Parlyuk,RUS,03.05.63,7,Kyiv,17.07.1986
2471,4:03.46,Hassiba Boulmerka,ALG,10.07.68,2,Monaco,03.08.1991
2471,4:03.46,Violeta Szekely,ROU,26.03.65,1,Melbourne,09.09.2001
2471,4:03.46,Natalya Gorelova,RUS,18.04.73,7,Bruxelles,30.08.2002
2471,4:03.46,Shannon Rowbury,USA,19.09.84,3,Rieti,06.09.2009
2471,4:03.46,Abeba Aregawi,SWE,05.07.90,10,Saint-Denis,05.07.2014
2471,4:03.46+,Alemaz Samuel,ETH,05.07.99,10,Monaco,12.07.2019
2471,4:03.46,Edinah Jebitok,KEN,10.11.01,1,Leverkusen,27.06.2021
2471,4:03.46,Hanna Klein,GER,06.04.93,3h2,München,16.08.2022
2471,4:03.46,Ciara Mageean,IRL,12.03.92,4,Stockholm,02.07.2023
2471,4:03.46,Marta Pérez,ESP,19.04.93,8,Ostrava,28.05.2024
2471,4:03.46,Laurie Barton,USA,13.02.98,1,Memphis,12.07.2025
2483,4:03.47,Olga Kuznetsova,RUS,23.10.67,1,Sankt Peterburg,18.06.2000
2483,4:03.47,Suzy Favor Hamilton,USA,08.08.68,2,Eugene,24.05.2003
2483,4:03.47,Hayley Tullett,GBR,17.02.73,5,Roma,02.07.2004
2483,4:03.47,Kalkidan Gezahegne,ETH,08.05.91,3,Shanghai,20.09.2009
2487,4:03.48,Tatyana Kazankina,RUS,17.12.51,2,Birmingham,05.06.1983
2487,4:03.48,Sonia O'Sullivan,IRL,28.11.69,2,Stuttgart,22.08.1993
2487,4:03.48,Kelly Holmes,GBR,19.04.70,2,Zürich,06.08.2004
2487,4:03.48,Stephanie Twell,GBR,17.08.89,8,Monaco,28.07.2009
2487,4:03.48,Cory McGee,USA,29.05.92,3,Eugene,08.07.2023
2487,4:03.48,Helen Schlachtenhaufen,USA,14.03.95,3,Marseille,17.07.2023
2493,4:03.49,Mitica Constantin,ROU,18.08.62,1,Monaco,02.08.1988
2493,4:03.49,Yelena Soboleva,RUS,03.10.82,3,Stuttgart,09.09.2006
2493,4:03.49,Erin Donohue,USA,08.05.83,7,Rieti,29.08.2010
2493,4:03.49,Sofia Ennaoui,POL,30.08.95,7,Bruxelles,31.08.2018
2493,4:03.49,Sinclaire Johnson,USA,13.04.98,4,Eugene,08.07.2023
2493,4:03.49,Klaudia Kazimierska,POL,03.09.01,4h3,Saint-Denis,06.08.2024
2499,4:03.5,Natalya Kuznetsova,RUS,22.03.54,3,Vilnius,22.07.1978
2499,4:03.5,Svetlana Guskova,MDA,19.08.59,3,Podolsk,13.08.1978
2499,4:03.5,Valentina Ilyinykh,RUS,12.12.56,2r2,Sochi,23.05.1980
2499,4:03.5,Nadezhda Olizarenko,UKR,28.11.53,1h3,Moskva,04.07.1980
2499,4:03.5,Laimute Baikauskaite,LTU,10.06.56,2,Moskva,24.08.1985
2499,4:03.5+,Natalya Artyomova,RUS,05.01.63,2,Oslo,14.07.1990
2499,4:03.5+,Konstanze Klosterhalfen,GER,18.02.97,1,Birmingham,18.08.2019
2499,4:03.50,Zamira Zaytseva,UZB,16.02.53,h,Kyiv,26.07.1982
2499,4:03.50,Mary Slaney,USA,04.08.58,1,Indianapolis,19.06.1983
2499,4:03.50,Suzy Favor Hamilton,USA,08.08.68,2,Sheffield,29.06.1997
2499,4:03.50,Olga Kuznetsova,RUS,23.10.67,1,Nice,08.07.2000
2499,4:03.50,Renata Plis,POL,05.02.85,11,Bruxelles,16.09.2011
2499,4:03.50,Laura Weightman,GBR,07.01.91,4h3,London,04.08.2017
2499,4:03.50,Nelly Jepkosgei,BRN,14.07.91,4,Berlin,27.08.2017
2499,4:03.50,Jennifer Simpson,USA,23.08.86,8,Zürich,29.08.2019
2499,4:03.50,Linden Hall,AUS,20.06.91,6,Zürich,09.09.2021
2499,4:03.50,Laura Muir,GBR,09.05.93,2h1,Budapest,19.08.2023
2499,4:03.50,Nadia Battocletti,ITA,12.04.00,1,Modena,01.05.2024
2499,4:03.50,Melissa Courtney-Bryant,GBR,30.08.93,1,Madrid,21.06.2024
2518,4:03.51,Olga Dvirna,RUS,11.02.53,7,Leningrad,26.07.1983
2518,4:03.51,Katalin Szalai,HUN,04.03.61,3,Budapest,20.08.1984
2518,4:03.51+,Doina Melinte,ROU,27.12.56,1,Oslo,04.07.1992
2518,4:03.51,Svetlana Masterkova,RUS,17.01.68,1,Tula,10.07.1997
2518,4:03.51,Lidia Chojecka,POL,25.01.77,5,Bruxelles,24.08.2001
2518,4:03.51,Sarah Jamieson,AUS,24.03.75,1,Osaka,06.05.2006
2518,4:03.51,Sarah Jamieson,AUS,24.03.75,5,Lausanne,11.07.2006
2518,4:03.51,Marwa Bouzayani,TUN,26.03.97,3r1,Oordegem,09.08.2025
2526,4:03.52,Anna Mishchenko,UKR,25.08.83,1,Daegu,12.05.2011
2526,4:03.52,Lucia Stafford,CAN,17.08.98,7h3,Tokyo,02.08.2021
2526,4:03.52,Sofia Ennaoui,POL,30.08.95,4h3,Eugene,15.07.2022
2529,4:03.53,Doina Melinte,ROU,27.12.56,2,Monaco,02.08.1988
2529,4:03.53,Tatyana Tomashova,RUS,01.07.75,4rA,Lausanne,06.07.2004
2529,4:03.53,Yelena Kanales,RUS,07.02.76,3,Kazan,25.06.2005
2529,4:03.53,Anna Mishchenko,UKR,25.08.83,4,Roma,26.05.2011
2529,4:03.53+,Winny Chebet,KEN,20.12.90,7,London,22.07.2018
2529,4:03.53,Rababe Arafi,MAR,12.01.91,9,London,20.07.2019
2529,4:03.53,Katharina Trost,GER,28.06.95,5h3,Eugene,15.07.2022
2529,4:03.53,Habitam Alemu,ETH,09.07.97,11,Chorzów,06.08.2022
2529,4:03.53,Lucia Stafford,CAN,17.08.98,2rA,Memphis,05.08.2023
2529,4:03.53,Georgia Griffith,AUS,05.12.96,4rA,Tomblaine,04.07.2025
2539,4:03.54,Ruth Wysocki,USA,08.03.57,5,Rieti,02.09.1984
2539,4:03.54,Sonia O'Sullivan,IRL,28.11.69,5,Monaco,02.08.1994
2539,4:03.54,Natalya Gorelova,RUS,18.04.73,1,Moskva,12.07.2000
2539,4:03.54,Hayley Tullett,GBR,17.02.73,6,Monaco,20.07.2001
2539,4:03.54,Jennifer Simpson,USA,23.08.86,5,Monaco,22.07.2011
2539,4:03.54,Jennifer Simpson,USA,23.08.86,3,Lausanne,09.07.2015
2539,4:03.54,Faith Kipyegon,KEN,10.01.94,1s1,London,05.08.2017
2539,4:03.54,Kate Grace,USA,24.10.88,2r1,Irvine,15.05.2021
2539,4:03.54,Lucia Stafford,CAN,17.08.98,8,Rabat,25.05.2025
2548,4:03.55,Hildegard Körner,GDR,20.12.59,3,Moskva,18.08.1985
2548,4:03.55,Maricica Puica,ROU,29.07.50,2,Roma,10.09.1986
2548,4:03.55,Maria Cioncan,ROU,19.06.77,1,Oslo,28.06.2002
2548,4:03.55,Helen Obiri,KEN,13.12.89,1,Rabat,09.06.2013
2548,4:03.55,Winny Chebet,KEN,20.12.90,6,Paris,01.07.2017
2548,4:03.55,Besu Sado,ETH,12.01.96,5h3,London,04.08.2017
2548,4:03.55,Gabriela DeBues-Stafford,CAN,13.09.95,5,Berlin,27.08.2017
2548,4:03.55,Dominique Hiltz,USA,23.10.94,3,Des Moines,27.07.2019
2548,4:03.55,Aleksandra Plocinska,POL,05.10.99,9,Bydgoszcz,20.06.2024
2557,4:03.56,Paula Ivan,ROU,20.07.63,1,Pitesti,09.08.1987
2557,4:03.56,Leah Pells,CAN,09.11.64,4,Atlanta,03.08.1996
2557,4:03.56,Suzy Favor Hamilton,USA,08.08.68,4,Monaco,16.08.1997
2557,4:03.56,Mary Kuria,KEN,29.11.87,6,Ad-Dawhah,10.05.2013
2557,4:03.56,Kerri Gallagher,USA,31.05.89,1,Lignano Sabbiadoro,07.07.2015
2557,4:03.56,Brenda Martinez,USA,08.09.87,6,Eugene,27.05.2017
2557,4:03.56,Linden Hall,AUS,20.06.91,6,Rabat,28.05.2023
2557,4:03.56,Haregeweyn Kalayu,ETH,29.05.09,3,Ad-Dawhah,19.06.2026
2565,4:03.57,Svetlana Guskova,MDA,19.08.59,h,Kyiv,26.07.1982
2565,4:03.57,Yelena Zadorozhnaya,RUS,03.12.77,2,Saint-Denis,04.07.2003
2565,4:03.57,Nuria Fernández,ESP,16.08.76,12,Roma,11.07.2003
2565,4:03.57,Brenda Martinez,USA,08.09.87,8,Eugene,28.05.2016
2565,4:03.57+,Ciara Mageean,IRL,12.03.92,7,London,09.07.2017
2565,4:03.57,Sarah Healy,IRL,13.02.01,7,Rabat,28.05.2023
2565,4:03.57,Nele Weßel,GER,06.11.99,6h4,Tokyo,13.09.2025
2572,4:03.58,Mitica Constantin,ROU,18.08.62,2,Bucuresti,18.06.1988
2572,4:03.58,Yvonne Graham,GER,22.08.65,4,Edinburgh,07.07.1989
2572,4:03.58,Sonia O'Sullivan,IRL,28.11.69,4,Oslo,09.07.1998
2572,4:03.58,Yelena Zadorozhnaya,RUS,03.12.77,1,Tula,08.06.2003
2572,4:03.58,Shannon Rowbury,USA,19.09.84,7,Beijing,23.08.2008
2572,4:03.58,Darya Barysevich,BLR,06.04.90,10,London,20.07.2019
2572,4:03.58,Melissa Courtney-Bryant,GBR,30.08.93,1,Hengelo,07.07.2024
2572,4:03.58,Bérénice Cleyet-Merle,FRA,24.10.94,15,Paris,28.06.2026
2580,4:03.59,Natalya Boborova,RUS,12.02.59,4,Moskva,07.08.1981
2580,4:03.59,Natalya Yevdokimova,RUS,17.03.78,3,Saint-Denis,01.07.2005
2580,4:03.59,Anastasiya Vosmerikova,RUS,15.07.88,2,Cheboksary,24.07.2011
2580,4:03.59,Kate Grace,USA,24.10.88,7,Eugene,27.05.2017
2580,4:03.59,Helen Schlachtenhaufen,USA,14.03.95,1,Memphis,10.08.2019
2580,4:03.59,Sofia Ennaoui,POL,30.08.95,3,München,19.08.2022
2580,4:03.59,Ludovica Cavalli,ITA,20.12.00,12s1,Saint-Denis,08.08.2024
2580,4:03.59,Erin Wallace,GBR,18.05.00,3,Turku,17.06.2025
2588,4:03.6,Laimute Baikauskaite,LTU,10.06.56,1,Podolsk,24.08.1980
2588,4:03.6,Lyudmila Veselkova,RUS,25.10.50,1,Donetsk,07.09.1980
2588,4:03.6+,Mary Slaney,USA,04.08.58,1,New York City,12.02.1982
2588,4:03.6,Tatyana Pozdnyakova,UKR,04.03.56,2,Tashkent,18.09.1982
2588,4:03.60,Suzy Favor Hamilton,USA,08.08.68,2,Oslo,13.07.2001
2588,4:03.60,Süreyya Ayhan-Kop,TUR,06.09.78,2s1,Saint-Denis,29.08.2003
2588,4:03.60,Konstanze Klosterhalfen,GER,18.02.97,6h3,London,04.08.2017
2588,4:03.60,Mebhrit Mekonen,ETH,12.02.05,2,Montreuil,02.06.2022
2588,4:03.60,Hirut Meshesha,ETH,20.01.01,13,Roma,06.06.2025
2597,4:03.61,Mary Slaney,USA,04.08.58,2h2,Seoul,29.09.1988
2597,4:03.61,Natalya Tobias,UKR,22.11.80,7,Monaco,20.08.2006
2597,4:03.61,Maryam Yusuf Jamal,BRN,16.09.84,1r2,Lausanne,10.07.2007
2597,4:03.61,Cory Ann McGee,USA,29.05.92,6h3,Eugene,15.07.2022
2597,4:03.61,Nele Weßel,GER,06.11.99,3,Poznan,06.07.2025
2602,4:03.62,Yekaterina Podkopayeva,RUS,11.06.52,2,Kyiv,07.07.1990
2602,4:03.62,Bouchra Chaabi,MAR,22.09.80,2,Monaco,25.07.2007
2602,4:03.62,Gulnara Galkina,RUS,09.07.78,1,Sochi,29.05.2009
2602,4:03.62,Stephanie Twell,GBR,17.08.89,1,Warszawa,07.06.2009
2602,4:03.62,Irene Jelagat,KEN,10.12.88,4,Rieti,06.09.2009
2602,4:03.62,Sifan Hassan,NED,01.01.93,2s2,Rio de Janeiro,14.08.2016
2602,4:03.62,Shannon Rowbury,USA,19.09.84,1,Newberg,31.07.2020
2602,4:03.62,Águeda Marqués,ESP,19.03.99,10,Roma,04.06.2026
2610,4:03.63,Elly van Hulst,NED,09.06.59,8,Roma,05.09.1987
2610,4:03.63,Anna Jakubczak,POL,02.02.73,9,Bruxelles,28.08.1998
2610,4:03.63,Elena Antoci,ROU,16.01.75,2,Oslo,28.06.2002
2610,4:03.63,Viola Kibiwott,KEN,22.12.85,1,Rieti,09.09.2007
2610,4:03.63+,Nuria Fernández,ESP,16.08.76,5,Rieti,07.09.2008
2610,4:03.63,Jennifer Simpson,USA,23.08.86,4,New York City,12.06.2010
2610,4:03.63,Meskerem Legesse,ETH,28.09.86,2,Daegu,12.05.2011
2610,4:03.63,Mimi Belete,BRN,09.06.88,7,Monaco,19.07.2013
2610,4:03.63,Heather MacLean,USA,31.08.95,10,Monaco,09.07.2021
2610,4:03.63,Claudia Mihaela Bobocea,ROU,11.06.92,4h2,München,16.08.2022
2620,4:03.64,Svetlana Popova,UKR,03.02.59,8,Leningrad,26.07.1983
2620,4:03.64+,Yvonne Murray,GBR,04.10.64,1,Oslo,22.07.1994
2620,4:03.64,Maryam Yusuf Jamal,BRN,16.09.84,1s1,Berlin,21.08.2009
2620,4:03.64,Laura Muir,GBR,09.05.93,2s1,London,05.08.2017
2620,4:03.64,Winny Chebet,KEN,20.12.90,6,Birmingham,18.08.2018
2620,4:03.64,Cory McGee,USA,29.05.92,1,Nashville,15.08.2020
2620,4:03.64,Gabriela DeBues-Stafford,CAN,13.09.95,12,Firenze,02.06.2023
2620,4:03.64,Gabriela DeBues-Stafford,CAN,13.09.95,2,Troyes,22.06.2025
2628,4:03.65,Andrea Hahmann,GER,03.06.66,3h2,Seoul,29.09.1988
2628,4:03.65,Jackline Maranga,KEN,16.12.77,4,Monaco,04.08.1999
2628,4:03.65,Yelena Zadorozhnaya,RUS,03.12.77,6,Athínai,14.06.2005
2628,4:03.65,Kristlin Gear,USA,20.07.99,1r1,Los Angeles,11.05.2024
2628,4:03.65,Helen Lobun,KEN,18.03.99,1,Kitami,06.07.2024
2628,4:03.65,Weronika Lizakowska,POL,02.11.98,12,Chorzów,16.08.2025
2634,4:03.66,Lyudmila Borisova,RUS,08.03.66,5,Moskva,11.06.1992
2634,4:03.66,Yuliya Kosenkova,RUS,28.03.73,10,Monaco,19.07.2002
2634,4:03.66,Nancy Jebet Langat,KEN,22.08.81,5,Roma,26.05.2011
2634,4:03.66,Winnie Nanyondo,UGA,23.08.93,2,Stockholm,30.06.2022
2634,4:03.66,Linden Hall,AUS,20.06.91,7,Hengelo,04.06.2023
2639,4:03.67,Wang Xiaoxia,CHN,21.08.76,7h1,Shanghai,17.10.1997
2639,4:03.67,Rababe Arafi,MAR,12.01.91,5h1,London,04.08.2017
2639,4:03.67,Linden Hall,AUS,20.06.91,4,Gold Coast,10.04.2018
2639,4:03.67,Esther Guerrero,ESP,07.02.90,9,Firenze,10.06.2021
2639,4:03.67,Sarah Billings,AUS,07.03.98,3,Melbourne,28.03.2026
2644,4:03.68,Beate Liebich,GDR,21.02.58,3,Jena,09.08.1981
2644,4:03.68,Natalya Artyomova,RUS,05.01.63,1,Jerez de la Frontera,17.09.1991
2644,4:03.68,Wioletta Frankiewicz,POL,09.06.77,4,Saint-Denis,01.07.2005
2644,4:03.68,Natalia Rodríguez,ESP,02.06.79,3,Monaco,29.07.2008
2644,4:03.68,Jennifer Simpson,USA,23.08.86,12,Bruxelles,16.09.2011
2644,4:03.68,Sofia Ennaoui,POL,30.08.95,4,Madrid,22.07.2023
2644,4:03.68,Georgia Griffith,AUS,05.12.96,2,Adelaide,14.04.2024
2651,4:03.69,Yvonne Murray,GBR,04.10.64,2,Gateshead,26.07.1987
2651,4:03.69,Olga Nelyubova,RUS,12.06.64,8,Roma,12.07.2002
2651,4:03.69,Irina Krakoviak,LTU,16.11.77,8,Saint-Denis,08.07.2006
2651,4:03.69,Lisa Dobriskey,GBR,23.12.83,1,Gateshead,10.07.2010
2651,4:03.69,Tatyana Tomashova,RUS,01.07.75,4r1,Rieti,10.09.2011
2651,4:03.69,Abeba Aregawi,SWE,05.07.90,1,New York City,25.05.2013
2651,4:03.69,Rababe Arafi,MAR,12.01.91,7,Ad-Dawhah,04.05.2018
2651,4:03.69,Melissa Courtney-Bryant,GBR,30.08.93,1,Turku,11.08.2020
2651,4:03.69,Weronika Lizakowska,POL,02.11.98,3,Montreuil,17.06.2026
2660,4:03.7,Raisa Belousova,RUS,29.02.52,7,Moskva,29.07.1979
2660,4:03.7,Fita Lovin,ROU,14.01.51,1,Bucuresti,31.05.1980
2660,4:03.7,Mary Slaney,USA,04.08.58,1,Victoria,11.08.1991
2660,4:03.7,Elena Antoci,ROU,16.01.75,2,Bucuresti,15.06.2002
2660,4:03.7,Bouchra Chaabi,MAR,22.09.80,5,Athínai,02.07.2007
2660,4:03.70,Ulrike Bruns,GDR,17.11.53,1,Berlin,10.06.1981
2660,4:03.70,Doina Melinte,ROU,27.12.56,4,Budapest,29.07.1981
2660,4:03.70,Tatyana Dorovskikh,UKR,12.08.61,1,Sochi,26.05.1984
2660,4:03.70,Anzhela Romanova,MDA,06.05.61,h,Kyiv,22.06.1984
2660,4:03.70,Regina Jacobs,USA,28.08.63,1,San José,27.06.1987
2660,4:03.70,Lyubov Gurina,RUS,06.08.57,4,Nice,18.07.1994
2660,4:03.70,Yan Wei,CHN,04.10.73,1,Beijing,04.09.1998
2660,4:03.70,Suzy Favor Hamilton,USA,08.08.68,1,Palo Alto,21.06.2003
2660,4:03.70,Abeba Aregawi,SWE,05.07.90,1,Birmingham,30.06.2013
2660,4:03.70,Betlehem Desalegn,UAE,13.11.91,2,Beijing,18.05.2016
2660,4:03.70,Ciara Mageean,IRL,12.03.92,11,London,20.07.2019
2660,4:03.70,Gabriela DeBues-Stafford,CAN,13.09.95,1h1,Tokyo,02.08.2021
2660,4:03.70,Diana Mezuliániková,CZE,10.04.92,8s2,Tokyo,04.08.2021
2660,4:03.70,Cory Ann McGee,USA,29.05.92,10,Eugene,18.07.2022
2660,4:03.70,Saron Berhe,ETH,22.08.07,5,Tomblaine,18.06.2023
2680,4:03.71,Natalia Marasescu,ROU,03.10.52,1,Sofia,06.06.1981
2680,4:03.71,Laimute Baikauskaite,LTU,10.06.56,6,Leningrad,26.07.1981
2680,4:03.71,Yelena Zadorozhnaya,RUS,03.12.77,9,Monaco,13.09.2003
2680,4:03.71,Yelena Soboleva,RUS,03.10.82,2,Sochi,26.05.2005
2680,4:03.71,Sarah Jamieson,AUS,24.03.75,3,Saint-Denis,06.07.2007
2680,4:03.71+,Natalia Rodríguez,ESP,02.06.79,6,Rieti,07.09.2008
2680,4:03.71,Stephanie Twell,GBR,17.08.89,7,Saint-Denis,16.07.2010
2680,4:03.71,Anna Mishchenko,UKR,25.08.83,1r2,Yalta,30.05.2011
2680,4:03.71,Ingvill Måkestad Bovim,NOR,07.08.81,8,Saint-Denis,06.07.2012
2680,4:03.71,Jennifer Simpson,USA,23.08.86,7,Birmingham,20.08.2017
2690,4:03.72,Regina Jacobs,USA,28.08.63,1,New Orleans,28.06.1992
2690,4:03.72,Lidia Chojecka,POL,25.01.77,2,Hengelo,30.05.1999
2690,4:03.72,Margarita Marusova,RUS,25.11.67,3,Hengelo,30.05.1999
2690,4:03.72,Hind Dehiba,FRA,17.03.79,6,Roma,02.07.2004
2690,4:03.72,Natalia Rodríguez,ESP,02.06.79,8,Monaco,09.09.2005
2690,4:03.72,Christin Wurth-Thomas,USA,11.07.80,6,Roma,26.05.2011
2690,4:03.72,Sinclaire Johnson,USA,13.04.98,4,Des Moines,27.07.2019
2690,4:03.72,Georgia Hunter Bell,GBR,17.10.93,6,Ad-Dawhah,10.05.2024
2690,4:03.72,Esther Guerrero,ESP,07.02.90,9,Ostrava,28.05.2024
2699,4:03.73,Cornelia Bürki,SUI,03.10.53,2,Lausanne,10.07.1985
2699,4:03.73,Violeta Szekely,ROU,26.03.65,12,Monaco,08.08.1998
2699,4:03.73,Kutre Dulecha,ETH,22.08.78,1,Saint-Denis,23.06.2000
2699,4:03.73,Kelly Holmes,GBR,19.04.70,2,Eugene,19.06.2004
2699,4:03.73,Nelya Neporadnaya,UKR,29.07.85,7,Athínai,14.06.2005
2699,4:03.73,Natalia Rodríguez,ESP,02.06.79,2s1,Berlin,21.08.2009
2699,4:03.73,Sifan Hassan,ETH,01.01.93,2,Lausanne,04.07.2013
2699,4:03.73,Jessica Warner-Judd,GBR,07.01.95,6h1,London,04.08.2017
2699,4:03.73,Laura Muir,GBR,09.05.93,1,Gateshead,23.05.2021
2699,4:03.73,Sophie O'Sullivan,IRL,23.12.01,41,Saint-Denis,07.08.2024
2709,4:03.74,Natalia Marasescu,ROU,03.10.52,3,Torino,05.08.1979
2709,4:03.74,Ruth Wysocki,USA,08.03.57,1,Köln,26.08.1984
2709,4:03.74,Kirsty Wade,GBR,06.08.62,3,Roma,10.09.1986
2709,4:03.74,Hildegard Körner,GDR,20.12.59,2,Potsdam,08.09.1988
2709,4:03.74,Patti Sue Plumer,USA,27.04.62,1,Portland,24.05.1992
2709,4:03.74,Maite Zúñiga,ESP,28.12.64,13,Monaco,08.08.1998
2709,4:03.74,Maria Cioncan,ROU,19.06.77,1,Annecy,23.06.2002
2709,4:03.74,Iryna Lishchynska,UKR,15.01.76,1,Ostrava,08.06.2004
2709,4:03.74,Siham Hilali,MAR,02.05.86,5,Athínai,13.07.2009
2709,4:03.74,Maryam Yusuf Jamal,BRN,16.09.84,1,Berlin,23.08.2009
2709,4:03.74,Charlene Thomas,GBR,06.05.82,1,Watford,04.09.2013
2709,4:03.74,Eilish McColgan,GBR,25.11.90,7,London,22.07.2016
2709,4:03.74,Eilish McColgan,GBR,25.11.90,8,Stockholm,23.08.2020
2709,4:03.74,Katie Snowden,GBR,09.03.94,3r1,Eagle Rock,24.05.2025
2723,4:03.75,Gabriella Dorio,ITA,27.06.57,2,Roma,04.09.1981
2723,4:03.75,Anna Brzezinska,POL,09.01.71,4,Monaco,25.07.1995
2723,4:03.75,Iryna Lishchynska,UKR,15.01.76,5,Zürich,15.08.2003
2723,4:03.75,Lisa Dobriskey,GBR,23.12.83,2,Berlin,23.08.2009
2723,4:03.75,Luiza Gega,ALB,05.11.88,11,Saint-Denis,05.07.2014
2723,4:03.75,Laura Weightman,GBR,07.01.91,3,Berlin,12.08.2018
2723,4:03.75,Nadia Battocletti,ITA,12.04.00,1,Firenze,09.05.2026
2730,4:03.76,Doina Melinte,ROU,27.12.56,2,Los Angeles,11.08.1984
2730,4:03.76,Violeta Szekely,ROU,26.03.65,6,Monaco,02.08.1994
2730,4:03.76,Olga Nelyubova,RUS,12.06.64,10,Zürich,12.08.1998
2730,4:03.76,Iryna Lishchynska,UKR,15.01.76,1,Bergen,11.06.2004
2730,4:03.76,Mariem Alaoui Selsouli,MAR,08.04.84,6,Roma,10.07.2009
2730,4:03.76,Irene Jelagat,KEN,10.12.88,5,Zürich,19.08.2010
2730,4:03.76,Lemlem Hailu,ETH,25.05.01,9s2,Tokyo,04.08.2021
2730,4:03.76,Katie Snowden,GBR,09.03.94,5h2,München,16.08.2022
2730,4:03.76,Dominique Hiltz,USA,23.10.94,3h1,Budapest,19.08.2023
2730,4:03.76+,Abbey Caldwell,AUS,03.07.01,15,London,19.07.2025
2740,4:03.77,Svetlana Kitova,TJK,25.06.60,2,Tallinn,21.06.1986
2740,4:03.77,Katrin Wühn,GDR,19.11.65,3,Potsdam,06.06.1987
2740,4:03.77,Olga Churbanova,RUS,16.07.65,5,Sankt Peterburg,04.07.1996
2740,4:03.77,Maureen Koster,NED,07.03.92,8,Roma,08.06.2017
2740,4:03.77,Sifan Hassan,NED,01.01.93,1s2,London,05.08.2017
2740,4:03.77,Gudaf Tsegay,ETH,23.06.97,9,Zürich,29.08.2019
2740,4:03.77,Sinclaire Johnson,USA,13.04.98,2,Eugene,02.08.2025
2747,4:03.78,Elly van Hulst,NED,09.06.59,2,Zürich,18.08.1982
2747,4:03.78,Kirsty Wade,GBR,06.08.62,1,London,13.09.1987
2747,4:03.78,Malgorzata Rydz,POL,18.01.67,7,Monaco,02.08.1994
2747,4:03.78,Iryna Lishchynska,UKR,15.01.76,4,Rieti,08.09.2002
2747,4:03.78,Joanne Pavey,GBR,20.09.73,3s1,Saint-Denis,29.08.2003
2747,4:03.78,Liliya Shobukhova,RUS,13.11.77,4,Kazan,09.07.2004
2747,4:03.78,Águeda Marqués,ESP,19.03.99,6,Székesfehérvár,18.07.2023
2747,4:03.78,Danielle Jones,USA,21.08.96,2,Hengelo,07.07.2024
2747,4:03.78,Taryn Rawlings,USA,17.04.96,1rA,Trier,02.09.2025
2756,4:03.79,Tatyana Dorovskikh,UKR,12.08.61,1s2,Barcelona,06.08.1992
2756,4:03.79,Carla Sacramento,POR,10.12.71,3,Göteborg,09.08.1995
2756,4:03.79,Margaret Crowley,AUS,25.05.67,5,Atlanta,03.08.1996
2756,4:03.79,Svetlana Masterkova,RUS,17.01.68,1,Moskva,05.09.1998
2756,4:03.79,Ingvill Måkestad Bovim,NOR,07.08.81,13,Bruxelles,16.09.2011
2756,4:03.79,Alemaz Samuel,ETH,05.07.99,8,Shanghai,18.05.2019
2756,4:03.79,Sarah McDonald,GBR,02.08.93,2rA,Ostrava,20.06.2019
2756,4:03.79,Marta Pérez,ESP,19.04.93,4,Lausanne,26.08.2021
2756,4:03.79,Hirut Meshesha,ETH,20.01.01,1,Roma,09.06.2022
2756,4:03.79,Marta Pen,POR,31.07.93,2,Memphis,29.07.2022
2756,4:03.79+,Josette Andrews,USA,15.12.95,10,Oslo,15.06.2023
2756,4:03.79,Lauren Ryan,AUS,15.03.98,1r1,Pfungstadt,20.08.2025
2756,4:03.79,Linden Hall,AUS,20.06.91,4,Melbourne,28.03.2026
2769,4:03.8,Ileana Silai,ROU,14.10.41,9,Moskva,06.07.1980
2769,4:03.80,Paula Ivan,ROU,20.07.63,2,Zürich,19.08.1987
2769,4:03.80,Nancy Jebet Langat,KEN,22.08.81,2r2,Eugene,08.06.2008
2769,4:03.80,Caster Semenya,RSA,07.01.91,3s1,London,05.08.2017
2769,4:03.80,Claudia Mihaela Bobocea,ROU,11.06.92,11,Chorzów,16.07.2023
2774,4:03.81,Hassiba Boulmerka,ALG,10.07.68,1s1,Barcelona,06.08.1992
2774,4:03.81,Katie Mackey,USA,12.11.87,8,Eugene,30.05.2015
2774,4:03.81,Linden Hall,AUS,20.06.91,8,London,22.07.2016
2774,4:03.81,Winnie Nanyondo,UGA,23.08.93,7h3,Eugene,15.07.2022
2774,4:03.81,Melissa Courtney-Bryant,GBR,30.08.93,5,Stockholm,02.07.2023
2774,4:03.81+,Esther Guerrero,ESP,07.02.90,11,Monaco,21.07.2023
2774,4:03.81,Gabriela DeBues-Stafford,CAN,13.09.95,1rA,Bruxelles,25.05.2025
2781,4:03.82,Zamira Zaytseva,UZB,16.02.53,4,Sochi,10.06.1984
2781,4:03.82,Maite Zúñiga,ESP,28.12.64,6,Zürich,19.08.1992
2781,4:03.82,Fabia Trabaldo,ITA,05.03.72,6,Monaco,07.08.1993
2781,4:03.82,Carmen Douma-Hussar,CAN,12.03.77,9,Saint-Denis,08.07.2006
2781,4:03.82,Faith Kipyegon,KEN,10.01.94,5,Shanghai,19.05.2012
2781,4:03.82,Rababe Arafi,MAR,12.01.91,8,Bruxelles,31.08.2018
2781,4:03.82,Kate Grace,USA,24.10.88,5,Des Moines,27.07.2019
2781,4:03.82+,Kara McKenna,USA,17.05.88,1,Marion,15.07.2020
2781,4:03.82,Emma Coburn,USA,19.10.90,2,Nashville,15.08.2020
2790,4:03.83,Doina Melinte,ROU,27.12.56,3,Nice,15.07.1991
2790,4:03.83,Malgorzata Rydz,POL,18.01.67,2s2,Barcelona,06.08.1992
2790,4:03.83,Naomi Mugo,KEN,02.01.77,10,Roma,14.07.1998
2790,4:03.83,Daniela Yordanova,BUL,08.03.76,2,Bydgoszcz,09.07.2000
2790,4:03.83,Natalya Gorelova,RUS,18.04.73,10,Bruxelles,05.09.2003
2790,4:03.83,Mouna Tabsaart,MAR,07.04.87,1,Tangier,10.07.2010
2790,4:03.83,Besu Sado,ETH,12.01.96,9,Bruxelles,01.09.2017
2790,4:03.83,Laura Muir,GBR,09.05.93,6,Stockholm,02.07.2023
2790,4:03.83,Linden Hall,AUS,20.06.91,2,Zagreb,10.09.2023
2790,4:03.83,Habitam Alemu,ETH,09.07.97,4,Zagreb,08.09.2024
2790,4:03.83,Simone Plourde,CAN,08.08.00,2,Portland,15.06.2025
2801,4:03.84,Christina Cahill,GBR,25.03.57,5,Bruxelles,30.08.1985
2801,4:03.84,Violeta Szekely,ROU,26.03.65,1,Köln,08.08.1999
2801,4:03.84,Viola Kibiwott,KEN,22.12.85,3,Oslo,15.06.2007
2801,4:03.84,Ibtissam Lakhouad,MAR,07.12.80,3,Monaco,25.07.2007
2801,4:03.84,Iryna Lishchynska,UKR,15.01.76,1s2,Osaka,31.08.2007
2801,4:03.84,Lisa Dobriskey,GBR,23.12.83,3s1,Berlin,21.08.2009
2801,4:03.84,Tatyana Tomashova,RUS,01.07.75,3,Cheboksary,24.07.2011
2801,4:03.84,Maureen Koster,NED,07.03.92,9,London,22.07.2016
2801,4:03.84,Gaia Sabbatini,ITA,10.06.99,6,Ostrava,27.06.2023
2801,4:03.84,Revee Walcott-Nolan,GBR,06.03.95,3,Zagreb,10.09.2023
2811,4:03.85,Yelena Sipatova,RUS,07.06.55,4,Moskva,12.06.1982
2811,4:03.85,Lyudmila Rogachova,RUS,30.10.66,2s1,Barcelona,06.08.1992
2811,4:03.85,Hayley Tullett,GBR,17.02.73,4s1,Saint-Denis,29.08.2003
2811,4:03.85,Hanna Klein,GER,06.04.93,2,Marseille,15.06.2022
2811,4:03.85,Sarah Healy,IRL,13.02.01,1,Turku,13.06.2023
2816,4:03.86,Qu Yunxia,CHN,25.12.72,3s2,Barcelona,06.08.1992
2816,4:03.86,Olga Yegorova,RUS,28.03.72,1,Bydgoszcz,01.06.2006
2816,4:03.86,Helen Obiri,KEN,13.12.89,3,Moskva,15.08.2013
2816,4:03.86,Winny Chebet,KEN,20.12.90,10,Roma,06.06.2019
2816,4:03.86,Katie Snowden,GBR,09.03.94,10,Firenze,10.06.2021
2816,4:03.86A,Kassie Wubrist,ETH,10.03.05,4,Nairobi,07.05.2022
2816,4:03.86,Haregeweyn Kalayu,ETH,29.05.09,4rA,Stockholm,07.06.2026
2823,4:03.87,Andrea Hahmann,GER,03.06.66,1,Düsseldorf,20.06.1988
2823,4:03.87,Hassiba Boulmerka,ALG,10.07.68,4,Noisy-le-Grand,04.07.1992
2823,4:03.87,Olga Rosseyeva,RUS,01.08.81,1,Moskva,27.07.2001
2823,4:03.87,Olga Nelyubova,RUS,12.06.64,1,Thessaloníki,24.07.2002
2823,4:03.87,Hayley Tullett,GBR,17.02.73,3,Saint-Denis,04.07.2003
2823,4:03.87,Mary Kuria,KEN,29.11.87,1rA,Huelva,07.06.2012
2823,4:03.87,Judith Jemutai,KEN,10.12.93,8,Ad-Dawhah,04.05.2018
2823,4:03.87A,Judith Jemutai,KEN,10.12.93,5,Nairobi,07.05.2022
2823,4:03.87,Lucia Stafford,CAN,17.08.98,2r1,Los Angeles,11.05.2024
2832,4:03.88,Silvana Cruciata,ITA,15.02.53,2,Torino,15.07.1981
2832,4:03.88,Carla Sacramento,POR,10.12.71,4,Roma,30.06.2000
2832,4:03.88,Liliya Shobukhova,RUS,13.11.77,5,Tula,01.08.2004
2832,4:03.88,Meraf Bahta,SWE,24.06.89,1,Heusden-Zolder,19.07.2014
2832,4:03.88,Sifan Hassan,NED,01.01.93,1h1,Ad-Dawhah,02.10.2019
2832,4:03.88,Gaia Sabbatini,ITA,10.06.99,2,Turku,13.06.2023
2838,4:03.89,Lyubov Kremlyova,RUS,21.12.61,1,Moskva,05.09.1988
2838,4:03.89,Daniela Yordanova,BUL,08.03.76,1,Sofia,10.06.2000
2838,4:03.89,Iryna Lishchynska,UKR,15.01.76,10,Monaco,13.09.2003
2838,4:03.89,Nancy Jebet Langat,KEN,22.08.81,3,Lausanne,05.07.2005
2838,4:03.89,Shannon Rowbury,USA,19.09.84,4h3,Beijing,21.08.2008
2838,4:03.89,Siham Hilali,MAR,02.05.86,3,Ad-Dawhah,14.05.2010
2838,4:03.89,Eilish McColgan,GBR,25.11.90,4rA,Walnut,09.05.2021
2838,4:03.89,Laura Muir,GBR,09.05.93,2h1,Tokyo,02.08.2021
2838,4:03.89,Helen Schlachtenhaufen,USA,14.03.95,10,Xiamen,02.09.2023
2838,4:03.89,Linden Hall,AUS,20.06.91,8h2,Saint-Denis,06.08.2024
2848,4:03.9,Zoya Rigel,RUS,15.10.52,2,Tbilisi,17.09.1978
2848,4:03.9,Birgit Barth,GDR,19.06.62,1,Potsdam,14.06.1987
2848,4:03.90,Maricica Puica,ROU,29.07.50,5,Stuttgart,31.08.1986
2848,4:03.90,Liliya Shobukhova,RUS,13.11.77,5,Tula,15.06.2006
2848,4:03.90,Tigist Ketema,ETH,15.09.98,1,Bydgoszcz,30.06.2021
2848,4:03.90,Katie Snowden,GBR,09.03.94,3r2,San Juan Capistrano,06.05.2022
2848,4:03.90,Águeda Marqués,ESP,19.03.99,2,La Nucía,30.06.2024
2848,4:03.90,Nancy Jepngetich,KEN,25.10.07,10,Rabat,31.05.2026
2856,4:03.91,Ileana Silai,ROU,14.10.41,2,Bucuresti,11.08.1978
2856,4:03.91,Carla Sacramento,POR,10.12.71,6,Atlanta,03.08.1996
2856,4:03.91,Joanne Pavey,GBR,20.09.73,2,Madrid,19.07.2003
2856,4:03.91,Erin Donohue,USA,08.05.83,2rA,Heusden-Zolder,10.07.2010
2856,4:03.91,Morgan Uceny,USA,10.03.85,1,Eugene,25.06.2011
2856,4:03.91,Hannah England,GBR,06.03.87,4,Roma,06.06.2013
2856,4:03.91,Nancy Jebet Langat,KEN,22.08.81,8,Monaco,19.07.2013
2856,4:03.91,Jennifer Simpson,USA,23.08.86,1,Tokyo,11.05.2014
2856,4:03.91+,Bérénice Cleyet-Merle,FRA,24.10.94,12,Monaco,21.07.2023
2856,4:03.91,Caren Chepchirchir,KEN,25.12.08,11,Rabat,31.05.2026
2866,4:03.92,Ulrike Bruns,GDR,17.11.53,1,Dresden,26.07.1984
2866,4:03.92,Elena Fidatov,ROU,24.07.60,2,Pitesti,28.06.1986
2866,4:03.92,Olga Kuznetsova,RUS,23.10.67,5,Tula,26.07.2000
2866,4:03.92,Judit Varga,HUN,16.04.76,1,Saint-Denis,23.07.2004
2866,4:03.92,Shannon Rowbury,USA,19.09.84,5,Eugene,07.06.2009
2866,4:03.92,Natalya Pantelyeva,RUS,18.08.83,4,Cheboksary,26.07.2009
2866,4:03.92,Anna Konovalova,RUS,04.07.88,4,Cheboksary,24.07.2011
2866,4:03.92,Siham Hilali,MAR,02.05.86,7,Ad-Dawhah,10.05.2013
2874,4:03.93,Yekaterina Podkopayeva,RUS,11.06.52,4s2,Barcelona,06.08.1992
2874,4:03.93,Kutre Dulecha,ETH,22.08.78,2,Hengelo,01.06.1998
2874,4:03.93,Kelly Holmes,GBR,19.04.70,1,Hengelo,02.06.2002
2874,4:03.93,Natalia Rodríguez,ESP,02.06.79,5r1,Rieti,10.09.2011
2874,4:03.93,Colleen Quigley,USA,20.11.92,1,Heusden-Zolder,22.07.2017
2874,4:03.93,Faith Kipyegon,KEN,10.01.94,2h1,Ad-Dawhah,02.10.2019
2874,4:03.93,Winny Chebet,KEN,20.12.90,3h1,Tokyo,02.08.2021
2874,4:03.93,Sofia Ennaoui,POL,30.08.95,8rA,Ostrava,31.05.2022
2874,4:03.93,Esther Guerrero,ESP,07.02.90,1rA,Marseille,13.07.2025
2883,4:03.94,Nina Yapeyeva,RUS,03.01.56,3r1,Moskva,19.09.1981
2883,4:03.94,Violeta Szekely,ROU,26.03.65,2,Sevilla,06.06.1992
2883,4:03.94,Olga Nelyubova,RUS,12.06.64,5,Monaco,16.08.1997
2883,4:03.94,Lidia Chojecka,POL,25.01.77,2,Berlin,01.09.2000
2883,4:03.94,Tizita Bogale,ETH,13.07.93,5,Barcelona,22.07.2011
2883,4:03.94,Morgan Uceny,USA,10.03.85,1,Greenville,04.06.2016
2889,4:03.95,Maricica Puica,ROU,29.07.50,1,Lausanne,14.07.1982
2889,4:03.95,Ravilya Agletdinova,BLR,10.02.60,2,Erfurt,22.06.1985
2889,4:03.95,Hassiba Boulmerka,ALG,10.07.68,2,Jerez de la Frontera,17.09.1991
2889,4:03.95,Lan Lixin,CHN,14.02.79,1,Jinzhou,08.06.2000
2889,4:03.95,Nancy Jebet Langat,KEN,22.08.81,5,Rieti,06.09.2009
2889,4:03.95,Rababe Arafi,MAR,12.01.91,2,Durban,24.06.2016
2889,4:03.95,Faith Kipyegon,KEN,10.01.94,1s1,Rio de Janeiro,14.08.2016
2889,4:03.95,Georgia Griffith,AUS,05.12.96,1rA,Jessheim,02.06.2022
2889,4:03.95,Ellie Baker,GBR,03.06.98,3,Turku,13.06.2023
2889,4:03.95,Claudia Hollingsworth,AUS,12.04.05,2,Lignano Sabbiadoro,14.07.2024
2899,4:03.96,Tatyana Tomashova,RUS,01.07.75,1,Tula,13.07.2001
2899,4:03.96,Carla Sacramento,POR,10.12.71,4,Edmonton,07.08.2001
2899,4:03.96,Olga Nelyubova,RUS,12.06.64,9,Zürich,16.08.2002
2899,4:03.96,Meskerem Legesse,ETH,28.09.86,3,Eugene,24.05.2003
2899,4:03.96,Lidia Chojecka,POL,25.01.77,8,Monaco,20.08.2006
2899,4:03.96,Christin Wurth-Thomas,USA,11.07.80,1,New York City,30.05.2009
2899,4:03.96,Sheila Reid,CAN,02.08.89,9,Eugene,28.05.2016
2899,4:03.96,Morgan Uceny,USA,10.03.85,10,London,22.07.2016
2899,4:03.96,Angelika Cichocka,POL,15.03.88,4s1,London,05.08.2017
2899,4:03.96,Edinah Jebitok,KEN,10.11.01,8,Rabat,05.06.2022
2899,4:03.96,Linden Hall,AUS,20.06.91,8s1,Budapest,20.08.2023
2910,4:03.97,Viola Kibiwott,KEN,22.12.85,2s2,Osaka,31.08.2007
2910,4:03.97,Nicole Sifuentes,CAN,30.06.86,2,Greenville,04.06.2016
2912,4:03.98,Nikolina Shtereva,BUL,21.01.55,3,Budapest,11.08.1986
2912,4:03.98,Olga Komyagina,RUS,10.02.74,1,Leverkusen,26.08.2001
2912,4:03.98,Nuria Fernández,ESP,16.08.76,1,San Sebastián,03.07.2004
2912,4:03.98,Laura Weightman,GBR,07.01.91,4,Glasgow,11.07.2014
2912,4:03.98,Perine Nengampi,KEN,89,2,Heusden-Zolder,19.07.2014
2912,4:03.98,Colleen Quigley,USA,20.11.92,2,Portland,21.07.2020
2912,4:03.98,Susan Ejore-Sanders,KEN,09.11.95,1rA,Nashville,05.06.2022
2912,4:03.98,Faith Kipyegon,KEN,10.01.94,1s2,Eugene,16.07.2022
2912,4:03.98,Riley Chamberlain,USA,21.07.04,3,Portland,15.06.2025
2921,4:03.99,Diana Richburg,USA,02.07.63,2,Paris,16.07.1987
2921,4:03.99,Nuria Fernández,ESP,16.08.76,9,Roma,12.07.2002
2921,4:03.99,Natalya Gorelova,RUS,18.04.73,4rA,Tula,10.08.2003
2921,4:03.99,Carla Sacramento,POR,10.12.71,7,Roma,02.07.2004
2921,4:03.99,Marta Pen,POR,31.07.93,7,Birmingham,18.08.2018
2921,4:03.99,Revee Walcott-Nolan,GBR,06.03.95,7,Ad-Dawhah,10.05.2024
2921,4:03.99,Yordanos Tesegab,ETH,21.03.09,12,Rabat,31.05.2026
2928,4:04.0,Natalia Marasescu,ROU,03.10.52,1,Athínai,30.06.1976
2928,4:04.0,Svetlana Guskova,MDA,19.08.59,2,Sochi,09.06.1979
2928,4:04.0,Zoya Rigel,RUS,15.10.52,2,Donetsk,07.09.1980
2928,4:04.0+,Mary Slaney,USA,04.08.58,1,Westwood,15.05.1983
2928,4:04.0,Galina Zakharova,RUS,07.09.56,1,Tallinn,28.06.1984
2928,4:04.00,Gabriele Martins,GDR,01.06.62,2,Potsdam,18.08.1982
2928,4:04.00,Ulrike Bruns,GDR,17.11.53,1,Berlin,15.07.1984
2928,4:04.00,Maite Zúñiga,ESP,28.12.64,5s2,Barcelona,06.08.1992
2928,4:04.00,Patti Sue Plumer,USA,27.04.62,8,Monaco,11.08.1992
2928,4:04.00,Yelena Kaledina,RUS,18.05.66,6,Sankt Peterburg,04.07.1996
2928,4:04.00,Liu Qing,CHN,28.04.86,1,Nanjing,19.10.2005
2928,4:04.00,Shannon Rowbury,USA,19.09.84,5,New York City,12.06.2010
2928,4:04.00,Axumawit Embaye,ETH,18.10.94,2,Barcelona,09.07.2016
2928,4:04.00,Dominique Hiltz,USA,23.10.94,3h1,Ad-Dawhah,02.10.2019
2942,4:04.01,Carmen Douma-Hussar,CAN,12.03.77,6=,Bruxelles,03.09.2004
2942,4:04.01,Natalia Rodríguez,ESP,02.06.79,6=,Bruxelles,03.09.2004
2942,4:04.01,Nancy Jebet Langat,KEN,22.08.81,1,Milano,01.06.2005
2942,4:04.01,Morgan Uceny,USA,10.03.85,6,New York City,12.06.2010
2942,4:04.01,Irene Jelagat,KEN,10.12.88,6,Monaco,22.07.2011
2942,4:04.01,Jessica Hull,AUS,22.10.96,1,Vida,22.06.2021
2942,4:04.01,Nelly Jepkosgei,BRN,14.07.91,9,Rabat,25.05.2025
2942,4:04.01,Erin Wallace,GBR,18.05.00,2,Bydgoszcz,29.05.2026
2942,4:04.01+,Gabija Galvydyte,LTU,17.01.00,9,Eugene,04.07.2026
2951,4:04.02,Gulbira Nurtdinova,RUS,56,h,Kyiv,26.07.1982
2951,4:04.02,Anzhela Romanova,MDA,06.05.61,h,Sochi,09.06.1984
2951,4:04.02,Olga Komyagina,RUS,10.02.74,1,Rieti,03.09.2000
2951,4:04.02,Sifan Hassan,ETH,01.01.93,1,Ostrava,27.06.2013
2951,4:04.02,Michaela Meyer,USA,04.07.98,4,Trabuco Hills,18.07.2021
2951,4:04.02,Allie Wilson,USA,31.03.96,3,Memphis,29.07.2022
2957,4:04.03,Paula Ivan,ROU,20.07.63,1,Rieti,31.08.1988
2957,4:04.03,Natalya Artyomova,RUS,05.01.63,2,Moskva,05.09.1988
2957,4:04.03,Siham Hilali,MAR,02.05.86,4,Monaco,25.07.2007
2957,4:04.03,Winnie Nanyondo,UGA,23.08.93,8,Hengelo,04.06.2023
2961,4:04.04,Patti Sue Plumer,USA,27.04.62,2,New Orleans,28.06.1992
2961,4:04.04,Olga Nelyubova,RUS,12.06.64,11,Monaco,19.07.2002
2961,4:04.04,Olga Yegorova,RUS,28.03.72,1,Réthymno,23.06.2004
2961,4:04.04,Lidia Chojecka,POL,25.01.77,3,Zürich,06.08.2004
2961,4:04.04,Kalkidan Gezahegne,ETH,08.05.91,7,Roma,10.07.2009
2961,4:04.04,Svetlana Karamasheva,RUS,24.05.88,3,Cheboksary,06.07.2012
2961,4:04.04,Meraf Bahta,SWE,24.06.89,2s2,London,05.08.2017
2961,4:04.04,Winnie Nanyondo,UGA,23.08.93,4h1,Ad-Dawhah,02.10.2019
2961,4:04.04,Aleksandra Plocinska,POL,05.10.99,3,Tomblaine,25.05.2024
2961,4:04.04,Taryn Rawlings,USA,17.04.96,2r1,Pfungstadt,20.08.2025
2961,4:04.04,Melissa Courtney-Bryant,GBR,30.08.93,3,Bydgoszcz,29.05.2026
2961,4:04.04,Maureen Koster,NED,07.03.92,4,Bydgoszcz,29.05.2026
2973,4:04.05,Svetlana Kitova,TJK,25.06.60,3,Rieti,03.09.1989
2973,4:04.05,Zhang Jinqing,CHN,21.06.77,8h1,Shanghai,17.10.1997
2973,4:04.05,Olga Nelyubova,RUS,12.06.64,2,Nice,08.07.2000
2973,4:04.05,Jackline Maranga,KEN,16.12.77,5,Rieti,08.09.2002
2973,4:04.05,Hannah England,GBR,06.03.87,1,Hengelo,27.05.2012
2973,4:04.05+,Kate Grace,USA,24.10.88,8,London,22.07.2018
2973,4:04.05,Hirut Meshesha,ETH,20.01.01,2s2,Eugene,16.07.2022
2973,4:04.05,Esther Guerrero,ESP,07.02.90,5,Rovereto,02.06.2025
2973,4:04.05,Gracie Morris,USA,17.12.01,2,Memphis,12.07.2025
2973,4:04.05,Salma Elbadra,MAR,12.09.04,1rA,Portland,21.06.2026
2983,4:04.06,Grete Waitz,NOR,01.10.53,1,Bruxelles,04.09.1979
2983,4:04.06,Ulrike Bruns,GDR,17.11.53,2,Celje,18.08.1981
2983,4:04.06,Olga Nelyubova,RUS,12.06.64,5,Monaco,04.08.1999
2983,4:04.06,Malindi Elmore,CAN,13.03.80,3,Eugene,19.06.2004
2983,4:04.06,Kelly Holmes,GBR,19.04.70,1,London,30.07.2004
2983,4:04.06,Siham Hilali,MAR,02.05.86,1,Mersin,26.06.2013
2983,4:04.06,Alexa Efraimson,USA,20.02.97,7,Nanjing,21.05.2019
2983,4:04.06,Sofia Ennaoui,POL,30.08.95,12,London,20.07.2019
2991,4:04.07,Doina Melinte,ROU,27.12.56,1,Milano,07.07.1982
2991,4:04.07,Diana Richburg,USA,02.07.63,3,Los Angeles,24.06.1984
2991,4:04.07,Hind Dehiba,FRA,17.03.79,10,Saint-Denis,08.07.2006
2991,4:04.07,Jennifer Simpson,USA,23.08.86,2,Rovereto,04.09.2012
2991,4:04.07,Irene Jelagat,KEN,10.12.88,5,New York City,14.06.2014
2996,4:04.08,Zamira Zaytseva,UZB,16.02.53,6r1,Leningrad,02.08.1985
2996,4:04.08,Doina Melinte,ROU,27.12.56,4,Roma,10.09.1986
2996,4:04.08,Nozomi Tanaka,JPN,04.09.99,1,Chitose,17.07.2021
2999,4:04.09,Cindy Bremser,USA,05.05.53,6,Bruxelles,30.08.1985
2999,4:04.09,Yekaterina Podkopayeva,RUS,11.06.52,1,Rieti,28.08.1994
2999,4:04.09,Yelena Zadorozhnaya,RUS,03.12.77,3,Oslo,28.06.2002
2999,4:04.09,Tatyana Tomashova,RUS,01.07.75,4,Saint-Denis,04.07.2003
2999,4:04.09,Hind Dehiba,FRA,17.03.79,10,Rieti,27.08.2006
2999,4:04.09,Zoe Buckman,AUS,21.12.88,9,Eugene,31.05.2014
2999,4:04.09+,Linden Hall,AUS,20.06.91,9,London,22.07.2018
2999,4:04.09,Edinah Jebitok,KEN,10.11.01,4h1,Budapest,19.08.2023
2999,4:04.09,Marta Pérez,ESP,19.04.93,2rA,Marseille,13.07.2025
3008,4:04.1,Alla Yushina,RUS,20.08.58,1,Krasnodar,07.08.1983
3008,4:04.1,Marina Yachmeneva,RUS,14.07.61,2,Kyiv,24.06.1988
3008,4:04.1+,Gabriela DeBues-Stafford,CAN,13.09.95,2,Birmingham,18.08.2019
3008,4:04.10,Carla Sacramento,POR,10.12.71,9,Monaco,11.08.1992
3008,4:04.10,Lidia Chojecka,POL,25.01.77,8,Bruxelles,03.09.2004
3008,4:04.10,Helen Obiri,KEN,13.12.89,1r2,Rieti,10.09.2011
3008,4:04.10,Axumawit Embaye,ETH,18.10.94,5,Hengelo,08.06.2014
3008,4:04.10,Maryam Yusuf Jamal,BRN,16.09.84,6,Hengelo,08.06.2014
3008,4:04.10,Violah Lagat,KEN,13.03.89,2,Lignano Sabbiadoro,07.07.2015
3008,4:04.10,Sara Lappalainen,FIN,17.08.91,4h1,Tokyo,02.08.2021
3008,4:04.10,Edinah Jebitok,KEN,10.11.01,9,Hengelo,04.06.2023
3008,4:04.10,Sintayehu Vissa,ITA,29.07.96,2rA,Padova,03.09.2023
3020,4:04.11,Karin Krebs,GDR,18.08.43,4,München,09.09.1972
3020,4:04.11,Olga Yegorova,RUS,28.03.72,3,Lausanne,02.07.2002
3020,4:04.11,Ingvill Måkestad Bovim,NOR,07.08.81,3,Heusden-Zolder,19.07.2014
3020,4:04.11,Laura Weightman,GBR,07.01.91,6,London,07.08.2017
3020,4:04.11,Ellie Baker,GBR,03.06.98,3,Montreuil,31.05.2023
3020,4:04.11+,Ciara Mageean,IRL,12.03.92,11,Oslo,15.06.2023
3020,4:04.11,Martyna Galant,POL,26.01.95,7,Ostrava,27.06.2023
3020,4:04.11,Sintayehu Vissa,ITA,29.07.96,4,Zagreb,10.09.2023
3028,4:04.12,Lynn Williams,CAN,11.07.60,3,Lausanne,10.07.1985
3028,4:04.12,Ravilya Agletdinova,BLR,10.02.60,3,Kyiv,07.07.1990
3028,4:04.12,Cristina Vasiloiu,ROU,04.03.88,2,Kalamáta,04.06.2008
3028,4:04.12,Ingvill Måkestad Bovim,NOR,07.08.81,6r1,Rieti,10.09.2011
3028,4:04.12,Rababe Arafi,MAR,12.01.91,1,Beijing,20.05.2015
3028,4:04.12,Rachel Schneider,USA,18.07.91,5,Trabuco Hills,18.07.2021
3028,4:04.12,Freweyni Hailu,ETH,12.02.01,5h1,Tokyo,02.08.2021
3028,4:04.12,Wezam Arefeayane,ETH,03.01.05,9rA,Ostrava,31.05.2022
3028,4:04.12,Adele Gay,FRA,16.10.04,1,Talence,02.08.2025
3037,4:04.13,Nadezhda Olizarenko,UKR,28.11.53,2,Dortmund,01.07.1978
3037,4:04.13,Fita Lovin,ROU,14.01.51,1,Bucuresti,19.06.1981
3037,4:04.13,Svetlana Kitova,TJK,25.06.60,3,Moskva,10.06.1990
3037,4:04.13,Natalya Gorelova,RUS,18.04.73,6,Paris,14.09.2002
3037,4:04.13,Mary Kuria,KEN,29.11.87,1,Huelva,03.06.2016
3037,4:04.13,Ciara Mageean,IRL,12.03.92,1rA,Barcelona,11.07.2018
3037,4:04.13,Hawi Feysa,ETH,01.02.99,3rA,Ostrava,20.06.2019
3037,4:04.13,Melissa Courtney-Bryant,GBR,30.08.93,10rA,Ostrava,31.05.2022
3037,4:04.13,Águeda Marqués,ESP,19.03.99,7h4,Tokyo,13.09.2025
3037,4:04.13,Abbey Caldwell,AUS,03.07.01,1rA,Melbourne,20.01.2026
3047,4:04.14,Wendy Sly,GBR,05.11.59,5,Helsinki,14.08.1983
3047,4:04.14,Nuria Fernández,ESP,16.08.76,4,Zürich,06.08.2004
3047,4:04.14,Yuliya Chizhenko,RUS,30.08.79,4,Cheboksary,06.07.2012
3047,4:04.14,Cory McGee,USA,29.05.92,2,Memphis,10.08.2019
3047,4:04.14,Ciara Mageean,IRL,12.03.92,2,Birmingham,07.08.2022
3047,4:04.14,Danielle Jones,USA,21.08.96,9,Eugene,30.06.2024
3053,4:04.15,Maricica Puica,ROU,29.07.50,3,Los Angeles,11.08.1984
3053,4:04.15,Andrea Hahmann,GER,03.06.66,1,Potsdam,08.06.1988
3053,4:04.15,Lidia Chojecka,POL,25.01.77,2,Ostrava,08.06.2004
3053,4:04.15,Hanna Klein,GER,06.04.93,2,Heusden-Zolder,22.07.2017
3053,4:04.15,Marta Pen,POR,31.07.93,10s2,Tokyo,04.08.2021
3053,4:04.15,Esther Guerrero,ESP,07.02.90,4,Turku,17.06.2025
3059,4:04.16,Olga Parlyuk,RUS,03.05.63,h,Kyiv,22.06.1984
3059,4:04.16,Christin Wurth-Thomas,USA,11.07.80,4s1,Berlin,21.08.2009
3059,4:04.16,Ibtissam Lakhouad,MAR,07.12.80,8,Saint-Denis,16.07.2010
3059,4:04.16,Fanjanteino Félix,FRA,26.01.80,6,Barcelona,01.08.2010
3059,4:04.16,Gudaf Tsegay,ETH,23.06.97,10,Roma,04.06.2015
3059,4:04.16,Laura Muir,GBR,09.05.93,3s2,Rio de Janeiro,14.08.2016
3059,4:04.16,Jennifer Simpson,USA,23.08.86,8,Eugene,27.05.2017
3059,4:04.16,Angelika Cichocka,POL,15.03.88,7,London,07.08.2017
3059,4:04.16,Jessica Hull,AUS,22.10.96,3r1,Irvine,15.05.2021
3059,4:04.16,Abbey Caldwell,AUS,03.07.01,5h1,Budapest,19.08.2023
3059,4:04.16,Nozomi Tanaka,JPN,04.09.99,1,Tokyo,06.07.2025
3059,4:04.16,Worknesh Mesele,ETH,10.06.01,4,Los Angeles,14.06.2026
3071,4:04.17,Ileana Silai,ROU,14.10.41,1,Ankara,10.09.1977
3071,4:04.17,Tatyana Sychova,RUS,29.11.57,2,Kyiv,26.08.1981
3071,4:04.17,Lynn Williams,CAN,11.07.60,3,Paris,13.07.1985
3071,4:04.17,Viorica Ghican,ROU,09.06.65,3,Monaco,02.08.1988
3071,4:04.17,Naomi Mugo,KEN,02.01.77,7,Nice,16.07.1998
3071,4:04.17,Maria Cioncan,ROU,19.06.77,2,Bergen,11.06.2004
3071,4:04.17,Viola Kibiwott,KEN,22.12.85,4,Saint-Denis,18.07.2008
3071,4:04.17,Janeth Jepkosgei,KEN,13.12.83,6,Zürich,19.08.2010
3071,4:04.17,Viola Kibiwott,KEN,22.12.85,5rA,Stockholm,21.08.2014
3071,4:04.17,Lauren Johnson,USA,04.05.87,2,Heusden-Zolder,18.07.2015
3071,4:04.17,Rababe Arafi,MAR,12.01.91,3h3,Beijing,22.08.2015
3071,4:04.17,Georgia Griffith,AUS,05.12.96,5,Gold Coast,10.04.2018
3071,4:04.17,Kristiina Sasinek Mäki,CZE,22.09.91,11rA,Ostrava,31.05.2022
3071,4:04.17,Augustine Haquet,FRA,13.07.03,1,Troyes,28.06.2026
3085,4:04.18,Doina Melinte,ROU,27.12.56,1,Nice,10.07.1990
3085,4:04.18,Regina Jacobs,USA,28.08.63,5,Stockholm,12.07.1994
3085,4:04.18,Alison Wyeth,GBR,26.05.64,5,Nice,18.07.1994
3085,4:04.18,Kelly Holmes,GBR,19.04.70,3,Ostrava,08.06.2004
3085,4:04.18,Maria Cioncan,ROU,19.06.77,5,Zürich,06.08.2004
3085,4:04.18,Cristina Vasiloiu,ROU,04.03.88,2,Bucuresti,06.06.2008
3085,4:04.18,Shannon Rowbury,USA,19.09.84,3,Berlin,23.08.2009
3085,4:04.18,Treniere Moser,USA,27.10.81,5,Glasgow,11.07.2014
3085,4:04.18,Sifan Hassan,NED,01.01.93,1,Zürich,15.08.2014
3085,4:04.18,Axumawit Embaye,ETH,18.10.94,5,Ad-Dawhah,15.05.2015
3085,4:04.18,Ciara Mageean,IRL,12.03.92,5h1,Ad-Dawhah,02.10.2019
3085,4:04.18,Axumawit Embaye,ETH,18.10.94,7,Zürich,09.09.2021
3085,4:04.18,Abbey Caldwell,AUS,03.07.01,1r2,Walnut,18.05.2022
3098,4:04.19,Yvonne Murray,GBR,04.10.64,1,Gateshead,20.07.1994
3098,4:04.19,Lyudmila Rogachova,RUS,30.10.66,1,Tula,01.08.1999
3098,4:04.19,Nicole Teter,USA,08.11.73,10,Roma,12.07.2002
3098,4:04.19,Bouchra Ghézielle,MAR,19.05.79,2,San Sebastián,03.07.2004
3098,4:04.19,Daniela Yordanova,BUL,08.03.76,3s2,Osaka,31.08.2007
3098,4:04.19,Natalya Yevdokimova,RUS,17.03.78,2,Kazan,20.07.2008
3098,4:04.19,Gaia Sabbatini,ITA,10.06.99,6h2,München,16.08.2022
3098,4:04.19,Jessica Hull,AUS,22.10.96,1,Brisbane,01.04.2023
3098,4:04.19,Kassie Wubrist,ETH,10.03.05,3rA,Padova,03.09.2023
3107,4:04.2,Natalia Marasescu,ROU,03.10.52,1,Düsseldorf,08.06.1976
3107,4:04.2,Tatyana Kazankina,RUS,17.12.51,1,Moskva,29.07.1977
3107,4:04.2,Natalia Marasescu,ROU,03.10.52,2,Köln,22.06.1978
3107,4:04.2+,Mary Slaney,USA,04.08.58,1,Auckland,26.01.1980
3107,4:04.2,Zoya Rigel,RUS,15.10.52,8,Moskva,12.06.1980
3107,4:04.2,Ileana Silai,ROU,14.10.41,2h3,Moskva,04.07.1980
3107,4:04.2,Tatyana Dorovskikh,UKR,12.08.61,1,Vladivostok,13.09.1988
3107,4:04.20,Lynn Williams,CAN,11.07.60,4h2,Seoul,29.09.1988
3107,4:04.20,Maria Mutola,MOZ,27.10.72,3s1,Barcelona,06.08.1992
3107,4:04.20,Kelly Holmes,GBR,19.04.70,1,Gateshead,02.07.1995
3107,4:04.20,Yuliya Kosenkova,RUS,28.03.73,6,Bruxelles,24.08.2001
3107,4:04.20,Luiza Gega,ALB,05.11.88,2,Beijing,20.05.2015
3107,4:04.20,Freweyni Hailu,ETH,12.02.01,1rA,Ostrava,19.05.2021
3107,4:04.20,Natalia Hawthorn,CAN,12.01.95,1,Portland,03.06.2021
3107,4:04.20,Cory Ann McGee,USA,29.05.92,11,Monaco,09.07.2021
3107,4:04.20,Esther Guerrero,ESP,07.02.90,2,Madrid,21.06.2024
3123,4:04.21,Brigitte Kraus,FRG,12.08.56,7s1,Montréal,29.07.1976
3123,4:04.21,Alla Yushina,RUS,20.08.58,h,Kyiv,26.07.1982
3123,4:04.21,Tatyana Mishkel,UKR,10.06.52,11r1,Kyiv,27.07.1982
3123,4:04.21,Alla Yushina,RUS,20.08.58,2r2,Potsdam,21.07.1984
3123,4:04.21,Yelena Romanova,RUS,20.03.63,3,Sevilla,06.06.1992
3123,4:04.21,Olga Nelyubova,RUS,12.06.64,6,Zürich,11.08.1999
3123,4:04.21,Olga Nelyubova,RUS,12.06.64,2,Leverkusen,20.08.2000
3123,4:04.21,Carla Sacramento,POR,10.12.71,2,Melbourne,09.09.2001
3131,4:04.22,Lyubov Kremlyova,RUS,21.12.61,5,Moskva,20.07.1984
3131,4:04.22,Sinéad Delahunty,IRL,12.02.71,10,Bruxelles,28.08.1998
3131,4:04.22,Ingvill Måkestad Bovim,NOR,07.08.81,9,Saint-Denis,16.07.2010
3131,4:04.22,Shannon Osika,USA,15.06.93,3,Memphis,10.08.2019
3131,4:04.22,Linden Hall,AUS,20.06.91,10,Zürich,29.08.2019
3131,4:04.22,Lore Hoffmann,SUI,25.07.96,5rA,Tomblaine,04.07.2025
3131,4:04.22,Kristiina Sasinek Mäki,CZE,22.09.91,4,Montreuil,17.06.2026
3138,4:04.23,Anna Bukis,POL,08.09.53,1,Warszawa,15.07.1980
3138,4:04.23,Patti Sue Plumer,USA,27.04.62,6s2,Barcelona,06.08.1992
3138,4:04.23,Lyudmila Borisova,RUS,08.03.66,1,Moskva,18.06.1995
3138,4:04.23,Jackline Maranga,KEN,16.12.77,5,Oslo,09.07.1998
3138,4:04.23,Hayley Tullett,GBR,17.02.73,5,Roma,29.06.2001
3138,4:04.23,Ibtissam Lakhouad,MAR,07.12.80,4,Ad-Dawhah,14.05.2010
3138,4:04.23,Liliana Popescu,ROU,05.02.82,1,Barcelona,09.07.2010
3138,4:04.23,Meraf Bahta,SWE,24.06.89,6,Glasgow,11.07.2014
3138,4:04.23,Dawit Seyaum,ETH,27.07.96,2s1,Rio de Janeiro,14.08.2016
3138,4:04.23,Gaia Sabbatini,ITA,10.06.99,11,Firenze,10.06.2021
3138,4:04.23A,Edinah Jebitok,KEN,10.11.01,4,Nairobi,15.06.2024
3138,4:04.23,Emily MacKay,USA,30.04.98,1h3,Eugene,31.07.2025
3150,4:04.24,Lu Yi,CHN,10.04.74,3h,Jinan,02.06.1993
3150,4:04.24,Carla Sacramento,POR,10.12.71,1,Athínai,05.08.1997
3150,4:04.24,Natalia Rodríguez,ESP,02.06.79,2,Heusden-Zolder,05.08.2000
3150,4:04.24,Nelya Neporadnaya,UKR,29.07.85,5s1,Saint-Denis,29.08.2003
3150,4:04.24,Alesya Turova,BLR,06.12.79,11,Monaco,13.09.2003
3150,4:04.24,Hayley Tullett,GBR,17.02.73,2,Saint-Denis,23.07.2004
3150,4:04.24,Mercy Cherono,KEN,07.05.91,4,Lausanne,09.07.2015
3150,4:04.24,Darya Barysevich,BLR,06.04.90,4rA,Ostrava,20.06.2019
3150,4:04.24,Marta Pérez,ESP,19.04.93,7s1,Eugene,16.07.2022
3150,4:04.24,Nele Weßel,GER,06.11.99,10,Bydgoszcz,20.06.2024
3160,4:04.25,Ulrike Bruns,GDR,17.11.53,1,Potsdam,09.06.1983
3160,4:04.25,Ravilya Agletdinova,BLR,10.02.60,3,Tallinn,21.06.1986
3160,4:04.25,Lynn Williams,CAN,11.07.60,1,Burnaby,05.06.1988
3160,4:04.25,Ruth Wysocki,USA,08.03.57,3,Zürich,17.08.1988
3160,4:04.25,Anita Weyermann,SUI,08.12.77,2,Berlin,01.09.1998
3160,4:04.25,Iris María Fuentes-Pila,ESP,10.08.80,11,Roma,12.07.2002
3160,4:04.25,Stephanie Twell,GBR,17.08.89,8,Stockholm,06.08.2010
3160,4:04.25,Rababe Arafi,MAR,12.01.91,9,Roma,08.06.2017
3160,4:04.25,Marta Pérez,ESP,19.04.93,11,Eugene,18.07.2022
3160,4:04.25,Addison Wiley,USA,24.10.03,5,Eugene,08.07.2023
3170,4:04.26,Yelena Zadorozhnaya,RUS,03.12.77,2,Sankt Peterburg,18.06.2000
3170,4:04.26,Natalya Gorelova,RUS,18.04.73,6,Zürich,15.08.2003
3170,4:04.26,Judit Varga,HUN,16.04.76,8,Roma,02.07.2004
3170,4:04.26,Morgan Uceny,USA,10.03.85,2,Gateshead,10.07.2010
3170,4:04.26,Eunice Sum,KEN,10.04.88,9,Saint-Denis,06.07.2012
3170,4:04.26,Treniere Moser,USA,27.10.81,9,Eugene,30.05.2015
3170,4:04.26,Gabriele Grunewald,USA,25.06.86,5,Oslo,11.06.2015
3170,4:04.26,Sofia Ennaoui,POL,30.08.95,9,Monaco,17.07.2015
3170,4:04.26,Nelly Jepkosgei,KEN,14.07.91,3,Beijing,18.05.2016
3170,4:04.26,Danielle Jones,USA,21.08.96,2rA,Portland,29.05.2021
3170,4:04.26,Eleanor Fulton,USA,17.05.93,2,Portland,11.06.2022
3170,4:04.26,Lucia Stafford,CAN,17.08.98,51,Saint-Denis,07.08.2024
3182,4:04.27,Mary Slaney,USA,04.08.58,1s1,Indianapolis,21.07.1988
3182,4:04.27,Yan Wei,CHN,04.10.73,11,Shanghai,18.10.1997
3182,4:04.27,Elena Antoci,ROU,16.01.75,6,Sevilla,29.08.1999
3182,4:04.27,Kathleen Friedrich,GER,13.07.77,4,Berlin,31.08.2001
3182,4:04.27,Hind Dehiba,FRA,17.03.79,9,Monaco,20.08.2006
3182,4:04.27,Iryna Lishchynska,UKR,15.01.76,2r2,Lausanne,10.07.2007
3182,4:04.27A,Birke Haylom,ETH,06.01.06,1,Cali,06.08.2022
3182,4:04.27,Hirut Meshesha,ETH,20.01.01,9s1,Budapest,20.08.2023
3182,4:04.27,Agathe Guillemot,FRA,11.07.99,3,Chorzów,18.05.2024
3182,4:04.27,Dominique Hiltz,USA,23.10.94,3rA,Eagle Rock,20.07.2024
3192,4:04.28,Yekaterina Podkopayeva,RUS,11.06.52,3,Moskva,22.06.1983
3192,4:04.28,Yuliya Kosenkova,RUS,28.03.73,3,Heusden-Zolder,05.08.2000
3192,4:04.28,Nouria Mérah-Benida,ALG,19.10.70,10,Monaco,20.08.2006
3192,4:04.28+,Sarah McDonald,GBR,02.08.93,10,London,22.07.2018
3192,4:04.28,Emma Coburn,USA,19.10.90,4r1,Irvine,15.05.2021
3192,4:04.28+,Linden Hall,AUS,20.06.91,3,Bruxelles,03.09.2021
3192,4:04.28,Maia Ramsden,NZL,23.03.02,3,Lignano Sabbiadoro,14.07.2024
3192,4:04.28,Nozomi Tanaka,JPN,04.09.99,11h1,Saint-Denis,06.08.2024
3192,4:04.28,Gesa Felicitas Krause,GER,03.08.92,4,Ad-Dawhah,19.06.2026
3201,4:04.29,Tatyana Pozdnyakova,UKR,04.03.56,1,Tallinn,28.06.1985
3201,4:04.29,Ulrike Bruns,GDR,17.11.53,1,Leipzig,11.08.1985
3201,4:04.29,Vera Michallek,GER,06.11.58,3,Köln,17.08.1986
3201,4:04.29,Lyudmila Rogachova,RUS,30.10.66,5,Kyiv,02.08.1988
3201,4:04.29,Svetlana Kitova,TJK,25.06.60,1,Lapinlahti,24.06.1990
3201,4:04.29,Hassiba Boulmerka,ALG,10.07.68,3,Stuttgart,22.08.1993
3201,4:04.29,Naomi Mugo,KEN,02.01.77,2,Lausanne,03.07.1996
3201,4:04.29,Olga Yegorova,RUS,28.03.72,1,Rieti,05.09.2004
3201,4:04.29,Hannah England,GBR,06.03.87,9,Monaco,28.07.2009
3201,4:04.29,Natalya Pantelyeva,RUS,18.08.83,10,Monaco,28.07.2009
3201,4:04.29,Gudaf Tsegay,ETH,23.06.97,9,Zürich,01.09.2016
3201,4:04.29,Linden Hall,AUS,20.06.91,13,London,20.07.2019
3201,4:04.29,Katharina Trost,GER,28.06.95,3,Montreuil,02.06.2022
3201,4:04.29,Joceline Wind,SUI,12.09.00,8h3,Tokyo,13.09.2025
3215,4:04.3,Christiane Wartenberg,GDR,27.10.56,3,Potsdam,14.07.1976
3215,4:04.3,Grete Waitz,NOR,01.10.53,1,Oslo,06.06.1978
3215,4:04.3,Giana Romanova,RUS,10.03.55,3,Dortmund,01.07.1978
3215,4:04.3A,Totka Petrova,BUL,17.12.56,1,Ciudad de México,09.09.1978
3215,4:04.3,Lyubov Smolka,UKR,29.11.52,3,Donetsk,07.09.1980
3215,4:04.3,Lyudmila Rogachova,RUS,30.10.66,3,Kyiv,24.06.1988
3215,4:04.30,Regina Jacobs,USA,28.08.63,1,Glasgow,04.09.1999
3215,4:04.30,Geraldine Hendricken,IRL,19.04.70,6,Berlin,06.09.2002
3215,4:04.30,Corinna Harrer,GER,19.01.91,5,Roma,31.05.2012
3215,4:04.30,Ibtissam Lakhouad,MAR,07.12.80,6,Roma,31.05.2012
3215,4:04.30,Siham Hilali,MAR,02.05.86,5,Roma,06.06.2013
3215,4:04.30,Anna Shchagina,RUS,07.12.91,11,Roma,04.06.2015
3215,4:04.30,Eilish McColgan,GBR,25.11.90,6,Gold Coast,10.04.2018
3228,4:04.31,Christiane Wartenberg,GDR,27.10.56,4,Torino,05.08.1979
3228,4:04.31,Gabriella Dorio,ITA,27.06.57,3,Zürich,18.08.1982
3228,4:04.31,Svetlana Miroshnik,UKR,03.06.68,1,Kyiv,12.06.1995
3228,4:04.31,Olga Kuznetsova,RUS,23.10.67,5,Roma,30.06.2000
3228,4:04.31,Natalya Gorelova,RUS,18.04.73,12,Monaco,13.09.2003
3228,4:04.31,Elena Antoci,ROU,16.01.75,3,Bucuresti,06.06.2008
3234,4:04.32,Angelika Zauber,GDR,05.11.58,3,Celje,18.08.1981
3234,4:04.32,Elly van Hulst,NED,09.06.59,2,Stockholm,01.07.1986
3234,4:04.32,Sarah Jamieson,AUS,24.03.75,4,Stuttgart,09.09.2006
3234,4:04.32,Irene Jelagat,KEN,10.12.88,3,Daegu,12.05.2011
3234,4:04.32,Ciara Mageean,IRL,12.03.92,12,Firenze,10.06.2021
3234,4:04.32,Edinah Jebitok,KEN,10.11.01,9,Eugene,21.08.2021
3240,4:04.33,Tamara Koba,UKR,24.02.57,4,Moskva,22.06.1983
3240,4:04.33,Anzhela Romanova,MDA,06.05.61,5,Sochi,10.06.1984
3240,4:04.33,Yelena Zadorozhnaya,RUS,03.12.77,2,Réthymno,23.06.2004
3240,4:04.33,Hannah England,GBR,06.03.87,3,Gateshead,10.07.2010
3240,4:04.33,Treniere Moser,USA,27.10.81,6,New York City,14.06.2014
3240,4:04.33,Ingvill Måkestad Bovim,NOR,07.08.81,7,Glasgow,11.07.2014
3240,4:04.33,Linden Hall,AUS,20.06.91,1,Melbourne,26.01.2021
3240,4:04.33,Cory Ann McGee,USA,29.05.92,10,Bruxelles,02.09.2022
3240,4:04.33,Esther Guerrero,ESP,07.02.90,6h2,Budapest,19.08.2023
3240,4:04.33,Sarah Calvert,GBR,29.06.01,4r1,Oordegem,09.08.2025
3250,4:04.34,Maite Zúñiga,ESP,28.12.64,6,Monaco,16.08.1997
3250,4:04.34,Nuria Fernández,ESP,16.08.76,3,Saint-Denis,23.07.2004
3250,4:04.34,Amanda Eccleston,USA,18.06.90,3,Heusden-Zolder,22.07.2017
3253,4:04.35,Tatyana Kazankina,RUS,17.12.51,1,Helsinki,14.08.1977
3253,4:04.35,Olga Dvirna,RUS,11.02.53,h,Kyiv,22.06.1984
3253,4:04.35,Katalin Szalai,HUN,04.03.61,2,Köln,26.08.1984
3253,4:04.35,Liu Li,CHN,12.03.71,4s1,Barcelona,06.08.1992
3253,4:04.35,Yvonne Graham,JAM,22.08.65,1,Bruxelles,19.08.1994
3253,4:04.35,Olga Nelyubova,RUS,12.06.64,6,Roma,30.06.2000
3253,4:04.35,Wioletta Frankiewicz,POL,09.06.77,5,Kazan,09.07.2004
3253,4:04.35,Carmen Douma-Hussar,CAN,12.03.77,5,Saint-Denis,01.07.2005
3253,4:04.35,Rababe Arafi,MAR,12.01.91,8,London,07.08.2017
3253,4:04.35,Karissa Schweizer,USA,04.05.96,1r1,Los Angeles,22.07.2023
3253,4:04.35,Águeda Marqués,ESP,19.03.99,10,Rabat,25.05.2025
3253,4:04.35,Maureen Koster,NED,07.03.92,6rA,Tomblaine,04.07.2025
3265,4:04.36,Lyubov Smolka,UKR,29.11.52,1h2,Moskva,30.07.1980
3265,4:04.36,Lyudmila Baranova,RUS,03.05.50,1,Odessa,08.09.1983
3265,4:04.36,Nadezhda Ralldugina,RUS,15.11.57,1,Donetsk,09.09.1984
3265,4:04.36,Doina Melinte,ROU,27.12.56,2,Bucuresti,11.06.1988
3265,4:04.36,Sonia O'Sullivan,IRL,28.11.69,1,Nice,21.07.1993
3265,4:04.36,Liu Dong,CHN,24.12.73,1s3,Stuttgart,20.08.1993
3265,4:04.36,Margarita Marusova,RUS,25.11.67,3,Paris,28.06.1996
3265,4:04.36,Suzy Favor Hamilton,USA,08.08.68,2,Indianapolis,15.06.1997
3265,4:04.36,Naomi Mugo,KEN,02.01.77,11,Oslo,28.07.2000
3265,4:04.36,Alesya Turova,BLR,06.12.79,4,Oslo,28.06.2002
3265,4:04.36,Suzy Favor Hamilton,USA,08.08.68,2,Carson,01.06.2003
3265,4:04.36,Hind Dehiba,FRA,17.03.79,5,Eugene,28.05.2006
3265,4:04.36,Mimi Belete,ETH,09.06.88,6,Athínai,13.07.2009
3265,4:04.36,Gelete Burka,ETH,23.01.86,9,Monaco,19.07.2013
3265,4:04.36,Laura Weightman,GBR,07.01.91,9,Bruxelles,31.08.2018
3265,4:04.36,Helen Schlachtenhaufen,USA,14.03.95,2,Eugene,24.04.2021
3265,4:04.36,Sarah Healy,IRL,13.02.01,4,Montreuil,31.05.2023
3265,4:04.36,Nozomi Tanaka,JPN,04.09.99,6h1,Budapest,19.08.2023
3283,4:04.37,Lyudmila Rogachova,RUS,30.10.66,1,Moskva,04.08.1991
3283,4:04.37,Suzy Favor Hamilton,USA,08.08.68,11,Zürich,12.08.1998
3283,4:04.37,Natalya Gorelova,RUS,18.04.73,2,Thessaloníki,24.07.2002
3283,4:04.37,Anna Mishchenko,UKR,25.08.83,1,Warszawa,08.06.2010
3283,4:04.37,Meraf Bahta,SWE,24.06.89,2,Stockholm,16.06.2016
3283,4:04.37,Gudaf Tsegay,ETH,23.06.97,3,Stockholm,16.06.2016
3283,4:04.37,Linden Hall,AUS,20.06.91,2r1,Portland,11.06.2017
3283,4:04.37,Marissa Damink,NED,24.10.95,5,Zagreb,08.09.2024
3283,4:04.37,Ludovica Cavalli,ITA,20.12.00,14,Budapest,12.08.2025
3292,4:04.38,Anna Bukis,POL,08.09.53,3,Zagreb,16.08.1981
3292,4:04.38,Totka Petrova,BUL,17.12.56,1,Lage,14.06.1983
3292,4:04.38,Zamira Zaytseva,UZB,16.02.53,2,Odessa,08.09.1983
3292,4:04.38,Doina Melinte,ROU,27.12.56,1,Zürich,13.08.1986
3292,4:04.38,Mitica Constantin,ROU,18.08.62,2,Nice,10.07.1988
3292,4:04.38,Yuliya Kosenkova,RUS,28.03.73,3,Madrid,19.07.2003
3292,4:04.38,Wioletta Frankiewicz,POL,09.06.77,1,Madrid,17.07.2004
3292,4:04.38,Emily MacKay,USA,30.04.98,3,Eugene,02.08.2025
3300,4:04.39,Cornelia Bürki,SUI,03.10.53,2,Basel,26.05.1980
3300,4:04.39,Zola Pieterse,GBR,26.05.66,1,Cwmbran,28.05.1984
3300,4:04.39,Galina Zakharova,RUS,07.09.56,2,Donetsk,09.09.1984
3300,4:04.39,Angela Chalmers,CAN,06.09.63,1,Berlin,30.08.1994
3300,4:04.39,Leah Pells,CAN,09.11.64,1,Rieti,01.09.1996
3300,4:04.39A,Freweyni Hailu,ETH,12.02.01,3,Nairobi,18.09.2021
3306,4:04.4,Zoya Rigel,RUS,15.10.52,4,Dortmund,01.07.1978
3306,4:04.4,Yelena Sipatova,RUS,07.06.55,9,Moskva,12.06.1980
3306,4:04.4,Tatyana Pozdnyakova,UKR,04.03.56,1,Orel,10.07.1982
3306,4:04.4,Yvonne Graham,GER,22.08.65,3,Berlin,12.08.1987
3306,4:04.4,Tatyana Dorovskikh,UKR,12.08.61,1,Moskva,15.08.1987
3306,4:04.4A,Judith Jemutai,KEN,10.12.93,2,Nairobi,10.06.2017
3306,4:04.40,Ravilya Agletdinova,BLR,10.02.60,1,Moskva,06.07.1981
3306,4:04.40,Anna Jakubczak,POL,02.02.73,7,Sevilla,29.08.1999
3306,4:04.40,Tara Clack,USA,07.03.80,6,Eugene,28.05.2006
3306,4:04.40,Emma Coburn,USA,19.10.90,4,Memphis,10.08.2019
3306,4:04.40,Melissa Courtney-Bryant,GBR,30.08.93,10,Rabat,05.06.2022
3306,4:04.40,Kristiina Sasinek Mäki,CZE,22.09.91,7h2,München,16.08.2022
3306,4:04.40,Kristiina Sasinek Mäki,CZE,22.09.91,5,Zagreb,10.09.2023
3306,4:04.40,Kimberley May,NZL,08.05.03,1,Lignano Sabbiadoro,13.07.2025
3306,4:04.40,Eleanor Fulton,USA,17.05.93,2rA,Trier,02.09.2025
3306,4:04.40,Jessica Hull,AUS,22.10.96,1h1,Tokyo,13.09.2025
3306,4:04.40,Gabriela DeBues-Stafford,CAN,13.09.95,1,Turku,03.06.2026
3323,4:04.41,Christiane Wartenberg,GDR,27.10.56,1,Karl-Marx-Stadt,18.06.1983
3323,4:04.41,Roswitha Gerdes,FRG,28.06.61,4,Los Angeles,11.08.1984
3323,4:04.41,Anna Brzezinska,POL,09.01.71,2,Rieti,28.08.1994
3323,4:04.41,Yuliya Kosenkova,RUS,28.03.73,1,Moskva,26.07.2003
3323,4:04.41,Tatyana Tomashova,RUS,01.07.75,1,Berlin,12.09.2004
3323,4:04.41,Nancy Chepkwemoi,KEN,08.10.93,1,Székesfehérvár,07.07.2015
3323,4:04.41,Sarah McDonald,GBR,02.08.93,2,Ostrava,13.06.2018
3323,4:04.41,Helen Schlachtenhaufen,USA,14.03.95,5,Eugene,21.06.2021
3323,4:04.41,Aurore Fleury,FRA,04.12.93,5r1,Oordegem,09.08.2025
3332,4:04.42,Astrid Pfeiffer,GDR,06.12.64,3,Los Angeles,25.06.1983
3332,4:04.42,Doina Melinte,ROU,27.12.56,6,Helsinki,14.08.1983
3332,4:04.42,Doina Melinte,ROU,27.12.56,7s2,Barcelona,06.08.1992
3332,4:04.42,Qu Yunxia,CHN,25.12.72,1,Shanghai,13.05.1993
3332,4:04.42,Süreyya Ayhan-Kop,TUR,06.09.78,1h2,München,09.08.2002
3332,4:04.42,Hasna Benhassi,MAR,01.06.78,4,Saint-Denis,23.07.2004
3332,4:04.42,Helen Obiri,KEN,13.12.89,4,Oslo,07.06.2012
3332,4:04.42,Abeba Aregawi,SWE,05.07.90,6,Ad-Dawhah,15.05.2015
3332,4:04.42,Sarah McDonald,GBR,02.08.93,6h1,Ad-Dawhah,02.10.2019
3332,4:04.42,Melissa Bishop-Nriagu,CAN,05.08.88,5r1,Irvine,15.05.2021
3332,4:04.42+,Marta Pérez,ESP,19.04.93,4,Bruxelles,03.09.2021
3332,4:04.42,Salomé Afonso,POR,19.11.97,5h3,Saint-Denis,06.08.2024
3344,4:04.43,Liliya Nurutdinova,RUS,15.12.63,3,Kyiv,26.08.1981
3344,4:04.43,Sarah Schwald,USA,02.01.73,7,Bruxelles,24.08.2001
3344,4:04.43,Judit Varga,HUN,16.04.76,8,Bruxelles,30.08.2002
3344,4:04.43,Helen Obiri,KEN,13.12.89,1h1,Glasgow,28.07.2014
3344,4:04.43,Alemaz Samuel,ETH,05.07.99,11,Roma,06.06.2019
3344,4:04.43,Elise Vanderelst,BEL,27.01.98,11,Bruxelles,02.09.2022
3344,4:04.43,Gabrielle Jennings,USA,15.09.98,4r1,Eagle Rock,24.05.2025
3351,4:04.44,Nadezhda Ralldugina,RUS,15.11.57,5,Moskva,12.06.1982
3351,4:04.44,Yelena Vyazova,UKR,18.04.60,h,Kyiv,22.06.1984
3351,4:04.44,Tatyana Dorovskikh,UKR,12.08.61,6,Kyiv,02.08.1988
3351,4:04.44,Ellen Kießling,GER,17.02.68,2,Berlin,05.07.1989
3351,4:04.44,Nelya Neporadnaya,UKR,29.07.85,11,Saint-Denis,31.08.2003
3351,4:04.44,Jolanda Ceplak,SLO,12.09.76,2,Moskva,30.05.2004
3351,4:04.44,Bouchra Ghézielle,MAR,19.05.79,5,Saint-Denis,23.07.2004
3351,4:04.44,Iris María Fuentes-Pila,ESP,10.08.80,5,Athínai,13.07.2008
3351,4:04.44,Natalya Yevdokimova,RUS,17.03.78,2,Warszawa,07.06.2009
3351,4:04.44,Irene Jelagat,KEN,10.12.88,4,Shanghai,20.09.2009
3351,4:04.44,Emma Coburn,USA,19.10.90,3,Portland,11.06.2022
3351,4:04.44,Christina Aragon,USA,17.06.97,4,Lignano Sabbiadoro,14.07.2024
3363,4:04.45,Maricica Puica,ROU,29.07.50,1,Bucuresti,18.08.1994
3363,4:04.45,Olga Yegorova,RUS,28.03.72,3,Tula,09.06.2001
3363,4:04.45,Ibtissam Lakhouad,MAR,07.12.80,5,Oslo,07.06.2012
3363,4:04.45,Natalya Yevdokimova,RUS,17.03.78,1h1,Cheboksary,05.07.2012
3363,4:04.45,Hanna Klein,GER,06.04.93,5s1,London,05.08.2017
3363,4:04.45,Esther Guerrero,ESP,07.02.90,2,Berlin,12.09.2021
3363,4:04.45,Laura Muir,GBR,09.05.93,11,Eugene,28.05.2022
3363,4:04.45,Kristiina Sasinek Mäki,CZE,22.09.91,3,Marseille,15.06.2022
3363,4:04.45,Claudia Hollingsworth,AUS,12.04.05,1,Adelaide,10.02.2024
3363,4:04.45,Sofia Ennaoui,POL,30.08.95,10,Ostrava,28.05.2024
3363,4:04.45,Danielle Jones,USA,21.08.96,6s2,Eugene,28.06.2024
3374,4:04.46,Tatyana Dorovskikh,UKR,12.08.61,1,Oslo,02.07.1988
3374,4:04.46,Doina Melinte,ROU,27.12.56,1,London,20.07.1990
3374,4:04.46,Olga Komyagina,RUS,10.02.74,6,Tula,26.07.2000
3374,4:04.46,Joanne Pavey,GBR,20.09.73,1,Rieti,07.09.2003
3374,4:04.46,Sylwia Ejdys,POL,15.07.84,4,Monaco,29.07.2008
3374,4:04.46,Heather Kampf,USA,19.01.87,3,Greenville,04.06.2016
3374,4:04.46,Shannon Rowbury,USA,19.09.84,3s1,Rio de Janeiro,14.08.2016
3374,4:04.46,Winfredah Nzisa,KEN,30.05.97,4,Heusden-Zolder,22.07.2017
3374,4:04.46,Marusa Mismas-Zrimsek,SLO,24.11.94,12rA,Ostrava,31.05.2022
3374,4:04.46,Lucia Stafford,CAN,17.08.98,6,Rovereto,02.06.2025
3384,4:04.47,Irina Lebedinskaya,RUS,16.06.61,h,Kyiv,26.07.1982
3384,4:04.47,Natalya Yevdokimova,RUS,17.03.78,2,Sochi,29.05.2009
3384,4:04.47,Linden Hall,AUS,20.06.91,1rA,Palo Alto,01.05.2016
3384,4:04.47,Natalia Hawthorn,CAN,12.01.95,3rA,Portland,29.05.2021
3388,4:04.48,Christina Cahill,GBR,25.03.57,4,Zürich,18.08.1982
3388,4:04.48,Sue Addison,USA,28.07.56,3,Zürich,19.08.1987
3388,4:04.48,Meskerem Assefa,ETH,20.09.85,7,Monaco,22.07.2011
3388,4:04.48,Renata Plis,POL,05.02.85,7,Roma,31.05.2012
3388,4:04.48,Tatyana Tomashova,RUS,01.07.75,1,Cheboksary,05.08.2015
3388,4:04.48,Linden Hall,AUS,20.06.91,3rA,Madrid,22.06.2018
3388,4:04.48,Lucia Stafford,CAN,17.08.98,2,Nice,31.05.2025
3395,4:04.49,Margareta Keszeg,ROU,31.08.65,3,Pitesti,28.06.1986
3395,4:04.49,Yekaterina Podkopayeva,RUS,11.06.52,5,Nice,10.07.1996
3395,4:04.49,Liu Haiyan,CHN,08.07.74,8h2,Shanghai,17.10.1997
3395,4:04.49,Kelly Holmes,GBR,19.04.70,2,Berlin,12.09.2004
3395,4:04.49,Eunice Sum,KEN,10.04.88,1,Beijing,21.05.2013
3395,4:04.49,Malika Akkaoui,MAR,25.12.87,3,Beijing,20.05.2015
3395,4:04.49,Ciara Mageean,IRL,12.03.92,10,Roma,08.06.2017
3395,4:04.49,Aleksandra Gulyayeva,RUS,30.04.94,1,Zhukovskiy,02.07.2017
3395,4:04.49,Agathe Guillemot,FRA,11.07.99,2,Talence,02.08.2025
3404,4:04.5,Natalia Marasescu,ROU,03.10.52,1,Bucuresti,04.06.1978
3404,4:04.5,Zamira Zaytseva,UZB,16.02.53,4,Vilnius,22.07.1978
3404,4:04.5,Zamira Zaytseva,UZB,16.02.53,3h3,Moskva,04.07.1980
3404,4:04.5,Mary Slaney,USA,04.08.58,1,Berkeley,12.06.1983
3404,4:04.5,Katrin Wühn,GDR,19.11.65,2,Potsdam,14.06.1987
3404,4:04.5+,Mary Slaney,USA,04.08.58,1,Eugene,02.07.1988
3404,4:04.5,Olga Komyagina,RUS,10.02.74,6,Athínai,02.07.2007
3404,4:04.50,Heather Kampf,USA,19.01.87,12,Roma,04.06.2015
3404,4:04.50,Danielle Aragon,USA,01.07.94,2rA,Nashville,05.06.2022
3404,4:04.50,Yolanda Ngarambe,SWE,14.09.91,3,Hengelo,07.07.2024
3404,4:04.50,Melissa Courtney-Bryant,GBR,30.08.93,1r1,Belast,09.05.2026
3404,4:04.50+,Laura Muir,GBR,09.05.93,10,Eugene,04.07.2026
3416,4:04.51,Gabriella Dorio,ITA,27.06.57,1s2,Los Angeles,09.08.1984
3416,4:04.51,Margarita Marusova,RUS,25.11.67,2,Moskva,18.06.1995
3416,4:04.51,Sinéad Delahunty,IRL,12.02.71,6,Oslo,05.07.1996
3416,4:04.51,Malindi Elmore,CAN,13.03.80,1,Victoria,11.07.2004
3416,4:04.51,Sinclaire Johnson,USA,13.04.98,3s2,Eugene,16.07.2022
3416,4:04.51,Maudie Skyring,AUS,09.04.97,3r1,Pfungstadt,20.08.2025
3422,4:04.52,Ulrike Bruns,GDR,17.11.53,2,Helsinki,14.08.1977
3422,4:04.52,Anna Willard,USA,31.03.84,9,Stockholm,06.08.2010
3422,4:04.52,Cory McGee,USA,29.05.92,2,Eugene,25.06.2022
3425,4:04.53,Vanya Stoyanova,BUL,12.12.58,2,Budapest,11.08.1980
3425,4:04.53,Suzy Favor Hamilton,USA,08.08.68,3,New Orleans,28.06.1992
3425,4:04.53,Yuliya Kosenkova,RUS,28.03.73,3,Sankt Peterburg,18.06.2000
3425,4:04.53,Sarah Schwald,USA,02.01.73,12,Monaco,19.07.2002
3425,4:04.53,Nancy Jebet Langat,KEN,22.08.81,2,Birmingham,30.06.2013
3425,4:04.53,Katie Mackey,USA,12.11.87,3,Heusden-Zolder,18.07.2015
3425,4:04.53,Marta Pen,POR,31.07.93,2rA,Barcelona,11.07.2018
3425,4:04.53,Alexa Efraimson,USA,20.02.97,9,Shanghai,18.05.2019
3425,4:04.53,Axumawit Embaye,ETH,18.10.94,2,Roma,09.06.2022
3425,4:04.53,Faith Kipyegon,KEN,10.01.94,1h2,Eugene,15.07.2022
3425,4:04.53,Marina Martínez,ESP,13.01.02,1r1,Ordizia,05.07.2025
3436,4:04.54,Yevgeniya Sitnikova,RUS,58,7,Leningrad,26.07.1981
3436,4:04.54,Svetlana Masterkova,RUS,17.01.68,1,Köln,16.08.1996
3436,4:04.54,Naomi Mugo,KEN,02.01.77,6s1,Saint-Denis,29.08.2003
3436,4:04.54,Yelena Korobkina,RUS,25.11.90,1,Cheboksary,26.06.2021
3440,4:04.55,Olga Parlyuk,RUS,03.05.63,6,Moskva,20.07.1984
3440,4:04.55,Yvonne Murray,GBR,04.10.64,2,Gateshead,13.06.1987
3440,4:04.55,Elena Fidatov,ROU,24.07.60,5s1,Barcelona,06.08.1992
3440,4:04.55,Maria Martins,FRA,01.04.74,5,Saint-Denis,04.07.2003
3440,4:04.55,Kelly Holmes,GBR,19.04.70,1,Monaco,18.09.2004
3440,4:04.55,Abeba Aregawi,ETH,05.07.90,1h1,London,06.08.2012
3440,4:04.55,Senbere Teferi,ETH,03.05.95,10,Monaco,19.07.2013
3440,4:04.55,Treniere Moser,USA,27.10.81,10,Monaco,17.07.2015
3440,4:04.55,Gabriela DeBues-Stafford,CAN,13.09.95,7h3,London,04.08.2017
3440,4:04.55,Kristiina Sasinek Mäki,CZE,22.09.91,6h1,Tokyo,02.08.2021
3440,4:04.55,Gaia Sabbatini,ITA,10.06.99,10,Eugene,21.08.2021
3440,4:04.55,Eliza Megger,POL,29.08.99,4,Marseille,15.06.2022
3452,4:04.56,Violeta Szekely,ROU,26.03.65,4,Pitesti,28.06.1986
3452,4:04.56,Lyudmila Borisova,RUS,30.07.59,4,Kyiv,07.07.1990
3452,4:04.56,Hassiba Boulmerka,ALG,10.07.68,3,Nice,05.07.1992
3452,4:04.56,Kelly Holmes,GBR,19.04.70,1,Roma,05.06.1996
3452,4:04.56,Olga Yegorova,RUS,28.03.72,5rA,Tula,10.08.2003
3452,4:04.56,Corina Dumbravean,ROU,15.04.84,1,Novi Sad,24.07.2005
3452,4:04.56,Christin Wurth-Thomas,USA,11.07.80,10,Stockholm,06.08.2010
3452,4:04.56,Jennifer Simpson,USA,23.08.86,6,Shanghai,14.05.2016
3452,4:04.56,Sara Vaughn,USA,16.05.86,8h3,London,04.08.2017
3452,4:04.56+,Elise Cranny,USA,09.05.96,5,Bruxelles,03.09.2021
3452,4:04.56A,Nelly Chepchirchir,KEN,04.06.03,2,Nairobi,13.05.2023
3463,4:04.57,Ulrike Bruns,GDR,17.11.53,1,Potsdam,28.06.1985
3463,4:04.57,Yekaterina Podkopayeva,RUS,11.06.52,7,Kyiv,02.08.1988
3463,4:04.57,Suzy Favor Hamilton,USA,08.08.68,2,Gateshead,20.07.1994
3463,4:04.57,Violeta Szekely,ROU,26.03.65,3,Bratislava,09.06.1998
3463,4:04.57,Hind Dehiba,FRA,17.03.79,9,Bruxelles,03.09.2004
3463,4:04.57,Sarah Jamieson,AUS,24.03.75,1,New York City,03.06.2006
3463,4:04.57,Renata Plis,POL,05.02.85,1,Sopot,05.08.2011
3463,4:04.57,Jennifer Simpson,USA,23.08.86,10,Bruxelles,31.08.2018
3463,4:04.57A,Edinah Jebitok,KEN,10.11.01,3,Nairobii,08.07.2023
3463,4:04.57,Nelly Jepkosgei,BRN,14.07.91,13,Rabat,31.05.2026
3473,4:04.58,Kelly Holmes,GBR,19.04.70,6,Monaco,04.08.1999
3473,4:04.58,Yuliya Chizhenko,RUS,30.08.79,3,San Sebastián,03.07.2004
3473,4:04.58,Natalia Rodríguez,ESP,02.06.79,6,Saint-Denis,23.07.2004
3473,4:04.58,Siham Hilali,MAR,02.05.86,3,Lausanne,04.07.2013
3473,4:04.58,Marta Pérez,ESP,19.04.93,8,Ostrava,27.06.2023
3473,4:04.58,Águeda Marqués,ESP,19.03.99,3,Madrid,21.06.2024
3479,4:04.59,Tatyana Kazankina,RUS,17.12.51,3,Donetsk,09.09.1984
3479,4:04.59,Yekaterina Podkopayeva,RUS,11.06.52,4,Paris,28.06.1996
3479,4:04.59,Ana Amelia Menéndez,ESP,17.03.72,7,Zürich,11.08.1999
3479,4:04.59,Irene Jelagat,KEN,10.12.88,5,Saint-Denis,18.07.2008
3479,4:04.59,Yuliya Zaripova,RUS,26.04.86,3,Warszawa,07.06.2009
3479,4:04.59,Morgan Uceny,USA,10.03.85,1,Eugene,01.07.2012
3479,4:04.59,Maureen Koster,NED,07.03.92,4,Beijing,20.05.2015
3479,4:04.59,Axumawit Embaye,ETH,18.10.94,3,Berlin,12.09.2021
3479,4:04.59,Maureen Koster,NED,07.03.92,4,Hengelo,07.07.2024
3479,4:04.59,Sinclaire Johnson,USA,13.04.98,2h1,Tokyo,13.09.2025
3479,4:04.59,Riley Chamberlain,USA,21.07.04,1r1,Westwood,23.05.2026
3479,4:04.59,Claire Stegall,USA,05.06.07,1,Eugene,19.06.2026
3491,4:04.6,Karin Krebs,GDR,18.08.43,1,Potsdam,01.09.1973
3491,4:04.6,Lyubov Smolka,UKR,29.11.52,8,Moskva,29.07.1979
3491,4:04.6,Nina Yapeyeva,RUS,03.01.56,1,Leningrad,14.08.1980
3491,4:04.60,Cornelia Bürki,SUI,03.10.53,8,Praha,03.09.1978
3491,4:04.60,Tatyana Dorovskikh,UKR,12.08.61,12,Kyiv,24.06.1984
3491,4:04.60,Yelena Romanova,RUS,20.03.63,2,Bucuresti,14.06.1986
3491,4:04.60,Lyubov Kremlyova,RUS,21.12.61,5,Kyiv,07.07.1990
3491,4:04.60,Anna Brzezinska,POL,09.01.71,2,Rieti,01.09.1996
3491,4:04.60,Sarah Jamieson,AUS,24.03.75,4,Oslo,15.06.2007
3491,4:04.60,Katie Mackey,USA,12.11.87,1rA,Eagle Rock,17.05.2013
3491,4:04.60,Rachel Schneider,USA,18.07.91,4rA,Portland,29.05.2021
3491,4:04.60,Konstanze Klosterhalfen,GER,18.02.97,4,Montreuil,02.06.2022
3503,4:04.61,Raisa Smekhnova,BLR,16.09.50,2,College Park,06.08.1976
3503,4:04.61,Lidia Chojecka,POL,25.01.77,5,Berlin,31.08.2001
3503,4:04.61,Natalya Yevdokimova,RUS,17.03.78,2,Rieti,07.09.2003
3503,4:04.61,Maria Martins,FRA,01.04.74,7,Saint-Denis,23.07.2004
3503,4:04.61,Yelena Zadorozhnaya,RUS,03.12.77,3,Berlin,12.09.2004
3503,4:04.61,Mestawet Tadesse,ETH,19.07.85,7,Eugene,28.05.2006
3503,4:04.61,Shannon Rowbury,USA,19.09.84,9,Eugene,27.05.2017
3503,4:04.61,Taryn Rawlings,USA,17.04.96,6r1,Oordegem,09.08.2025
3503,4:04.61,Águeda Marqués,ESP,19.03.99,5,Ad-Dawhah,19.06.2026
3512,4:04.62,Sonia O'Sullivan,IRL,28.11.69,6,Bruxelles,25.08.2000
3512,4:04.62,Iryna Lishchynska,UKR,15.01.76,4,Lausanne,02.07.2002
3512,4:04.62,Carla Sacramento,POR,10.12.71,12,Roma,12.07.2002
3512,4:04.62,Iryna Lishchynska,UKR,15.01.76,1,Oslo,27.06.2003
3512,4:04.62,Mary Cain,USA,03.05.96,2rA,Eagle Rock,17.05.2013
3512,4:04.62,Axumawit Embaye,ETH,18.10.94,4,Heusden-Zolder,19.07.2014
3512,4:04.62,Jenny Blundell,AUS,09.05.94,4,Beijing,18.05.2016
3512,4:04.62A,Winny Chebet,KEN,20.12.90,2,Nairobi,17.06.2021
3512,4:04.62,Hanna Klein,GER,06.04.93,8s1,Eugene,16.07.2022
3521,4:04.63,Margarita Marusova,RUS,25.11.67,7,Sankt Peterburg,04.07.1996
3521,4:04.63,Regina Jacobs,USA,28.08.63,2,Athínai,05.08.1997
3521,4:04.63,Gelete Burka,ETH,23.01.86,1,Eugene,04.06.2011
3521,4:04.63,Ibtissam Lakhouad,MAR,07.12.80,9,Eugene,01.06.2013
3521,4:04.63,Stephanie Garcia,USA,03.05.88,5,Heusden-Zolder,22.07.2017
3521,4:04.63A,Beatrice Chepkoech,KEN,06.07.91,1,Nairobi,17.02.2018
3521,4:04.63,Ciara Mageean,IRL,12.03.92,4,Berlin,12.08.2018
3521,4:04.63,Axumawit Embaye,ETH,18.10.94,14,London,20.07.2019
3521,4:04.63,Cory Ann McGee,USA,29.05.92,8,Zürich,08.09.2022
3530,4:04.64,Lyubov Gurina,RUS,06.08.57,1,Noisy-le-Grand,03.07.1993
3530,4:04.64,Yelena Zadorozhnaya,RUS,03.12.77,2,Glasgow,01.07.2001
3530,4:04.64,Adoración Garcia,ESP,19.07.76,13,Roma,12.07.2002
3530,4:04.64,Nelya Neporadnaya,UKR,29.07.85,7,Zürich,15.08.2003
3530,4:04.64,Tatyana Tomashova,RUS,01.07.75,8,Athínai,14.06.2005
3530,4:04.64,Nuria Fernández,ESP,16.08.76,6,Barcelona,22.07.2011
3530,4:04.64,Nelly Jepkosgei,BRN,14.07.91,7,Paris,01.07.2017
3530,4:04.64,Kate Grace,USA,24.10.88,8,Birmingham,18.08.2018
3530,4:04.64,Sintayehu Vissa,ITA,29.07.96,4rA,Castellón,16.06.2022
3530,4:04.64A,Brenda Chebet,KEN,06.03.04,2,Cali,06.08.2022
3530,4:04.64,Josette Andrews,USA,15.12.95,1rA,Huizingen,12.08.2023
3530,4:04.64,Jolanda Kallabis,GER,18.02.05,7r1,Oordegem,09.08.2025
3530,4:04.64,Ludovica Cavalli,ITA,20.12.00,5,Bydgoszcz,29.05.2026
3543,4:04.65,Brigitte Kraus,FRG,12.08.56,1,Hengelo,27.06.1986
3543,4:04.65,Shireen Bailey,GBR,27.09.59,5h2,Seoul,29.09.1988
3543,4:04.65,Viorica Ghican,ROU,09.06.65,1,Dijon,01.07.1989
3543,4:04.65,Sinéad Delahunty,IRL,12.02.71,5,Paris,28.06.1996
3543,4:04.65,Nicole Sifuentes,CAN,30.06.86,3rA,Eagle Rock,17.05.2013
3543,4:04.65,Shannon Rowbury,USA,19.09.84,10,Eugene,28.05.2016
3543,4:04.65,Dawit Seyaum,ETH,27.07.96,1,Cambridge MA,19.05.2018
3543,4:04.65,Netsanet Desta,ETH,26.10.00,1,Grosseto,22.05.2022
3543,4:04.65,Linden Hall,AUS,20.06.91,9s1,Eugene,16.07.2022
3543,4:04.65,Adelle Tracey,JAM,27.05.93,4,Turku,13.06.2023
3543,4:04.65,Josette Andrews,USA,15.12.95,4rA,Eagle Rock,20.07.2024
3554,4:04.66,Anna Bukis,POL,08.09.53,4,Roma,05.08.1980
3554,4:04.66,Maricica Puica,ROU,29.07.50,2,Bucuresti,19.06.1981
3554,4:04.66,Svetlana Kitova,TJK,25.06.60,9,Roma,05.09.1987
3554,4:04.66,Svetlana Kitova,TJK,25.06.60,1,Köln,20.08.1989
3554,4:04.66,Irina Biryukova,RUS,06.12.64,1,Moskva,08.06.1998
3554,4:04.66,Paula Ivan,ROU,20.07.63,5,Monaco,18.08.2000
3554,4:04.66,Iris María Fuentes-Pila,ESP,10.08.80,8,Saint-Denis,23.07.2004
3554,4:04.66,Natalya Yevdokimova,RUS,17.03.78,1s2,Athínai,26.08.2004
3554,4:04.66,Anna Alminova,RUS,17.01.85,5h3,Beijing,21.08.2008
3554,4:04.66,Siham Hilali,MAR,02.05.86,5,Beijing,20.05.2015
3554,4:04.66,Sarah Billings,AUS,07.03.98,1,Tokyo,19.05.2024
3554,4:04.66,Ciara Mageean,IRL,12.03.92,1,Roma,09.06.2024
3554,4:04.66,Joceline Wind,SUI,12.09.00,5rA,Stockholm,07.06.2026
3567,4:04.67,Ulrike Bruns,GDR,17.11.53,3,Roma,04.09.1981
3567,4:04.67,Cornelia Bürki,SUI,03.10.53,1,Basel,19.05.1986
3567,4:04.67,Natalya Artyomova,RUS,05.01.63,1,Sheffield,15.09.1991
3567,4:04.67,Olga Nelyubova,RUS,12.06.64,1s1,Athínai,03.08.1997
3567,4:04.67,Lyudmila Vasilyeva,RUS,20.10.69,2,Moskva,27.07.2001
3567,4:04.67,Iryna Lishchynska,UKR,15.01.76,2,Hengelo,02.06.2002
3567,4:04.67,Nuria Fernández,ESP,16.08.76,5,Heusden-Zolder,19.07.2014
3567,4:04.67A,Nancy Chepkwemoi,KEN,08.10.93,3,Nairobi,01.08.2015
3567,4:04.67,Edinah Jebitok,KEN,10.11.01,1,Huelva,03.06.2021
3567,4:04.67,Natalia Hawthorn,CAN,12.01.95,1,Renton,02.07.2021
3577,4:04.68,Christine Benning,GBR,30.03.55,5,Torino,05.08.1979
3577,4:04.68,Doina Melinte,ROU,27.12.56,3,Basel,26.05.1980
3577,4:04.68,Viola Kibiwott,KEN,22.12.85,4,Saint-Denis,06.07.2007
3577,4:04.68,Jessica Hull,AUS,22.10.96,2h2,Eugene,15.07.2022
3577,4:04.68,Abbey Caldwell,AUS,03.07.01,2,Brisbane,01.04.2023
3582,4:04.69,Vanya Stoyanova,BUL,12.12.58,6,Sochi,10.06.1984
3582,4:04.69,Mihaela Stanescu,ROU,05.04.59,5,Pitesti,28.06.1986
3582,4:04.69,Nikolina Shtereva,BUL,21.01.55,1,Stara Zagora,28.08.1988
3582,4:04.69,Carla Sacramento,POR,10.12.71,2s1,Athínai,03.08.1997
3582,4:04.69,Latifa Essarokh,FRA,11.12.73,9,Saint-Denis,23.07.2004
3582,4:04.69,Purity Chepkirui,KEN,14.02.03,1,Heusden-Zolder,15.07.2023
3588,4:04.7,Olga Dvirna,RUS,11.02.53,1,Podolsk,24.07.1976
3588,4:04.7,Ileana Silai,ROU,14.10.41,1,Bucuresti,04.06.1977
3588,4:04.7,Natalya Kuznetsova,RUS,22.03.54,5,Dortmund,01.07.1978
3588,4:04.7,Lyudmila Veselkova,RUS,25.10.50,6,Dortmund,01.07.1978
3588,4:04.7+,Zola Pieterse,GBR,26.05.66,1,Edinburgh,23.07.1985
3588,4:04.70,Ileana Silai,ROU,14.10.41,2h2,Moskva,30.07.1980
3588,4:04.70,Vesela Yatsinska,BUL,16.01.51,6h1,Moskva,30.07.1980
3588,4:04.70,Christine Benning,GBR,30.03.55,5,Los Angeles,11.08.1984
3588,4:04.70,Lyudmila Rogachova,RUS,30.10.66,3,Moskva,05.09.1988
3588,4:04.70,Anita Weyermann,SUI,08.12.77,3,Athínai,05.08.1997
3588,4:04.70,Kutre Dulecha,ETH,22.08.78,3,Berlin,01.09.1998
3588,4:04.70,Laura Weightman,GBR,07.01.91,6,Oslo,11.06.2015
3588,4:04.70,Susan Ejore-Sanders,KEN,09.11.95,8,Ad-Dawhah,10.05.2024
3588,4:04.70,Helen Schlachtenhaufen,USA,14.03.95,5,Turku,17.06.2025
3602,4:04.71,Natalya Artyomova,RUS,05.01.63,2,Nice,10.07.1990
3602,4:04.71,Jennifer Simpson,USA,23.08.86,5rA,Stockholm,17.08.2012
3602,4:04.71,Laura Muir,GBR,09.05.93,6rA,Stockholm,21.08.2014
3605,4:04.72,Paula Ivan,ROU,20.07.63,1,Moskva,07.06.1987
3605,4:04.72,Blandine Bitzner-Ducret,FRA,01.12.65,6,Nice,18.07.1994
3605,4:04.72,Kutre Dulecha,ETH,22.08.78,2,Moskva,05.09.1998
3605,4:04.72,Ana Amelia Menéndez,ESP,17.03.72,8,Sevilla,29.08.1999
3605,4:04.72,Olga Nelyubova,RUS,12.06.64,4,Sankt Peterburg,18.06.2000
3605,4:04.72,Zulema Fuentes-Pila,ESP,25.05.77,10,Saint-Denis,23.07.2004
3605,4:04.72,Anna Alminova,RUS,17.01.85,6,Tula,15.06.2006
3605,4:04.72,Rababe Arafi,MAR,12.01.91,13,Firenze,10.06.2021
3605,4:04.72,Jemma Reekie,GBR,06.03.98,5,Lausanne,26.08.2021
3605,4:04.72,Josette Andrews,USA,15.12.95,3rA,Nashville,05.06.2022
3605,4:04.72,Margot Appleton,USA,30.09.02,2h3,Eugene,31.07.2025
3616,4:04.73,Vesela Yatsinska,BUL,16.01.51,9,Praha,03.09.1978
3616,4:04.73,Gabriella Dorio,ITA,27.06.57,7,Helsinki,14.08.1983
3616,4:04.73,Ulrike Bruns,GDR,17.11.53,1,Jena,13.05.1984
3616,4:04.73,Diana Richburg,USA,02.07.63,1,Indianapolis,16.06.1985
3616,4:04.73,Gwen Griffiths,RSA,30.08.67,7,Monaco,07.08.1993
3616,4:04.73,Irina Biryukova,RUS,06.12.64,1,Saint-Denis,02.06.1997
3616,4:04.73,Lidia Chojecka,POL,25.01.77,4,Berlin,01.09.1998
3616,4:04.73,Lyudmila Vasilyeva,RUS,20.10.69,6,Berlin,31.08.2001
3616,4:04.73,Sarah Jamieson,AUS,24.03.75,9,Roma,02.07.2004
3616,4:04.73,Shannon Rowbury,USA,19.09.84,6,Rabat,16.07.2017
3616,4:04.73,Federica Del Buono,ITA,12.12.94,4,Madrid,21.06.2024
3627,4:04.74,Natalia Marasescu,ROU,03.10.52,9,Moskva,01.08.1980
3627,4:04.74,Svetlana Kitova,TJK,25.06.60,6,Stuttgart,31.08.1986
3627,4:04.74,Patti Sue Plumer,USA,27.04.62,7,Zürich,19.08.1992
3627,4:04.74,Angela Chalmers,CAN,06.09.63,4,Göteborg,09.08.1995
3627,4:04.74,Bouchra Ghézielle,FRA,19.05.79,7,Athínai,03.07.2006
3627,4:04.74,Treniere Moser,USA,27.10.81,10,Eugene,31.05.2014
3627,4:04.74,Renata Plis,POL,05.02.85,7,Oslo,11.06.2015
3627,4:04.74,Jennifer Simpson,USA,23.08.86,1,Eugene,10.07.2016
3627,4:04.74+,Axumawit Embaye,ETH,18.10.94,12,Oslo,15.06.2023
3627,4:04.74,Sintayehu Vissa,ITA,29.07.96,13,Westwood,18.05.2024
3627,4:04.74,Heather MacLean,USA,31.08.95,3h3,Eugene,31.07.2025
3627,4:04.74,Gesa Felicitas Krause,GER,03.08.92,1r6,Pfungstadt,13.06.2026
3639,4:04.75,Ellen Kießling,GER,17.02.68,5,Tokyo,31.08.1991
3639,4:04.75,Regina Jacobs,USA,28.08.63,1h2,Sevilla,27.08.1999
3639,4:04.75,Olga Yegorova,RUS,28.03.72,2,Moskva,12.07.2000
3639,4:04.75,Jackline Maranga,KEN,16.12.77,3,Rieti,07.09.2003
3639,4:04.75,Nuria Fernández,ESP,16.08.76,6,Eugene,07.06.2009
3639,4:04.75,Kalkidan Gezahegne,ETH,08.05.91,5s1,Berlin,21.08.2009
3639,4:04.75,Fanjanteino Félix,FRA,26.01.80,1h1,Barcelona,30.07.2010
3639,4:04.75,Helen Obiri,KEN,13.12.89,9,Zürich,28.08.2014
3639,4:04.75,Alexa Efraimson,USA,20.02.97,6,Heusden-Zolder,22.07.2017
3639,4:04.75,Hailu Lemlem,ETH,21.05.01,4,Chorzów,06.09.2020
3639,4:04.75,Georgia Griffith,AUS,05.12.96,3,Stockholm,30.06.2022
3650,4:04.76,Judit Varga,HUN,16.04.76,14,Roma,12.07.2002
3650,4:04.76,Hayley Tullett,GBR,17.02.73,6,Zürich,06.08.2004
3650,4:04.76,Nancy Jebet Langat,KEN,22.08.81,1,Rovereto,08.09.2004
3650,4:04.76,Lisa Dobriskey,GBR,23.12.83,8,Monaco,22.07.2011
3650,4:04.76,Nicole Sifuentes,CAN,30.06.86,1,San Diego,20.06.2012
3650,4:04.76,Morgan Uceny,USA,10.03.85,12,Saint-Denis,05.07.2014
3650,4:04.76,Kate Grace,USA,24.10.88,7h1,London,04.08.2017
3650,4:04.76,Meraf Bahta,SWE,24.06.89,9,London,07.08.2017
3650,4:04.76,Aleksandra Gulyayeva,RUS,30.04.94,1,Zhukovskiy,30.06.2018
3650,4:04.76,Marta Pérez,ESP,19.04.93,7h1,Tokyo,02.08.2021
3650,4:04.76,Federica Del Buono,ITA,12.12.94,4rA,Padova,03.09.2023
3650,4:04.76,Nathalie Blomqvist,FIN,20.04.01,4,Tomblaine,25.05.2024
3650,4:04.76,Shelby Houlihan,USA,08.02.93,5r1,Eagle Rock,24.05.2025
3650,4:04.76,Bérénice Cleyet-Merle,FRA,24.10.94,14,Rabat,31.05.2026
3664,4:04.77,Olga Kuzyukova,RUS,17.03.53,9,Leningrad,26.07.1983
3664,4:04.77,Olga Komyagina,RUS,10.02.74,6rA,Tula,10.08.2003
3664,4:04.77,Kelly Holmes,GBR,19.04.70,2s2,Athínai,26.08.2004
3664,4:04.77,Gelete Burka,ETH,23.01.86,8,Helsinki,14.08.2005
3664,4:04.77,Sarah Jamieson,AUS,24.03.75,5,Monaco,25.07.2007
3664,4:04.77,Amela Terzic,SRB,02.01.93,1,Tallinn,12.07.2015
3664,4:04.77,Laura Weightman,GBR,07.01.91,10,Zürich,01.09.2016
3671,4:04.78,Yekaterina Podkopayeva,RUS,11.06.52,4,Donetsk,09.09.1984
3671,4:04.78,Viorica Ghican,ROU,09.06.65,1,Bucuresti,03.06.1989
3671,4:04.78,Patti Sue Plumer,USA,27.04.62,4,Nice,05.07.1992
3671,4:04.78,Lyudmila Borisova,RUS,08.03.66,5,Göteborg,09.08.1995
3671,4:04.78,Yekaterina Podkopayeva,RUS,11.06.52,4,Bruxelles,23.08.1996
3671,4:04.78,Naomi Mugo,KEN,02.01.77,6,Oslo,09.07.1998
3671,4:04.78,Daniela Yordanova,BUL,08.03.76,1,Sofia,27.05.2001
3671,4:04.78,Natalya Tobias,UKR,22.11.80,2,Rieti,05.09.2004
3671,4:04.78,Renata Plis,POL,05.02.85,10,Eugene,30.05.2015
3671,4:04.78,Lemlem Hailu,ETH,25.05.01,12,Roma,06.06.2019
3671,4:04.78,Aurore Fleury,FRA,04.12.93,11,Rabat,05.06.2022
3671,4:04.78,Km Deeksha,IND,01.01.99,3r1,Los Angeles,11.05.2024
3683,4:04.79,Kelly Holmes,GBR,19.04.70,1,München,22.06.1997
3683,4:04.79,Carla Sacramento,POR,10.12.71,3,Oslo,13.07.2001
3683,4:04.79,Naomi Mugo,KEN,02.01.77,4,Rieti,07.09.2003
3683,4:04.79,Irene Jelagat,KEN,10.12.88,7,Roma,26.05.2011
3683,4:04.79,Siham Hilali,MAR,02.05.86,6s2,London,08.08.2012
3683,4:04.79,Abbey Caldwell,AUS,03.07.01,1,Sydney,05.03.2022
3683,4:04.79,Abbey Caldwell,AUS,03.07.01,3,Birmingham,07.08.2022
3683,4:04.79,Elise Vanderelst,BEL,27.01.98,5,Madrid,21.06.2024
3683,4:04.79,Helen Schlachtenhaufen,USA,14.03.95,6,Zagreb,08.09.2024
3683,4:04.79,Faith Kipyegon,KEN,10.01.94,1,New York City,26.09.2024
3683,4:04.79,Gaia Sabbatini,ITA,10.06.99,7rA,Tomblaine,04.07.2025
3683,4:04.79,Soukaina Hajji,MAR,04.02.97,15,Rabat,31.05.2026
3695,4:04.8,Zamira Zaytseva,UZB,16.02.53,1,Berkeley,07.07.1978
3695,4:04.8,Lyubov Ivanova,RUS,02.03.81,4,Podolsk,13.08.1978
3695,4:04.8,Vesela Yatsinska,BUL,16.01.51,2,Sofia,27.07.1979
3695,4:04.8+,Ruth Wysocki,USA,08.03.57,1,London,07.09.1984
3695,4:04.8,Nadezhda Olizarenko,UKR,28.11.53,2,Vladivostok,13.09.1988
3695,4:04.8,Natalya Artyomova,RUS,05.01.63,3,Vladivostok,13.09.1988
3695,4:04.8,Asli Cakir Alptekin,TUR,20.08.85,1,Izmir,29.06.2010
3695,4:04.80,Grete Waitz,NOR,01.10.53,8s1,Montréal,29.07.1976
3695,4:04.80,Brigitte Kraus,FRG,12.08.56,2,Bruxelles,04.09.1979
3695,4:04.80,Paula Schnurr,CAN,15.01.64,8s2,Barcelona,06.08.1992
3695,4:04.80,Maite Zúñiga,ESP,28.12.64,4,Athínai,05.08.1997
3695,4:04.80,Regina Jacobs,USA,28.08.63,14,Monaco,08.08.1998
3695,4:04.80,Tatyana Tomashova,RUS,01.07.75,5,Sankt Peterburg,18.06.2000
3695,4:04.80,Simona Vrzalová,CZE,07.04.88,3,Ostrava,13.06.2018
3695,4:04.80,Shannon Osika,USA,15.06.93,6,Des Moines,27.07.2019
3695,4:04.80,Winnie Nanyondo,UGA,23.08.93,8,Zürich,09.09.2021
3695,4:04.80,Rachel McArthur,USA,04.08.99,4h3,Eugene,31.07.2025
3712,4:04.81,Sheila Carey,GBR,12.08.46,5,München,09.09.1972
3712,4:04.81,Doina Melinte,ROU,27.12.56,3,Bucuresti,19.06.1981
3712,4:04.81,Darlene Beckford,USA,09.10.61,4,Lausanne,10.07.1985
3712,4:04.81,Meskerem Legesse,ETH,28.09.86,4,Ostrava,08.06.2004
3712,4:04.81,Corinna Harrer,GER,19.01.91,2,Hengelo,27.05.2012
3712,4:04.81,Mimi Belete,BRN,09.06.88,6,Roma,06.06.2013
3712,4:04.81,Lisa Dobriskey,GBR,23.12.83,1,Szczecin,15.06.2013
3712,4:04.81,Eleanor Fulton,USA,17.05.93,5,Cork,11.07.2025
3720,4:04.82,Helen Clitheroe,GBR,02.01.74,2rA,Barcelona,25.07.2000
3720,4:04.82,Sarah Jamieson,AUS,24.03.75,1,Luzern,09.06.2004
3720,4:04.82,Helen Clitheroe,GBR,02.01.74,3,Rieti,05.09.2004
3720,4:04.82,Natalia Rodríguez,ESP,02.06.79,1,Madrid,04.07.2009
3720,4:04.82,Nikki Hamblin,NZL,20.05.88,7,Barcelona,22.07.2011
3720,4:04.82,Zoe Buckman,AUS,21.12.88,1s1,Moskva,13.08.2013
3720,4:04.82,Nicole Sifuentes,CAN,30.06.86,6,Berlin,27.08.2017
3720,4:04.82,Julie-Anne Staehli,CAN,21.12.93,6,Trabuco Hills,18.07.2021
3720,4:04.82,Ludovica Cavalli,ITA,20.12.00,8,Rabat,28.05.2023
3720,4:04.82,Areri Genale,ETH,16.04.07,3,Nice,31.05.2025
3730,4:04.83,Ilinca Oprtita,ROU,02.01.64,2,Bucuresti,23.05.1987
3730,4:04.83,Svetlana Masterkova,RUS,17.01.68,2h2,Sevilla,27.08.1999
3730,4:04.83,Daniela Yordanova,BUL,08.03.76,7s1,Saint-Denis,29.08.2003
3730,4:04.83,Lidia Chojecka,POL,25.01.77,3s2,Athínai,26.08.2004
3730,4:04.83,Lidia Chojecka,POL,25.01.77,8,Roma,10.07.2009
3730,4:04.83,Siham Hilali,MAR,02.05.86,7r1,Rieti,10.09.2011
3730,4:04.83,Faith Kipyegon,KEN,10.01.94,2s1,Moskva,13.08.2013
3730,4:04.83,Irene Jelagat,KEN,10.12.88,7,Hengelo,08.06.2014
3730,4:04.83+,Emma Coburn,USA,19.10.90,2,Marion,15.07.2020
3730,4:04.83,Sifan Hassan,NED,01.01.93,5,Hengelo,07.07.2024
3730,4:04.83,Joceline Wind,SUI,12.09.00,3rA,Marseille,13.07.2025
3741,4:04.84+,Mary Slaney,USA,04.08.58,1,London,09.09.1983
3741,4:04.84,Li Jingnan,CHN,17.02.83,2,Saint-Denis,23.06.2000
3741,4:04.84,Lidia Chojecka,POL,25.01.77,2,Annecy,23.06.2002
3741,4:04.84,Marta Domínguez,ESP,03.11.75,2,Madrid,04.07.2009
3741,4:04.84,Isabel Macías,ESP,11.08.84,10,Saint-Denis,06.07.2012
3741,4:04.84,Gabrielle Anderson,USA,25.06.86,1,Lignano Sabbiadoro,17.07.2012
3741,4:04.84,Helen Obiri,KEN,13.12.89,2,New York City,25.05.2013
3741,4:04.84,Julia Heymach,USA,20.11.98,6,Eugene,21.06.2021
3749,4:04.85,Yevgeniya Sitnikova,RUS,58,3,Kyiv,27.08.1983
3749,4:04.85,Ulrike Bruns,GDR,17.11.53,1,Dresden,17.08.1986
3749,4:04.85,Anita Weyermann,SUI,08.12.77,1,Luzern,24.06.1997
3749,4:04.85,Kristina da Fonseca-Wöllheim,GER,10.02.72,1,Dortmund,07.06.1998
3749,4:04.85,Regina Jacobs,USA,28.08.63,1r1,Palo Alto,09.06.2001
3749,4:04.85,Carmen Douma-Hussar,CAN,12.03.77,1,Hengelo,31.05.2004
3749,4:04.85,Bertukan Feyisa,ETH,04.07.91,1,Brazzaville,12.06.2011
3749,4:04.85+,Simona Vrzalová,CZE,07.04.88,11,London,22.07.2018
3749,4:04.85,Heather MacLean,USA,31.08.95,6r1,Irvine,15.05.2021
3749,4:04.85,Freweyni Hailu,ETH,12.02.01,3h2,Eugene,15.07.2022
3759,4:04.86,Heike Oehme,GER,11.11.63,2,Dresden,17.08.1986
3759,4:04.86,Claudette Groenendaal,USA,01.11.63,4,Köln,17.08.1986
3759,4:04.86,Lynn Williams,CAN,11.07.60,1,Burnaby,10.06.1989
3759,4:04.86,Yuliya Kosenkova,RUS,28.03.73,7,Roma,30.06.2000
3759,4:04.86,Judit Varga,HUN,16.04.76,5,Oslo,28.06.2002
3759,4:04.86,Nelya Neporadnaya,UKR,29.07.85,11,Saint-Denis,23.07.2004
3759,4:04.86,Natalya Pantelyeva,RUS,18.08.83,1,Thessaloníki,24.07.2006
3759,4:04.86,Iris María Fuentes-Pila,ESP,10.08.80,8,Beijing,23.08.2008
3759,4:04.86,Brenda Martinez,USA,08.09.87,1rA,Walnut,19.04.2013
3759,4:04.86,Danielle Jones,USA,21.08.96,7r1,Irvine,15.05.2021
3759,4:04.86,Elise Vanderelst,BEL,27.01.98,11s2,Tokyo,04.08.2021
3759,4:04.86,Hiwot Mehari,ETH,27.08.02,5,Montreuil,02.06.2022
3759,4:04.86,Whittni Morgan,USA,22.10.97,4,Portland,11.06.2022
3772,4:04.87,Heike Oehme,GER,11.11.63,2,Düsseldorf,20.06.1988
3772,4:04.87,Angela Chalmers,CAN,06.09.63,6s1,Barcelona,06.08.1992
3772,4:04.87,Maria Cioncan,ROU,19.06.77,1,Bucuresti,07.08.2004
3772,4:04.87,Siham Hilali,MAR,02.05.86,10,Saint-Denis,16.07.2010
3772,4:04.87,Janeth Jepkosgei,KEN,13.12.83,8,Roma,26.05.2011
3772,4:04.87,Morgan Uceny,USA,10.03.85,7,New York City,14.06.2014
3772,4:04.87,Nicole Sifuentes,CAN,30.06.86,13,Saint-Denis,05.07.2014
3772,4:04.87,Gabriela DeBues-Stafford,CAN,13.09.95,11,Roma,08.06.2017
3772,4:04.87,Bérénice Cleyet-Merle,FRA,24.10.94,11,Rabat,25.05.2025
3781,4:04.88,Doina Melinte,ROU,27.12.56,5,Köln,28.08.1983
3781,4:04.88,Fita Lovin,ROU,14.01.51,1,Formia,30.06.1984
3781,4:04.88,Elly van Hulst,NED,09.06.59,3,Nice,10.07.1988
3781,4:04.88,Lyubov Kremlyova,RUS,21.12.61,2,Nice,21.07.1993
3781,4:04.88,Hassiba Boulmerka,ALG,10.07.68,2,Bruxelles,19.08.1994
3781,4:04.88,Anita Weyermann,SUI,08.12.77,3h2,Sevilla,27.08.1999
3781,4:04.88,Meskerem Legesse,ETH,28.09.86,3,Bergen,11.06.2004
3781,4:04.88,Christin Wurth-Thomas,USA,11.07.80,3r2,Eugene,08.06.2008
3781,4:04.88,Yelena Zadorozhnaya,RUS,03.12.77,2,Irkutsk,02.08.2008
3781,4:04.88,Christin Wurth-Thomas,USA,11.07.80,2,Hengelo,30.05.2010
3781,4:04.88,Laura Weightman,GBR,07.01.91,3,Hengelo,27.05.2012
3781,4:04.88,Helen Obiri,KEN,13.12.89,1,Des Moines,25.04.2014
3781,4:04.88,Amanda Eccleston,USA,18.06.90,1,Padova,17.07.2016
3781,4:04.88,Marta Pérez,ESP,19.04.93,4rA,Madrid,22.06.2018
3781,4:04.88,Linden Hall,AUS,20.06.91,3rA,Barcelona,11.07.2018
3796,4:04.89,Linda Sheskey,USA,18.10.62,3,Paris,16.07.1987
3796,4:04.89,Violeta Szekely,ROU,26.03.65,3,Monaco,03.08.1991
3796,4:04.89,Lyudmila Rogachova,RUS,30.10.66,1,Lausanne,08.07.1992
3796,4:04.89+,Sonia O'Sullivan,IRL,28.11.69,,Zürich,17.08.1994
3796,4:04.89,Yelena Zadorozhnaya,RUS,03.12.77,2,Tula,13.07.2001
3796,4:04.89,Nicole Teter,USA,08.11.73,6,Oslo,28.06.2002
3796,4:04.89,Irene Jelagat,KEN,10.12.88,2,Ad-Dawhah,06.05.2011
3796,4:04.89,Besu Sado,ETH,12.01.96,4,Stockholm,16.06.2016
3796,4:04.89,Claudia Mihaela Bobocea,ROU,11.06.92,1rA,Sollentuna,12.06.2022
3805,4:04.9,Totka Petrova,BUL,17.12.56,1,Sofia,30.06.1979
3805,4:04.9,Maricica Puica,ROU,29.07.50,3,Athínai,11.08.1979
3805,4:04.9,Svetlana Ulmasova,UZB,04.02.53,10,Moskva,12.06.1980
3805,4:04.9,Yelena Sipatova,RUS,07.06.55,4h3,Moskva,04.07.1980
3805,4:04.9,Valentina Ilyinykh,RUS,12.12.56,10,Moskva,06.07.1980
3805,4:04.9,Lyudmila Veselkova,RUS,25.10.50,1,La Coruña,12.06.1982
3805,4:04.9,Lyudmila Veselkova,RUS,25.10.50,2,Tallinn,28.06.1984
3805,4:04.9,Tatyana Dorovskikh,UKR,12.08.61,1,Tallinn,11.08.1985
3805,4:04.90,Alla Yushina,RUS,20.08.58,4,Kyiv,26.08.1981
3805,4:04.90,Doina Melinte,ROU,27.12.56,1,Köln,19.08.1990
3805,4:04.90,Tatyana Tomashova,RUS,01.07.75,1,Cheboksary,11.07.2002
3805,4:04.90,Yelena Soboleva,RUS,03.10.82,12,Rieti,28.08.2005
3805,4:04.90,Sofia Ennaoui,POL,30.08.95,2,Tallinn,12.07.2015
3805,4:04.90,Yelena Korobkina,RUS,25.11.90,1,Zhukovskiy,30.07.2017
3805,4:04.90,Axumawit Embaye,ETH,18.10.94,2,Chorzów,08.06.2018
3805,4:04.90,Hanna Klein,GER,06.04.93,4,Ostrava,08.09.2020
3805,4:04.90,Eliza Megger,POL,29.08.99,13rA,Ostrava,31.05.2022
3805,4:04.90,Ellie Baker,GBR,03.06.98,8h2,München,16.08.2022
3823,4:04.91,Mary Slaney,USA,04.08.58,1,Eugene,29.06.1980
3823,4:04.91,Gabriella Dorio,ITA,27.06.57,3h2,Moskva,30.07.1980
3823,4:04.91,Anzhela Romanova,MDA,06.05.61,3,Odessa,08.09.1983
3823,4:04.91,Svetlana Kitova,TJK,25.06.60,2,Leningrad,08.06.1986
3823,4:04.91,Natalia Rodríguez,ESP,02.06.79,4s2,Athínai,26.08.2004
3823,4:04.91,Elena Antoci,ROU,16.01.75,3,Kalamáta,04.06.2008
3823,4:04.91,Nuria Fernández,ESP,16.08.76,4,Berlin,23.08.2009
3823,4:04.91,Oksana Zbrozhek,RUS,12.01.78,7,Barcelona,01.08.2010
3823,4:04.91,Cory Ann McGee,USA,29.05.92,14,Eugene,25.05.2024
3823,4:04.91,Gesa Felicitas Krause,GER,03.08.92,3rA,Trier,02.09.2025
3833,4:04.92,Mary Slaney,USA,04.08.58,1,San José,25.05.1991
3833,4:04.92,Yekaterina Podkopayeva,RUS,11.06.52,1,Sankt Peterburg,25.07.1994
3833,4:04.92,Violeta Szekely,ROU,26.03.65,8,Roma,30.06.2000
3833,4:04.92,Lidia Chojecka,POL,25.01.77,4,Bergen,11.06.2004
3833,4:04.92,Ingvill Måkestad Bovim,NOR,07.08.81,11,Stockholm,06.08.2010
3833,4:04.92,Maureen Koster,NED,07.03.92,8,Hengelo,08.06.2014
3833,4:04.92,Aleksandra Gulyayeva,RUS,30.04.94,1,Cheboksary,27.07.2019
3833,4:04.92,Shannon Osika,USA,15.06.93,2,Minsk,10.09.2019
3833,4:04.92,Hawi Abera,ETH,17.12.06,12,Rabat,25.05.2025
3833,4:04.92,Sarah Madeleiene,FRA,20.09.98,4,Nice,31.05.2025
3833,4:04.92,Margot Appleton,USA,30.09.02,6rA,Stockholm,07.06.2026
3844,4:04.93,Tatyana Kazankina,RUS,17.12.51,1,Warszawa,20.08.1976
3844,4:04.93,Kutre Dulecha,ETH,22.08.78,4h2,Sevilla,27.08.1999
3844,4:04.93,Tiffany McWilliams,USA,20.10.82,2h1,Indianapolis,21.06.2007
3844,4:04.93,Nelly Jepkosgei,BRN,14.07.91,7,Rabat,16.07.2017
3844,4:04.93,Zoe Buckman,AUS,21.12.88,8,Rabat,16.07.2017
3844,4:04.93,Laura Muir,GBR,09.05.93,3,Roma,09.06.2022
3844,4:04.93,Danielle Jones,USA,21.08.96,3,Bydgoszcz,30.05.2025
3844,4:04.93,Gaia Sabbatini,ITA,10.06.99,3h1,Tokyo,13.09.2025
3852,4:04.94,Maria Radu,ROU,25.05.59,3,Bucuresti,31.07.1982
3852,4:04.94,Nadezhda Olizarenko,UKR,28.11.53,6,Rieti,02.09.1984
3852,4:04.94,Susan Sirma,KEN,26.05.66,1h1,Tokyo,29.08.1991
3852,4:04.94,Elena Antoci,ROU,16.01.75,1,Bucuresti,06.08.2000
3852,4:04.94,Daniela Yordanova,BUL,08.03.76,5s2,Athínai,26.08.2004
3852,4:04.94,Christin Wurth-Thomas,USA,11.07.80,2,Carson,18.05.2008
3852,4:04.94,Rababe Arafi,MAR,12.01.91,4,Shanghai,13.05.2017
3852,4:04.94,Alemaz Samuel,ETH,05.07.99,6,Hengelo,11.06.2017
3852,4:04.94,Elinor St. Pierre,USA,20.02.95,4h2,Eugene,15.07.2022
3852,4:04.94,Sage Hurta-Klecker,USA,23.06.98,1,Luzern,30.08.2022
3852,4:04.94,Revee Walcott-Nolan,GBR,06.03.95,1,Watford,23.08.2023
3852,4:04.94,Axumawit Embaye,ETH,18.10.94,12,Xiamen,20.04.2024
3852,4:04.94,Marta Pérez,ESP,19.04.93,6h3,Saint-Denis,06.08.2024
3865,4:04.95,Mestawet Tadesse,ETH,19.07.85,1,Roma,08.07.2005
3865,4:04.95,Olga Yegorova,RUS,28.03.72,1,Madrid,16.07.2005
3865,4:04.95,Natalia Rodríguez,ESP,02.06.79,2h1,Barcelona,30.07.2010
3865,4:04.95,Lucia Stafford,CAN,17.08.98,4rA,Eagle Rock,12.07.2025
3869,4:04.96,Svetlana Kitova,TJK,25.06.60,4,Moskva,05.09.1988
3869,4:04.96,Yelena Romanova,RUS,20.03.63,5,Moskva,05.09.1988
3869,4:04.96,Malika Akkaoui,MAR,25.12.87,4,Daegu,12.05.2011
3869,4:04.96,Faith Kipyegon,KEN,10.01.94,1,Barcelona,15.07.2012
3869,4:04.96,Jennifer Simpson,USA,23.08.86,1,Sacramento,29.06.2014
3869,4:04.96,Tigist Ketema,ETH,15.09.98,6,Stockholm,04.07.2021
3869,4:04.96,Gaia Sabbatini,ITA,10.06.99,10,Monaco,10.08.2022
3869,4:04.96,Agathe Guillemot,FRA,11.07.99,9,Ostrava,27.06.2023
3869,4:04.96+,Saron Berhe,ETH,22.08.07,11,Eugene,04.07.2026
3878,4:04.97,Lilyana Tomova,BUL,09.08.46,2,Roma,08.09.1974
3878,4:04.97,Ana Padurean,ROU,05.09.69,1,Bucuresti,13.06.1987
3878,4:04.97,Mitica Constantin,ROU,18.08.62,2,Berlin,26.08.1988
3878,4:04.97,Lyubov Kremlyova,RUS,21.12.61,1,Bryansk,12.08.1990
3878,4:04.97,Maria Mutola,MOZ,27.10.72,3,Nice,21.07.1993
3878,4:04.97,Sonia O'Sullivan,IRL,28.11.69,2,Sankt Peterburg,25.07.1994
3878,4:04.97,Regina Jacobs,USA,28.08.63,3s1,Athínai,03.08.1997
3878,4:04.97,Leah Pells,CAN,09.11.64,1,Vancouver,10.07.1999
3878,4:04.97,Elena Antoci,ROU,16.01.75,5h2,Sevilla,27.08.1999
3878,4:04.97,Yelena Zadorozhnaya,RUS,03.12.77,2,Oslo,27.06.2003
3878,4:04.97,Natalya Tobias,UKR,22.11.80,1,Kyiv,29.05.2004
3878,4:04.97,Gelete Burka,ETH,23.01.86,1,Hengelo,29.05.2005
3878,4:04.97,Iryna Lishchynska,UKR,15.01.76,1rA,Kyiv,01.07.2008
3878,4:04.97,Siham Hilali,MAR,02.05.86,9,Roma,26.05.2011
3878,4:04.97,Lisa Dobriskey,GBR,23.12.83,1,London,06.08.2011
3878,4:04.97,Malika Akkaoui,MAR,25.12.87,1,Sotteville-lès-Rouen,08.07.2013
3878,4:04.97A,Helen Obiri,KEN,13.12.89,1,Nairobi,07.06.2014
3878,4:04.97,Sofia Ennaoui,POL,30.08.95,13,Roma,04.06.2015
3878,4:04.97,Katie Snowden,GBR,09.03.94,4,München,19.08.2022
3897,4:04.98,Yekaterina Podkopayeva,RUS,11.06.52,1,Bucuresti,16.09.1984
3897,4:04.98,Elly van Hulst,NED,09.06.59,2,Köln,20.08.1989
3897,4:04.98,Kutre Dulecha,ETH,22.08.78,4,Hengelo,30.05.1999
3897,4:04.98,Jackline Maranga,KEN,16.12.77,6h2,Sevilla,27.08.1999
3897,4:04.98,Iryna Lishchynska,UKR,15.01.76,5,Rieti,07.09.2003
3897,4:04.98,Iryna Lishchynska,UKR,15.01.76,8,Göteborg,13.08.2006
3897,4:04.98,Elisa Cusma Piccione,ITA,24.07.81,7,Athínai,13.07.2009
3897,4:04.98,Hannah England,GBR,06.03.87,4,Moskva,15.08.2013
3897,4:04.98,Charlene Lipsey,USA,16.07.91,2,Cambridge MA,19.05.2018
3897,4:04.98,Laura Galván,MEX,05.10.91,2rA,Sollentuna,12.06.2022
3897,4:04.98,Shannon Flockhart,GBR,05.04.02,1,Dublin,12.07.2024
3897,4:04.98,Maureen Koster,NED,07.03.92,6,Turku,17.06.2025
3909,4:04.99,Lyudmila Veselkova,RUS,25.10.50,4,Celje,18.08.1981
3909,4:04.99,Kirsty Wade,GBR,06.08.62,7,Stuttgart,31.08.1986
3909,4:04.99,Olga Komyagina,RUS,10.02.74,1,Moskva,08.06.1998
3909,4:04.99,Carmen Douma-Hussar,CAN,12.03.77,9,Athínai,14.06.2005
3909,4:04.99,Nelly Jepkosgei,BRN,14.07.91,12,Roma,08.06.2017
3909,4:04.99,Helen Schlachtenhaufen,USA,14.03.95,6,Eugene,08.07.2023
3909,4:04.99,Anna Camp-Bennett,USA,09.04.98,3rA,Memphis,05.08.2023
3909,4:04.99,Kayley DeLay,USA,07.06.99,4r1,Pfungstadt,20.08.2025
3909,4:04.99,Dorcus Ewoi,KEN,02.10.96,4h1,Tokyo,13.09.2025
