rank,mark,athlete,country,date_of_birth,race_position,venue,result_date,mark_seconds,result_year,decade,age_at_race
1,3:48.68,Faith Kipyegon,KEN,1994-01-10,1,Eugene,2025-07-05,228.68,2025,2020,31.482546201232033
2,3:49.04,Faith Kipyegon,KEN,1994-01-10,1,Paris,2024-07-07,229.04,2024,2020,30.48870636550308
3,3:49.11,Faith Kipyegon,KEN,1994-01-10,1,Firenze,2023-06-02,229.11,2023,2020,29.39082819986311
4,3:50.07,Genzebe Dibaba,ETH,1991-02-08,1,Monaco,2015-07-17,230.07,2015,2010,24.435318275154003
5,3:50.30,Gudaf Tsegay,ETH,1997-06-23,1,Xiamen,2024-04-20,230.3,2024,2020,26.82546201232033
6,3:50.37,Faith Kipyegon,KEN,1994-01-10,1,Monaco,2022-08-10,230.37,2022,2020,28.580424366872005
7,3:50.46,Qu Yunxia,CHN,1972-12-25,1,Beijing,1993-09-11,230.46,1993,1990,20.711841204654345
8,3:50.62,Gudaf Tsegay,ETH,1997-06-23,1,Chorzów,2025-08-16,230.62,2025,2020,28.147843942505133
9,3:50.72,Faith Kipyegon,KEN,1994-01-10,1,Eugene,2023-09-16,230.72,2023,2020,29.68104038329911
10,3:50.83,Jessica Hull,AUS,1996-10-22,2,Paris,2024-07-07,230.82999999999998,2024,2020,27.707049965776864
11,3:50.98,Jiang Bo,CHN,1977-03-13,1,Shanghai,1997-10-18,230.98,1997,1990,20.59958932238193
12,3:51.07,Faith Kipyegon,KEN,1994-01-10,1,Monaco,2021-07-09,231.07,2021,2020,27.49349760438056
13,3:51.29,Faith Kipyegon,KEN,1994-01-10,1,Saint-Denis,2024-08-10,231.29,2024,2020,30.581793292265573
14,3:51.34,Lang Yinglai,CHN,1979-08-22,2,Shanghai,1997-10-18,231.34,1997,1990,18.157426420260094
15,3:51.41+,Faith Kipyegon,KEN,1994-01-10,1,Monaco,2023-07-21,231.41,2023,2020,29.52498288843258
16,3:51.92,Wang Junxia,CHN,1973-01-09,2,Beijing,1993-09-11,231.92000000000002,1993,1990,20.670773442847366
17,3:51.95,Sifan Hassan,NED,1993-01-01,1,Ad-Dawhah,2019-10-05,231.95,2019,2010,26.757015742642025
18,3:52.15,Faith Kipyegon,KEN,1994-01-10,1,Tokyo,2025-09-16,232.15,2025,2020,31.682409308692677
19,3:52.47,Tatyana Kazankina,RUS,1951-12-17,1,Zürich,1980-08-13,232.47,1980,1980,28.657084188911703
20,3:52.56,Jessica Hull,AUS,1996-10-22,2,Saint-Denis,2024-08-10,232.56,2024,2020,27.800136892539356
21,3:52.59,Faith Kipyegon,KEN,1994-01-10,1,Eugene,2022-05-28,232.59,2022,2020,28.37782340862423
22,3:52.61,Georgia Hunter Bell,GBR,1993-10-17,3,Saint-Denis,2024-08-10,232.61,2024,2020,30.8145106091718
23,3:52.67,Jessica Hull,AUS,1996-10-22,2,Eugene,2025-07-05,232.67000000000002,2025,2020,28.700889801505816
24,3:52.75,Diribe Welteji,ETH,2002-05-13,4,Saint-Denis,2024-08-10,232.75,2024,2020,22.245037645448324
25,3:52.89,Faith Kipyegon,KEN,1994-01-10,1,Roma,2024-08-30,232.89,2024,2020,30.636550308008214
26,3:52.96,Faith Kipyegon,KEN,1994-01-10,1,Eugene,2022-07-18,232.96,2022,2020,28.517453798767967
27,3:53.11,Faith Kipyegon,KEN,1994-01-10,1,Tokyo,2021-08-06,233.11,2021,2020,27.57015742642026
28,3:53.22,Birke Haylom,ETH,2006-01-06,2,Xiamen,2024-04-20,233.22,2024,2020,18.286105407255306
29,3:53.23,Faith Kipyegon,KEN,1994-01-10,1,Eugene,2021-08-21,233.23,2021,2020,27.61122518822724
30,3:53.37,Laura Muir,GBR,1993-05-09,5,Saint-Denis,2024-08-10,233.37,2024,2020,31.255304585900067
31,3:53.60,Sifan Hassan,NED,1993-01-01,2,Monaco,2021-07-09,233.6,2021,2020,28.517453798767967
32,3:53.63,Sifan Hassan,NED,1993-01-01,1,Firenze,2021-06-10,233.63,2021,2020,28.438056125941138
33,3:53.75,Diribe Welteji,ETH,2002-05-13,1,Eugene,2024-05-25,233.75,2024,2020,22.034223134839152
34,3:53.79,Laura Muir,GBR,1993-05-09,3,Paris,2024-07-07,233.79,2024,2020,31.16221765913758
35,3:53.91,Yin Lili,CHN,1979-11-11,3,Shanghai,1997-10-18,233.91,1997,1990,17.935660506502394
35,3:53.91,Faith Kipyegon,KEN,1994-01-10,2,Firenze,2021-06-10,233.91,2021,2020,27.41409993155373
37,3:53.93,Diribe Welteji,ETH,2002-05-13,2,Eugene,2023-09-16,233.93,2023,2020,21.34428473648186
38,3:53.96,Paula Ivan,ROU,1963-07-20,1,Seoul,1988-10-01,233.96,1988,1980,25.201916495550993
39,3:53.97,Lan Lixin,CHN,1979-02-14,4,Shanghai,1997-10-18,233.97,1997,1990,18.67488021902806
40,3:53.98A,Faith Kipyegon,KEN,1994-01-10,1,Nairobi,2024-06-15,233.98,2024,2020,30.428473648186174
41,3:54.01,Gudaf Tsegay,ETH,1997-06-23,1,Chorzów,2021-06-20,234.01,2021,2020,23.991786447638603
42,3:54.03,Gudaf Tsegay,ETH,1997-06-23,1,Rabat,2023-05-28,234.03,2023,2020,25.927446954141
43,3:54.11,Genzebe Dibaba,ETH,1991-02-08,1,Barcelona,2015-07-08,234.11,2015,2010,24.410677618069816
44,3:54.16,Freweyni Hailu,ETH,2001-02-12,2,Roma,2024-08-30,234.16,2024,2020,23.54551676933607
45,3:54.22,Faith Kipyegon,KEN,1994-01-10,2,Ad-Dawhah,2019-10-05,234.22,2019,2010,25.73305954825462
46,3:54.23,Olga Dvirna,RUS,1953-02-11,1r1,Kyiv,1982-07-27,234.23,1982,1980,29.453798767967147
47,3:54.32,Gudaf Tsegay,ETH,1997-06-23,2,Eugene,2022-05-28,234.32,2022,2020,24.928131416837783
48,3:54.38,Gudaf Tsegay,ETH,1997-06-23,3,Ad-Dawhah,2019-10-05,234.38,2019,2010,22.28336755646817
49,3:54.50,Laura Muir,GBR,1993-05-09,2,Tokyo,2021-08-06,234.5,2021,2020,28.243668720054757
50,3:54.52,Zhang Ling,CHN,1980-04-13,5,Shanghai,1997-10-18,234.52,1997,1990,17.51403148528405
50,3:54.52,Gudaf Tsegay,ETH,1997-06-23,2,Eugene,2022-07-18,234.52,2022,2020,25.06776180698152
52,3:54.73,Beatrice Chebet,KEN,2000-03-05,2,Chorzów,2025-08-16,234.73,2025,2020,25.44832306639288
53,3:54.75,Faith Kipyegon,KEN,1994-01-10,1,Bruxelles,2024-09-14,234.75,2024,2020,30.677618069815196
53,3:54.75+,Gudaf Tsegay,ETH,1997-06-23,1,London,2025-07-19,234.75,2025,2020,28.071184120465436
55,3:54.76,Georgia Hunter Bell,GBR,1993-10-17,3,Eugene,2025-07-05,234.76,2025,2020,31.71526351813826
56,3:54.79,Birke Haylom,ETH,2006-01-06,3,Roma,2024-08-30,234.79,2024,2020,18.647501711156742
57,3:54.87,Hirut Meshesha,ETH,2001-01-20,1,Chorzów,2023-07-16,234.87,2023,2020,22.483230663928815
57,3:54.87,Faith Kipyegon,KEN,1994-01-10,1,Budapest,2023-08-22,234.87,2023,2020,29.61259411362081
59,3:54.92,Dorcus Ewoi,KEN,1996-10-02,2,Tokyo,2025-09-16,234.92000000000002,2025,2020,28.955509924709105
60,3:54.93,Birke Haylom,ETH,2006-01-06,3,Chorzów,2023-07-16,234.93,2023,2020,17.522245037645447
61,3:54.98,Jessica Hull,AUS,1996-10-22,4,Roma,2024-08-30,234.98,2024,2020,27.854893908281998
62,3:54.99,Shelby Houlihan,USA,1993-02-08,4,Ad-Dawhah,2019-10-05,234.99,2019,2010,26.652977412731005
63,3:55.0,Tatyana Kazankina,RUS,1951-12-17,1,Moskva,1980-07-06,235.0,1980,1980,28.553045859000683
64,3:55.01,Lan Lixin,CHN,1979-02-14,1h2,Shanghai,1997-10-17,235.01,1997,1990,18.67214236824093
65,3:55.07,Dong Yanmei,CHN,1977-02-16,6,Shanghai,1997-10-18,235.07,1997,1990,20.66803559206023
66,3:55.08,Diribe Welteji,ETH,2002-05-13,3,Chorzów,2023-07-16,235.07999999999998,2023,2020,21.17453798767967
67,3:55.10,Diribe Welteji,ETH,2002-05-13,1s2,Saint-Denis,2024-08-08,235.1,2024,2020,22.239561943874058
68,3:55.14,Faith Kipyegon,KEN,1994-01-10,1s2,Budapest,2023-08-20,235.14,2023,2020,29.607118412046542
69,3:55.16,Laura Muir,GBR,1993-05-09,3,Eugene,2023-09-16,235.16,2023,2020,30.354551676933607
69,3:55.16,Jessica Hull,AUS,1996-10-22,3,Tokyo,2025-09-16,235.16,2025,2020,28.90075290896646
71,3:55.18,Diribe Welteji,ETH,2002-05-13,2s2,Budapest,2023-08-20,235.18,2023,2020,21.270362765229294
72,3:55.22,Laura Muir,GBR,1993-05-09,1,Saint-Denis,2016-08-27,235.22,2016,2010,23.301848049281315
73,3:55.25,Diribe Welteji,ETH,2002-05-13,1,Westwood,2024-05-18,235.25,2024,2020,22.015058179329227
73,3:55.25,Diribe Welteji,ETH,2002-05-13,2,Bruxelles,2024-09-14,235.25,2024,2020,22.340862422997947
73,3:55.25,Nelly Chepchirchir,KEN,2003-06-04,4,Tokyo,2025-09-16,235.25,2025,2020,22.286105407255306
76,3:55.30,Hassiba Boulmerka,ALG,1968-07-10,1,Barcelona,1992-08-08,235.3,1992,1990,24.079397672826833
76,3:55.30+,Sifan Hassan,NED,1993-01-01,1,Monaco,2019-07-12,235.3,2019,2010,26.524298425735797
78,3:55.33,Süreyya Ayhan-Kop,TUR,1978-09-06,1,Bruxelles,2003-09-05,235.32999999999998,2003,2000,24.996577686516083
78,3:55.33,Dominique Hiltz,USA,1994-10-23,1,Eugene,2024-06-30,235.32999999999998,2024,2020,29.686516084873375
80,3:55.34,Laura Muir,GBR,1993-05-09,1,Bruxelles,2023-09-08,235.34,2023,2020,30.33264887063655
81,3:55.38,Qu Yunxia,CHN,1972-12-25,2h2,Shanghai,1997-10-17,235.38,1997,1990,24.810403832991103
81,3:55.38,Laura Muir,GBR,1993-05-09,3,Eugene,2022-07-18,235.38,2022,2020,29.190965092402465
83,3:55.40,Jessica Hull,AUS,1996-10-22,2s2,Saint-Denis,2024-08-08,235.4,2024,2020,27.794661190965094
84,3:55.47,Zhang Ling,CHN,1980-04-13,3h2,Shanghai,1997-10-17,235.47,1997,1990,17.51129363449692
84,3:55.47,Genzebe Dibaba,ETH,1991-02-08,1,Rabat,2019-06-16,235.47,2019,2010,28.35044490075291
86,3:55.48,Sifan Hassan,NED,1993-01-01,3s2,Budapest,2023-08-20,235.48,2023,2020,30.63107460643395
86,3:55.48,Freweyni Hailu,ETH,2001-02-12,2,Westwood,2024-05-18,235.48,2024,2020,23.260780287474333
88,3:55.56,Birke Haylom,ETH,2006-01-06,1,Shaoxing,2026-05-16,235.56,2026,2020,20.355920602327174
89,3:55.59,Laura Muir,GBR,1993-05-09,3,Firenze,2021-06-10,235.59,2021,2020,28.087611225188226
90,3:55.60,Süreyya Ayhan-Kop,TUR,1978-09-06,1,Zürich,2003-08-15,235.6,2003,2000,24.93908281998631
91,3:55.63,Georgia Hunter Bell,GBR,1993-10-17,1,Paris,2026-06-28,235.63,2026,2020,32.695414099931554
92,3:55.64+,Jessica Hull,AUS,1996-10-22,2,London,2025-07-19,235.64,2025,2020,28.739219712525667
93,3:55.68,Yuliya Chizhenko,RUS,1979-08-30,1,Saint-Denis,2006-07-08,235.68,2006,2000,26.855578370978783
93,3:55.68,Freweyni Hailu,ETH,2001-02-12,4,Eugene,2023-09-16,235.68,2023,2020,22.590006844626966
95,3:55.69,Diribe Welteji,ETH,2002-05-13,2,Budapest,2023-08-22,235.69,2023,2020,21.27583846680356
96,3:55.71,Tsige Duguma,ETH,2001-02-23,2,Shaoxing,2026-05-16,235.71,2026,2020,25.22381930184805
97,3:55.76,Laura Muir,GBR,1993-05-09,5,Ad-Dawhah,2019-10-05,235.76,2019,2010,26.406570841889117
98,3:55.82,Dong Yanmei,CHN,1977-02-16,4h2,Shanghai,1997-10-17,235.82,1997,1990,20.6652977412731
99,3:55.86,Sifan Hassan,NED,1993-01-01,3,Tokyo,2021-08-06,235.86,2021,2020,28.594113620807665
100,3:55.87,Ciara Mageean,IRL,1992-03-12,2,Bruxelles,2023-09-08,235.87,2023,2020,31.49075975359343
101,3:55.90,Emily MacKay,USA,1998-04-30,2,Eugene,2024-06-30,235.9,2024,2020,26.168377823408623
102,3:55.92,Freweyni Hailu,ETH,2001-02-12,2,Paris,2026-06-28,235.92000000000002,2026,2020,25.371663244353183
103,3:55.93,Sifan Hassan,NED,1993-01-01,2,Rabat,2019-06-16,235.93,2019,2010,26.45311430527036
104,3:55.94,Dominique Hiltz,USA,1994-10-23,1,Bruxelles,2025-08-22,235.94,2025,2020,30.830937713894592
105,3:55.96,Dominique Hiltz,USA,1994-10-23,4,Eugene,2025-07-05,235.96,2025,2020,30.699520876112253
106,3:55.97,Jessica Hull,AUS,1996-10-22,2,Eugene,2024-05-25,235.97,2024,2020,27.589322381930184
107,3:55.99,Elinor St. Pierre,USA,1995-02-20,3,Eugene,2024-06-30,235.99,2024,2020,29.357973990417523
108,3:56.0,Tatyana Kazankina,RUS,1951-12-17,1,Podolsk,1976-06-28,236.0,1976,1970,24.531143052703626
108,3:56.00,Sifan Hassan,NED,1993-01-01,3,Budapest,2023-08-22,236.0,2023,2020,30.636550308008214
108,3:56.00,Elinor St. Pierre,USA,1995-02-20,3,Eugene,2024-05-25,236.0,2024,2020,29.259411362080765
108,3:56.00,Georgia Hunter Bell,GBR,1993-10-17,3,Chorzów,2025-08-16,236.0,2025,2020,31.83025325119781
112,3:56.05,Sifan Hassan,NED,1993-01-01,2,Monaco,2015-07-17,236.05,2015,2010,22.537987679671456
113,3:56.07,Susan Ejore-Sanders,KEN,1995-11-09,6,Saint-Denis,2024-08-10,236.07,2024,2020,28.752908966461327
114,3:56.10,Dominique Hiltz,USA,1994-10-23,4,Chorzów,2025-08-16,236.1,2025,2020,30.8145106091718
115,3:56.12,Gabriela DeBues-Stafford,CAN,1995-09-13,6,Ad-Dawhah,2019-10-05,236.12,2019,2010,24.060232717316907
115,3:56.12,Abbey Caldwell,AUS,2001-07-03,3,Shaoxing,2026-05-16,236.12,2026,2020,24.867898699520875
117,3:56.14,Zamira Zaytseva,UZB,1953-02-16,2r1,Kyiv,1982-07-27,236.14,1982,1980,29.440109514031484
117,3:56.14,Sifan Hassan,NED,1993-01-01,1,Hengelo,2017-06-11,236.14,2017,2010,24.44079397672827
117,3:56.14,Nelly Chepchirchir,KEN,2003-06-04,5,Roma,2024-08-30,236.14,2024,2020,21.240246406570844
120,3:56.17,Dominique Hiltz,USA,1994-10-23,3s2,Saint-Denis,2024-08-08,236.17000000000002,2024,2020,29.793292265571527
121,3:56.18,Maryam Yusuf Jamal,BRN,1984-09-16,1,Rieti,2006-08-27,236.18,2006,2000,21.94387405886379
122,3:56.22,Paula Ivan,ROU,1963-07-20,1,Zürich,1988-08-17,236.22,1988,1980,25.078713210130047
122,3:56.22,Sifan Hassan,NED,1993-01-01,1,Roma,2017-06-08,236.22,2017,2010,24.432580424366872
124,3:56.24,Agathe Guillemot,FRA,1999-07-11,3,Paris,2026-06-28,236.24,2026,2020,26.965092402464066
125,3:56.28,Genzebe Dibaba,ETH,1991-02-08,1,Roma,2019-06-06,236.28,2019,2010,28.32306639288159
125,3:56.28,Freweyni Hailu,ETH,2001-02-12,3,Monaco,2021-07-09,236.28,2021,2020,20.40246406570842
127,3:56.29,Shannon Rowbury,USA,1984-09-19,3,Monaco,2015-07-17,236.29,2015,2010,30.822724161533195
128,3:56.30,Freweyni Hailu,ETH,2001-02-12,5,Chorzów,2025-08-16,236.3,2025,2020,24.50650239561944
129,3:56.31,Liu Dong,CHN,1973-12-24,5h2,Shanghai,1997-10-17,236.31,1997,1990,23.813826146475016
130,3:56.33,Linden Hall,AUS,1991-06-20,2,Bruxelles,2025-08-22,236.32999999999998,2025,2020,34.17385352498289
131,3:56.35,Laura Muir,GBR,1993-05-09,4,Eugene,2024-05-25,236.35,2024,2020,31.044490075290895
132,3:56.36,Laura Muir,GBR,1993-05-09,4s2,Budapest,2023-08-20,236.36,2023,2020,30.28062970568104
133,3:56.38,Dominique Hiltz,USA,1994-10-23,7,Saint-Denis,2024-08-10,236.38,2024,2020,29.79876796714579
134,3:56.39,Linden Hall,AUS,1991-06-20,6,Chorzów,2025-08-16,236.39,2025,2020,34.157426420260094
135,3:56.40,Linden Hall,AUS,1991-06-20,4,Paris,2024-07-07,236.4,2024,2020,33.04859685147159
136,3:56.41,Faith Kipyegon,KEN,1994-01-10,1,Eugene,2016-05-28,236.41,2016,2010,22.379192334017795
136,3:56.41,Gudaf Tsegay,ETH,1997-06-23,4s2,Saint-Denis,2024-08-08,236.41,2024,2020,27.12662559890486
138,3:56.43,Yelena Soboleva,RUS,1982-10-03,2,Saint-Denis,2006-07-08,236.43,2006,2000,23.761806981519506
139,3:56.50,Tatyana Pozdnyakova,UKR,1956-03-04,3r1,Kyiv,1982-07-27,236.5,1982,1980,26.39561943874059
140,3:56.54,Abeba Aregawi,ETH,1990-07-05,1,Roma,2012-05-31,236.54,2012,2010,21.905544147843944
140,3:56.54,Georgia Hunter Bell,GBR,1993-10-17,5,Paris,2024-07-07,236.54,2024,2020,30.72142368240931
142,3:56.55,Maryam Yusuf Jamal,BRN,1984-09-16,1,Roma,2009-07-10,236.55,2009,2000,24.813141683778234
143,3:56.56,Tatyana Kazankina,RUS,1951-12-17,1,Moskva,1980-08-01,236.56,1980,1980,28.62422997946612
143,3:56.56,Freweyni Hailu,ETH,2001-02-12,1,Xiamen,2023-09-02,236.56,2023,2020,22.55167693360712
145,3:56.57,Susan Ejore-Sanders,KEN,1995-11-09,5s2,Saint-Denis,2024-08-08,236.57,2024,2020,28.747433264887064
146,3:56.60,Abeba Aregawi,SWE,1990-07-05,1,Ad-Dawhah,2013-05-10,236.6,2013,2010,22.847364818617386
147,3:56.61,Ciara Mageean,IRL,1992-03-12,4,Budapest,2023-08-22,236.61,2023,2020,31.444216290212182
148,3:56.63,Nadezhda Ralldugina,RUS,1957-11-15,1,Praha,1984-08-18,236.63,1984,1980,26.757015742642025
148,3:56.63,Ciara Mageean,IRL,1992-03-12,1,Bruxelles,2022-09-02,236.63,2022,2020,30.47501711156742
150,3:56.65,Yekaterina Podkopayeva,RUS,1952-06-11,1,Rieti,1984-09-02,236.65,1984,1980,32.22724161533196
151,3:56.68,Genzebe Dibaba,ETH,1991-02-08,1,Chorzów,2018-06-08,236.68,2018,2010,27.329226557152634
152,3:56.69+,Sifan Hassan,NED,1993-01-01,1,Bruxelles,2021-09-03,236.69,2021,2020,28.670773442847366
152,3:56.69,Agathe Guillemot,FRA,1999-07-11,6s2,Saint-Denis,2024-08-08,236.69,2024,2020,25.078713210130047
154,3:56.7,Lyubov Smolka,UKR,1952-11-29,2,Moskva,1980-07-06,236.7,1980,1980,27.600273785078713
154,3:56.7,Doina Melinte,ROU,1956-12-27,1,Bucuresti,1986-07-12,236.7,1986,1980,29.53867214236824
156,3:56.72,Faith Kipyegon,KEN,1994-01-10,2,Saint-Denis,2016-08-27,236.72,2016,2010,22.628336755646817
156,3:56.72,Katie Snowden,GBR,1994-03-09,5s2,Budapest,2023-08-20,236.72,2023,2020,29.44832306639288
156,3:56.72,Nelly Chepchirchir,KEN,2003-06-04,2,Xiamen,2023-09-02,236.72,2023,2020,20.246406570841888
159,3:56.73,Laura Muir,GBR,1993-05-09,2,Roma,2019-06-06,236.73,2019,2010,26.075290896646134
160,3:56.74,Yelena Soboleva,RUS,1982-10-03,1,Athínai,2006-07-03,236.74,2006,2000,23.748117727583846
161,3:56.75,Sinclaire Johnson,USA,1998-04-13,4,Eugene,2024-06-30,236.75,2024,2020,26.21492128678987
162,3:56.77+,Svetlana Masterkova,RUS,1968-01-17,1,Zürich,1996-08-14,236.77,1996,1990,28.57494866529774
163,3:56.79,Maryam Yusuf Jamal,BRN,1984-09-16,1,Rieti,2005-08-28,236.79,2005,2000,20.947296372347708
163,3:56.79,Birke Haylom,ETH,2006-01-06,7,Chorzów,2025-08-16,236.79,2025,2020,19.60848733744011
165,3:56.8,Nadezhda Olizarenko,UKR,1953-11-28,3,Moskva,1980-07-06,236.8,1980,1980,26.60369609856263
165,3:56.80,Faith Kipyegon,KEN,1994-01-10,1s1,Tokyo,2021-08-04,236.8,2021,2020,27.564681724845997
167,3:56.82,Faith Kipyegon,KEN,1994-01-10,1,Shanghai,2016-05-14,236.82,2016,2010,22.340862422997947
168,3:56.86,Laura Muir,GBR,1993-05-09,2,Bruxelles,2022-09-02,236.86,2022,2020,29.31690622861054
169,3:56.9,Zamira Zaytseva,UZB,1953-02-16,4,Moskva,1980-07-06,236.9,1980,1980,27.38398357289528
170,3:56.91,Lyudmila Rogachova,RUS,1966-10-30,2,Barcelona,1992-08-08,236.91,1992,1990,25.7741273100616
170,3:56.91,Tatyana Tomashova,RUS,1975-07-01,1,Göteborg,2006-08-13,236.91,2006,2000,31.11841204654346
170,3:56.91,Diribe Welteji,ETH,2002-05-13,1,Chorzów,2022-08-06,236.91,2022,2020,20.23271731690623
173,3:56.92,Linden Hall,AUS,1991-06-20,5,Eugene,2023-09-16,236.92000000000002,2023,2020,32.24093086926762
174,3:56.93,Nelly Chepchirchir,KEN,2003-06-04,3,Bruxelles,2023-09-08,236.93,2023,2020,20.262833675564682
174,3:56.93,Sinclaire Johnson,USA,1998-04-13,5,Eugene,2025-07-05,236.93,2025,2020,27.227926078028748
176,3:56.94,Freweyni Hailu,ETH,2001-02-12,3,Bruxelles,2022-09-02,236.94,2022,2020,21.5523613963039
177,3:56.97,Gabriela Szabo,ROU,1975-11-14,1,Monaco,1998-08-08,236.97,1998,1990,22.732375085557837
178,3:56.98,Faith Kipyegon,KEN,1994-01-10,2,Ad-Dawhah,2013-05-10,236.98,2013,2010,19.329226557152634
178,3:56.98,Birke Haylom,ETH,2006-01-06,6,Eugene,2023-09-16,236.98,2023,2020,17.691991786447637
180,3:56.99,Jessica Hull,AUS,1996-10-22,3,Bruxelles,2024-09-14,236.99,2024,2020,27.89596167008898
180,3:56.99,Nelly Chepchirchir,KEN,2003-06-04,1,Zürich,2025-08-28,236.99,2025,2020,22.234086242299796
182,3:57.00,Sifan Hassan,NED,1993-01-01,1,Saint-Denis,2014-07-05,237.0,2014,2010,21.505817932922657
182,3:57.00,Worknesh Mesele,ETH,2001-06-10,4,Chorzów,2023-07-16,237.0,2023,2020,22.09719370294319
184,3:57.02,Nelly Chepchirchir,KEN,2003-06-04,1,Paris,2025-06-20,237.02,2025,2020,22.04517453798768
184,3:57.02,Jessica Hull,AUS,1996-10-22,2,Zürich,2025-08-28,237.02,2025,2020,28.84873374401095
186,3:57.03,Liu Jing,CHN,1971-02-03,6h2,Shanghai,1997-10-17,237.03,1997,1990,26.702258726899384
187,3:57.04,Faith Kipyegon,KEN,1994-01-10,1,Bruxelles,2017-09-01,237.04,2017,2010,23.641341546885695
188,3:57.05,Svetlana Guskova,MDA,1959-08-19,4r1,Kyiv,1982-07-27,237.05,1982,1980,22.937713894592743
188,3:57.05,Helen Obiri,KEN,1989-12-13,1,Eugene,2014-05-31,237.05,2014,2010,24.462696783025326
190,3:57.08,Qu Yunxia,CHN,1972-12-25,3,Barcelona,1992-08-08,237.07999999999998,1992,1990,19.619438740588638
190,3:57.08,Sifan Hassan,NED,1993-01-01,1,Zürich,2019-08-29,237.07999999999998,2019,2010,26.65571526351814
190,3:57.08,Diribe Welteji,ETH,2002-05-13,1,Chorzów,2024-08-25,237.07999999999998,2024,2020,22.286105407255306
190,3:57.08,Dominique Hiltz,USA,1994-10-23,5,Tokyo,2025-09-16,237.07999999999998,2025,2020,30.899383983572896
194,3:57.09,Laura Muir,GBR,1993-05-09,2,Firenze,2023-06-02,237.09,2023,2020,30.064339493497606
195,3:57.10,Sifan Hassan,NED,1993-01-01,1,Paris,2017-07-01,237.1,2017,2010,24.49555099247091
196,3:57.11,Svetlana Masterkova,RUS,1968-01-17,2,Monaco,1998-08-08,237.11,1998,1990,30.55715263518138
197,3:57.12,Mary Slaney,USA,1958-08-04,1,Stockholm,1983-07-26,237.12,1983,1980,24.974674880219027
198,3:57.13,Sifan Hassan,NED,1993-01-01,3,Saint-Denis,2016-08-27,237.13,2016,2010,23.652292950034223
199,3:57.15,Lang Yinglai,CHN,1979-08-22,1h1,Shanghai,1997-10-17,237.15,1997,1990,18.154688569472963
199,3:57.15,Sarah Healy,IRL,2001-02-13,2,Paris,2025-06-20,237.15,2025,2020,24.347707049965777
201,3:57.20,Sarah Healy,IRL,2001-02-13,6,Eugene,2025-07-05,237.2,2025,2020,24.38877481177276
202,3:57.22,Maricica Puica,ROU,1950-07-29,1,Bucuresti,1984-07-01,237.22,1984,1980,33.92470910335387
202,3:57.22,Jennifer Simpson,USA,1986-08-23,2,Saint-Denis,2014-07-05,237.22,2014,2010,27.865845311430526
202,3:57.22,Sifan Hassan,NED,1993-01-01,2,Bruxelles,2017-09-01,237.22,2017,2010,24.6652977412731
202,3:57.22,Jessica Hull,AUS,1996-10-22,4,Paris,2026-06-28,237.22,2026,2020,29.68104038329911
206,3:57.24,Mary Slaney,USA,1958-08-04,1,Bruxelles,1985-08-30,237.24,1985,1980,27.071868583162217
207,3:57.26,Susan Ejore-Sanders,KEN,1995-11-09,6,Paris,2024-07-07,237.26,2024,2020,28.659822039698838
207,3:57.26,Freweyni Hailu,ETH,2001-02-12,4,Bruxelles,2024-09-14,237.26,2024,2020,23.586584531143053
207,3:57.26,Abbey Caldwell,AUS,2001-07-03,1,Xiamen,2026-05-23,237.26,2026,2020,24.8870636550308
210,3:57.27,Jiang Bo,CHN,1977-03-13,2h1,Shanghai,1997-10-17,237.27,1997,1990,20.5968514715948
210,3:57.27,Linden Hall,AUS,1991-06-20,5,Chorzów,2023-07-16,237.27,2023,2020,32.07118412046543
212,3:57.29,Yuliya Chizhenko,RUS,1979-08-30,2,Rieti,2006-08-27,237.29,2006,2000,26.99247091033539
212,3:57.29,Jessica Hull,AUS,1996-10-22,3,Firenze,2023-06-02,237.29,2023,2020,26.60917180013689
214,3:57.30,Jennifer Simpson,USA,1986-08-23,4,Monaco,2015-07-17,237.3,2015,2010,28.89801505817933
214,3:57.30,Hirut Meshesha,ETH,2001-01-20,1,Rabat,2022-06-05,237.3,2022,2020,21.371663244353183
216,3:57.31+,Genzebe Dibaba,ETH,1991-02-08,1,Rovereto,2016-09-06,237.31,2016,2010,25.57700205338809
216,3:57.31,Weronika Lizakowska,POL,1998-11-02,7s2,Saint-Denis,2024-08-08,237.31,2024,2020,25.765913757700204
218,3:57.33,Freweyni Hailu,ETH,2001-02-12,1,Hengelo,2021-06-08,237.32999999999998,2021,2020,20.317590691307323
218,3:57.33,Freweyni Hailu,ETH,2001-02-12,6,Tokyo,2025-09-16,237.32999999999998,2025,2020,24.591375770020534
220,3:57.34,Shelby Houlihan,USA,1993-02-08,1,Lausanne,2018-07-05,237.34,2018,2010,25.401779603011637
221,3:57.35,Nelly Chepchirchir,KEN,2003-06-04,3,Bruxelles,2025-08-22,237.35,2025,2020,22.217659137577
222,3:57.38,Diribe Welteji,ETH,2002-05-13,1,Ostrava,2023-06-27,237.38,2023,2020,21.12251882272416
223,3:57.4,Totka Petrova,BUL,1956-12-17,1,Athínai,1979-08-11,237.4,1979,1970,22.647501711156742
223,3:57.4,Yekaterina Podkopayeva,RUS,1952-06-11,5,Moskva,1980-07-06,237.4,1980,1980,28.0684462696783
223,3:57.40,Suzy Favor Hamilton,USA,1968-08-08,1,Oslo,2000-07-28,237.4,2000,2000,31.969883641341546
223,3:57.40,Gudaf Tsegay,ETH,1997-06-23,3,Rabat,2019-06-16,237.4,2019,2010,21.97946611909651
223,3:57.40,Laura Muir,GBR,1993-05-09,1,Berlin,2020-09-13,237.4,2020,2020,27.34839151266256
228,3:57.41,Jackline Maranga,KEN,1977-12-16,3,Monaco,1998-08-08,237.41,1998,1990,20.643394934976044
228,3:57.41+,Sifan Hassan,NED,1993-01-01,1,London,2018-07-22,237.41,2018,2010,25.5523613963039
230,3:57.44,Cory McGee,USA,1992-05-29,5,Eugene,2024-06-30,237.44,2024,2020,32.087611225188226
230,3:57.44,Linden Hall,AUS,1991-06-20,3,Zürich,2025-08-28,237.44,2025,2020,34.19028062970568
232,3:57.46,Zhang Linli,CHN,1973-03-06,3,Beijing,1993-09-11,237.46,1993,1990,20.517453798767967
232,3:57.46,Sarah Healy,IRL,2001-02-13,7,Paris,2024-07-07,237.46,2024,2020,23.394934976043807
234,3:57.48,Maricica Puica,ROU,1950-07-29,1,Bucuresti,1982-07-31,237.48,1982,1980,32.00547570157426
235,3:57.49,Laura Muir,GBR,1993-05-09,1,London,2016-07-22,237.49,2016,2010,23.20328542094456
236,3:57.50,Tatyana Tomashova,RUS,1975-07-01,3,Rieti,2006-08-27,237.5,2006,2000,31.156741957563312
236,3:57.50,Birke Haylom,ETH,2006-01-06,3,Paris,2025-06-20,237.5,2025,2020,19.45242984257358
238,3:57.51,Faith Kipyegon,KEN,1994-01-10,2,Paris,2017-07-01,237.51,2017,2010,23.471594798083505
239,3:57.52,Elinor St. Pierre,USA,1995-02-20,8,Saint-Denis,2024-08-10,237.52,2024,2020,29.470225872689937
240,3:57.53,Hirut Meshesha,ETH,2001-01-20,7,Eugene,2023-09-16,237.53,2023,2020,22.652977412731005
241,3:57.54,Genzebe Dibaba,ETH,1991-02-08,3,Ad-Dawhah,2013-05-10,237.54,2013,2010,22.250513347022586
241,3:57.54,Freweyni Hailu,ETH,2001-02-12,2s1,Tokyo,2021-08-04,237.54,2021,2020,20.473648186173854
243,3:57.56,Worknesh Mesele,ETH,2001-06-10,4,Shaoxing,2026-05-16,237.56,2026,2020,24.930869267624914
244,3:57.57,Abeba Aregawi,SWE,1990-07-05,2,Eugene,2014-05-31,237.57,2014,2010,23.904175222450377
244,3:57.57,Jessica Hull,AUS,1996-10-22,8,Eugene,2023-09-16,237.57,2023,2020,26.899383983572896
246,3:57.59,Abbey Caldwell,AUS,2001-07-03,5,Paris,2026-06-28,237.59,2026,2020,24.985626283367555
247,3:57.60,Freweyni Hailu,ETH,2001-02-12,4,Tokyo,2021-08-06,237.6,2021,2020,20.479123887748116
248,3:57.61,Yuliya Chizhenko,RUS,1979-08-30,2,Göteborg,2006-08-13,237.61,2006,2000,26.954140999315538
248,3:57.61,Worknesh Mesele,ETH,2001-06-10,3,Xiamen,2024-04-20,237.61,2024,2020,22.861054072553046
248,3:57.61,Nelly Jepkosgei,BRN,1991-07-14,6,Paris,2026-06-28,237.61,2026,2020,34.95687885010267
251,3:57.62,Diribe Welteji,ETH,2002-05-13,4,Xiamen,2024-04-20,237.62,2024,2020,21.93839835728953
252,3:57.63,Linden Hall,AUS,1991-06-20,4,Paris,2025-06-20,237.63,2025,2020,34.001368925393564
252,3:57.63,Laura Muir,GBR,1993-05-09,4,Bruxelles,2025-08-22,237.63,2025,2020,32.28747433264887
254,3:57.64,Gudaf Tsegay,ETH,1997-06-23,1,Stockholm,2018-06-10,237.64,2018,2010,20.9637234770705
255,3:57.65,Freweyni Hailu,ETH,2001-02-12,2,Rabat,2023-05-28,237.65,2023,2020,22.286105407255306
256,3:57.66,Birke Haylom,ETH,2006-01-06,3,Rabat,2023-05-28,237.66,2023,2020,17.388090349075977
257,3:57.70,Tatyana Pozdnyakova,UKR,1956-03-04,2,Rieti,1984-09-02,237.7,1984,1980,28.49828884325804
258,3:57.71,Christiane Wartenberg,GDR,1956-10-27,2,Moskva,1980-08-01,237.71,1980,1980,23.761806981519506
258,3:57.71,Carla Sacramento,POR,1971-12-10,4,Monaco,1998-08-08,237.71,1998,1990,26.661190965092402
260,3:57.72,Galina Zakharova,RUS,1956-09-07,1,Baku,1984-09-14,237.72,1984,1980,28.019164955509925
260,3:57.72,Süreyya Ayhan-Kop,TUR,1978-09-06,1,Monaco,2003-09-13,237.72,2003,2000,25.018480492813143
260,3:57.72,Saron Berhe,ETH,2007-08-22,7,Eugene,2025-07-05,237.72,2025,2020,17.869952087611225
263,3:57.73,Maricica Puica,ROU,1950-07-29,2,Bruxelles,1985-08-30,237.73,1985,1980,35.08829568788501
263,3:57.73,Natalya Yevdokimova,RUS,1978-03-17,2,Rieti,2005-08-28,237.73,2005,2000,27.449691991786448
265,3:57.74,Freweyni Hailu,ETH,2001-02-12,8,Eugene,2025-07-05,237.74,2025,2020,24.39151266255989
265,3:57.74,Dorcus Ewoi,KEN,1996-10-02,5,Shaoxing,2026-05-16,237.74,2026,2020,29.61806981519507
267,3:57.75,Süreyya Ayhan-Kop,TUR,1978-09-06,1,Bruxelles,2002-08-30,237.75,2002,2000,23.980835044490075
267,3:57.75,Jessica Hull,AUS,1996-10-22,4,Bruxelles,2023-09-08,237.75,2023,2020,26.87748117727584
267,3:57.75,Marta Pérez,ESP,1993-04-19,8s2,Saint-Denis,2024-08-08,237.75,2024,2020,31.304585900068446
270,3:57.77,Liu Jing,CHN,1971-02-03,7,Shanghai,1997-10-18,237.77,1997,1990,26.704996577686515
270,3:57.77,Genzebe Dibaba,ETH,1991-02-08,1,Shanghai,2012-05-19,237.77,2012,2010,21.27583846680356
272,3:57.78,Olga Dvirna,RUS,1953-02-11,1,Budapest,1981-07-29,237.78,1981,1980,28.459958932238195
272,3:57.78,Shannon Rowbury,USA,1984-09-19,1,Zürich,2016-09-01,237.78,2016,2010,31.95071868583162
274,3:57.79,Heather MacLean,USA,1995-08-31,8,Chorzów,2025-08-16,237.79,2025,2020,29.960301163586585
274,3:57.79,Birke Haylom,ETH,2006-01-06,2,Xiamen,2026-05-23,237.79,2026,2020,20.3750855578371
276,3:57.80,Olga Dvirna,RUS,1953-02-11,1,Athínai,1982-09-11,237.8,1982,1980,29.579739904175224
276,3:57.80,Sinclaire Johnson,USA,1998-04-13,4,Zürich,2025-08-28,237.8,2025,2020,27.37577002053388
278,3:57.82,Maricica Puica,ROU,1950-07-29,1,Tirrenia,1982-08-25,237.82,1982,1980,32.07392197125257
278,3:57.82+,Genzebe Dibaba,ETH,1991-02-08,1,Lausanne,2017-07-06,237.82,2017,2010,26.406570841889117
278,3:57.82,Diribe Welteji,ETH,2002-05-13,4,Bruxelles,2022-09-02,237.82,2022,2020,20.306639288158795
281,3:57.83,Qu Yunxia,CHN,1972-12-25,8,Shanghai,1997-10-18,237.82999999999998,1997,1990,24.813141683778234
282,3:57.84,Diribe Welteji,ETH,2002-05-13,1,Westwood,2023-05-27,237.84,2023,2020,21.037645448323065
283,3:57.85,Laura Muir,GBR,1993-05-09,2,Zürich,2016-09-01,237.85,2016,2010,23.315537303216974
283,3:57.85,Jessica Hull,AUS,1996-10-22,6s2,Budapest,2023-08-20,237.85,2023,2020,26.82546201232033
285,3:57.87,Laura Muir,GBR,1993-05-09,1,Stockholm,2020-08-23,237.87,2020,2020,27.290896646132786
285,3:57.87,Hirut Meshesha,ETH,2001-01-20,2,Ostrava,2023-06-27,237.87,2023,2020,22.431211498973305
285,3:57.87,Elise Cranny,USA,1996-05-09,6,Eugene,2024-06-30,237.87,2024,2020,28.142368240930868
288,3:57.88,Freweyni Hailu,ETH,2001-02-12,2,Chorzów,2024-08-25,237.88,2024,2020,23.531827515400412
289,3:57.89,Laura Muir,GBR,1993-05-09,1,Stockholm,2024-06-02,237.89,2024,2020,31.066392881587955
290,3:57.90,Kelly Holmes,GBR,1970-04-19,1,Athínai,2004-08-28,237.9,2004,2000,34.36002737850787
290,3:57.90,Nelly Chepchirchir,KEN,2003-06-04,5,Budapest,2023-08-22,237.9,2023,2020,20.216290212183434
292,3:57.91,Emily MacKay,USA,1998-04-30,9,Eugene,2025-07-05,237.91,2025,2020,27.1813826146475
292,3:57.91,Jessica Hull,AUS,1996-10-22,6,Shaoxing,2026-05-16,237.91,2026,2020,29.56331279945243
294,3:57.92,Tatyana Dorovskikh,UKR,1961-08-12,4,Barcelona,1992-08-08,237.92000000000002,1992,1990,30.989733059548254
294,3:57.92,Linden Hall,AUS,1991-06-20,3,Xiamen,2023-09-02,237.92000000000002,2023,2020,32.20260095824778
296,3:57.95,Worknesh Mesele,ETH,2001-06-10,5,Paris,2025-06-20,237.95,2025,2020,24.027378507871322
296,3:57.95,Sarah Healy,IRL,2001-02-13,9,Chorzów,2025-08-16,237.95,2025,2020,24.503764544832308
296,3:57.95,Klaudia Kazimierska,POL,2001-09-03,7,Tokyo,2025-09-16,237.95,2025,2020,24.035592060232716
299,3:58.00,Wang Junxia,CHN,1973-01-09,1h,Jinan,1993-06-02,238.0,1993,1990,20.39425051334702
299,3:58.00,Shannon Rowbury,USA,1984-09-19,4,Saint-Denis,2016-08-27,238.0,2016,2010,31.93702943189596
301,3:58.01,Faith Kipyegon,KEN,1994-01-10,3,Eugene,2014-05-31,238.01,2014,2010,20.386036960985628
301,3:58.01,Melissa Courtney-Bryant,GBR,1993-08-30,6,Chorzów,2023-07-16,238.01,2023,2020,29.87542778918549
303,3:58.02,Yuliya Chizhenko,RUS,1979-08-30,2,Athínai,2006-07-03,238.02,2006,2000,26.84188911704312
304,3:58.03,Elinor St. Pierre,USA,1995-02-20,1,Eugene,2021-06-21,238.03,2021,2020,26.33264887063655
304,3:58.03,Katie Snowden,GBR,1994-03-09,5,Bruxelles,2023-09-08,238.03,2023,2020,29.50034223134839
306,3:58.04,Nelly Chepchirchir,KEN,2003-06-04,1,Rabat,2025-05-25,238.04,2025,2020,21.973990417522245
307,3:58.05,Agathe Guillemot,FRA,1999-07-11,8,Paris,2024-07-07,238.05,2024,2020,24.99110198494182
307,3:58.05,Nelly Chepchirchir,KEN,2003-06-04,5,Bruxelles,2024-09-14,238.05,2024,2020,21.281314168377822
307,3:58.05,Susan Ejore-Sanders,KEN,1995-11-09,10,Eugene,2025-07-05,238.05,2025,2020,29.65366187542779
310,3:58.06,Hirut Meshesha,ETH,2001-01-20,6,Bruxelles,2023-09-08,238.06,2023,2020,22.63107460643395
310,3:58.06,Georgia Hunter Bell,GBR,1993-10-17,6,Paris,2025-06-20,238.06,2025,2020,31.67419575633128
312,3:58.07,Kelly Holmes,GBR,1970-04-19,1,Sheffield,1997-06-29,238.07,1997,1990,27.195071868583163
312,3:58.07+,Freweyni Hailu,ETH,2001-02-12,2,Monaco,2023-07-21,238.07,2023,2020,22.43394934976044
314,3:58.08,Revee Walcott-Nolan,GBR,1995-03-06,9s2,Saint-Denis,2024-08-08,238.07999999999998,2024,2020,29.426420260095824
315,3:58.09,Dawit Seyaum,ETH,1996-07-27,5,Saint-Denis,2016-08-27,238.09,2016,2010,20.084873374401095
315,3:58.09+,Laura Muir,GBR,1993-05-09,3,Monaco,2023-07-21,238.09,2023,2020,30.198494182067076
315,3:58.09,Melissa Courtney-Bryant,GBR,1993-08-30,7,Bruxelles,2023-09-08,238.09,2023,2020,30.023271731690624
315,3:58.09,Claudia Hollingsworth,AUS,2005-04-12,1rA,Melbourne,2026-03-05,238.09,2026,2020,20.895277207392198
320,3:58.1,Doina Melinte,ROU,1956-12-27,1,Bucuresti,1984-06-09,238.1,1984,1980,27.449691991786448
320,3:58.10,Dawit Seyaum,ETH,1996-07-27,2,Eugene,2016-05-28,238.1,2016,2010,19.835728952772072
322,3:58.11,Sintayehu Vissa,ITA,1996-07-29,10s2,Saint-Denis,2024-08-08,238.11,2024,2020,28.027378507871322
322,3:58.11,Georgia Hunter Bell,GBR,1993-10-17,3,Chorzów,2024-08-25,238.11,2024,2020,30.855578370978783
324,3:58.12,Naomi Mugo,KEN,1977-01-02,5,Monaco,1998-08-08,238.12,1998,1990,21.596167008898014
324,3:58.12,Tatyana Tomashova,RUS,1975-07-01,2,Athínai,2004-08-28,238.12,2004,2000,29.16084873374401
324,3:58.12,Sifan Hassan,NED,1993-01-01,1,Hengelo,2023-06-04,238.12,2023,2020,30.420260095824776
324,3:58.12,Sintayehu Vissa,ITA,1996-07-29,6,Roma,2024-08-30,238.12,2024,2020,28.087611225188226
328,3:58.13,Katie Snowden,GBR,1994-03-09,9,Paris,2024-07-07,238.13,2024,2020,30.32991101984942
328,3:58.13,Emily MacKay,USA,1998-04-30,3,Xiamen,2026-05-23,238.13,2026,2020,28.06297056810404
330,3:58.14,Gudaf Tsegay,ETH,1997-06-23,1,Zagreb,2025-05-24,238.14,2025,2020,27.917864476386036
331,3:58.15,Worknesh Mesele,ETH,2001-06-10,7,Roma,2024-08-30,238.15,2024,2020,23.222450376454482
331,3:58.15,Nadia Battocletti,ITA,2000-04-12,1,Rovereto,2025-06-02,238.15,2025,2020,25.138945927446954
333,3:58.17,Nadezhda Ralldugina,RUS,1957-11-15,5r1,Kyiv,1982-07-27,238.17000000000002,1982,1980,24.695414099931554
334,3:58.18,Liu Dong,CHN,1973-12-24,9,Shanghai,1997-10-18,238.18,1997,1990,23.81656399726215
334,3:58.18,Laura Muir,GBR,1993-05-09,2,Lausanne,2018-07-05,238.18,2018,2010,25.155373032169745
334,3:58.18,Freweyni Hailu,ETH,2001-02-12,2,Rabat,2022-06-05,238.18,2022,2020,21.308692676249144
334,3:58.18,Gudaf Tsegay,ETH,1997-06-23,2,Chorzów,2022-08-06,238.18,2022,2020,25.11978097193703
334,3:58.18,Freweyni Hailu,ETH,2001-02-12,5,Xiamen,2024-04-20,238.18,2024,2020,23.184120465434635
339,3:58.19,Jennifer Simpson,USA,1986-08-23,6,Saint-Denis,2016-08-27,238.19,2016,2010,30.012320328542096
340,3:58.2,Natalia Marasescu,ROU,1952-10-03,1,Bucuresti,1979-07-13,238.2,1979,1970,26.77344284736482
340,3:58.2,Natalia Marasescu,ROU,1952-10-03,2,Athínai,1979-08-11,238.2,1979,1970,26.85284052019165
340,3:58.20,Anita Weyermann,SUI,1977-12-08,6,Monaco,1998-08-08,238.2,1998,1990,20.6652977412731
340,3:58.20,Winny Chebet,KEN,1990-12-20,7,Ad-Dawhah,2019-10-05,238.2,2019,2010,28.791238877481177
344,3:58.22,Yin Lili,CHN,1979-11-11,3h1,Shanghai,1997-10-17,238.22,1997,1990,17.932922655715263
344,3:58.22+,Jessica Hull,AUS,1996-10-22,4,Monaco,2023-07-21,238.22,2023,2020,26.743326488706366
344,3:58.22,Melissa Courtney-Bryant,GBR,1993-08-30,4,Xiamen,2023-09-02,238.22,2023,2020,30.00684462696783
347,3:58.24,Laura Muir,GBR,1993-05-09,1,Chorzów,2020-09-06,238.24,2020,2020,27.329226557152634
348,3:58.25,Laura Muir,GBR,1993-05-09,1,London,2019-07-20,238.25,2019,2010,26.195756331279945
348,3:58.25,Georgia Griffith,AUS,1996-12-05,1,Budapest,2025-08-12,238.25,2025,2020,28.684462696783026
348,3:58.25,Freweyni Hailu,ETH,2001-02-12,1,Rabat,2026-05-31,238.25,2026,2020,25.295003422313485
351,3:58.26,Doina Melinte,ROU,1956-12-27,1,Bucuresti,1984-07-12,238.26,1984,1980,27.540041067761805
352,3:58.28,Elvan Abeylegesse,TUR,1982-09-11,1,Moskva,2004-05-30,238.28,2004,2000,21.71663244353183
352,3:58.28,Jennifer Simpson,USA,1986-08-23,4,Eugene,2014-05-31,238.28,2014,2010,27.770020533880903
352,3:58.28,Gabriela DeBues-Stafford,CAN,1995-09-13,3s1,Tokyo,2021-08-04,238.28,2021,2020,25.89185489390828
352,3:58.28+,Ciara Mageean,IRL,1992-03-12,5,Monaco,2023-07-21,238.28,2023,2020,31.356605065023956
356,3:58.29,Maricica Puica,ROU,1950-07-29,2,Budapest,1981-07-29,238.29,1981,1980,31.000684462696782
356,3:58.29,Violeta Szekely,ROU,1965-03-26,1,Monaco,2000-08-18,238.29,2000,2000,35.397672826830934
356,3:58.29,Agathe Guillemot,FRA,1999-07-11,5,Bruxelles,2025-08-22,238.29,2025,2020,26.116358658453116
359,3:58.3,Yekaterina Podkopayeva,RUS,1952-06-11,1,Moskva,1980-06-12,238.3,1980,1980,28.00273785078713
360,3:58.31,Heather MacLean,USA,1995-08-31,7,Eugene,2024-06-30,238.31,2024,2020,28.83230663928816
361,3:58.33,Faith Kipyegon,KEN,1994-01-10,1,Zürich,2021-09-09,238.32999999999998,2021,2020,27.66324435318275
361,3:58.33,Sintayehu Vissa,ITA,1996-07-29,1,Zagreb,2024-09-08,238.32999999999998,2024,2020,28.112251882272417
363,3:58.36,Elinor St. Pierre,USA,1995-02-20,1rA,Walnut,2021-05-09,238.36,2021,2020,26.21492128678987
363,3:58.36,Jessica Hull,AUS,1996-10-22,1,Philadelphia,2025-05-31,238.36,2025,2020,28.605065023956193
365,3:58.37,Tatyana Providokhina,RUS,1953-03-26,1,Podolsk,1982-08-22,238.37,1982,1980,29.4072553045859
366,3:58.38,Suzy Favor Hamilton,USA,1968-08-08,7,Monaco,1998-08-08,238.38,1998,1990,29.998631074606433
367,3:58.39,Maria Cioncan,ROU,1977-06-19,3,Athínai,2004-08-28,238.39,2004,2000,27.19233401779603
367,3:58.39,Sifan Hassan,NED,1993-01-01,3,Lausanne,2018-07-05,238.39,2018,2010,25.505817932922657
369,3:58.40,Ravilya Agletdinova,BLR,1960-02-10,1,Moskva,1985-08-18,238.4,1985,1980,25.519507186858316
369,3:58.40,Georgia Griffith,AUS,1996-12-05,6,Bruxelles,2024-09-14,238.4,2024,2020,27.77549623545517
371,3:58.42,Svetlana Masterkova,RUS,1968-01-17,1,Roma,1998-07-14,238.42000000000002,1998,1990,30.48870636550308
371,3:58.42,Jennifer Simpson,USA,1986-08-23,8,Ad-Dawhah,2019-10-05,238.42000000000002,2019,2010,33.1170431211499
371,3:58.42,Sarah Healy,IRL,2001-02-13,8,Roma,2024-08-30,238.42000000000002,2024,2020,23.54277891854894
374,3:58.43,Kutre Dulecha,ETH,1978-08-22,8,Monaco,1998-08-08,238.43,1998,1990,19.96167008898015
374,3:58.43,Süreyya Ayhan-Kop,TUR,1978-09-06,1,Berlin,2002-09-06,238.43,2002,2000,24.0
374,3:58.43,Sifan Hassan,NED,1993-01-01,3,Zürich,2016-09-01,238.43,2016,2010,23.665982203969882
377,3:58.44,Worknesh Mesele,ETH,2001-06-10,2,Rabat,2025-05-25,238.44,2025,2020,23.956194387405887
377,3:58.44,Agathe Guillemot,FRA,1999-07-11,7,Paris,2025-06-20,238.44,2025,2020,25.94387405886379
379,3:58.46A,Nelly Chepchirchir,KEN,2003-06-04,2,Nairobi,2024-06-15,238.46,2024,2020,21.032169746748803
380,3:58.49,Laura Muir,GBR,1993-05-09,1,Bruxelles,2018-08-31,238.49,2018,2010,25.311430527036276
381,3:58.5,Zamira Zaytseva,UZB,1953-02-16,2,Moskva,1980-06-12,238.5,1980,1980,27.318275154004105
382,3:58.52,Tatyana Tomashova,RUS,1975-07-01,1,Saint-Denis,2003-08-31,238.52,2003,2000,28.16700889801506
383,3:58.53,Laura Muir,GBR,1993-05-09,2,Stockholm,2018-06-10,238.53,2018,2010,25.086926762491444
384,3:58.54,Jennifer Simpson,USA,1986-08-23,4,Zürich,2016-09-01,238.54,2016,2010,30.026009582477755
384,3:58.54,Marta Pérez,ESP,1993-04-19,9,Tokyo,2025-09-16,238.54,2025,2020,32.41067761806981
384,3:58.54,Emily MacKay,USA,1998-04-30,7,Shaoxing,2026-05-16,238.54,2026,2020,28.043805612594113
387,3:58.55,Sifan Hassan,NED,1993-01-01,2,Zürich,2021-09-09,238.55,2021,2020,28.687200547570157
388,3:58.56,Tatyana Dorovskikh,UKR,1961-08-12,1,Roma,1987-09-05,238.56,1987,1980,26.064339493497606
389,3:58.57,Faith Kipyegon,KEN,1994-01-10,1,Ad-Dawhah,2023-05-05,238.57,2023,2020,29.31416837782341
390,3:58.58,Helen Obiri,KEN,1989-12-13,1,Eugene,2013-06-01,238.57999999999998,2013,2010,23.46611909650924
390,3:58.58,Laura Muir,GBR,1993-05-09,6,Budapest,2023-08-22,238.57999999999998,2023,2020,30.286105407255306
392,3:58.59,Abeba Aregawi,ETH,1990-07-05,1,Saint-Denis,2012-07-06,238.59,2012,2010,22.0041067761807
392,3:58.59,Freweyni Hailu,ETH,2001-02-12,1,Bydgoszcz,2024-06-20,238.59,2024,2020,23.351129363449694
392,3:58.59,Birke Haylom,ETH,2006-01-06,1,Moskva,2026-06-05,238.59,2026,2020,20.410677618069816
395,3:58.60,Olga Dvirna,RUS,1953-02-11,1,Moskva,1981-08-07,238.6,1981,1980,28.484599589322382
395,3:58.60,Yelena Soboleva,RUS,1982-10-03,1,Lausanne,2006-07-11,238.6,2006,2000,23.770020533880903
397,3:58.62,Gabriela DeBues-Stafford,CAN,1995-09-13,3,Eugene,2022-05-28,238.62,2022,2020,26.704996577686515
398,3:58.63,Dawit Seyaum,ETH,1996-07-27,5,Zürich,2016-09-01,238.63,2016,2010,20.098562628336754
398,3:58.63,Susan Ejore-Sanders,KEN,1995-11-09,3,Westwood,2024-05-18,238.63,2024,2020,28.522929500342233
398,3:58.63,Georgia Hunter Bell,GBR,1993-10-17,1,Roma,2026-06-04,238.63,2026,2020,32.629705681040384
401,3:58.64,Wang Renmei,CHN,1970-07-05,4,Beijing,1993-09-11,238.64,1993,1990,23.186858316221766
401,3:58.64,Faith Kipyegon,KEN,1994-01-10,1s1,Saint-Denis,2024-08-08,238.64,2024,2020,30.576317590691307
403,3:58.65,Gabriella Dorio,ITA,1957-06-27,2,Tirrenia,1982-08-25,238.65,1982,1980,25.16084873374401
403,3:58.65,Jemma Reekie,GBR,1998-03-06,7,Chorzów,2023-07-16,238.65,2023,2020,25.360711841204655
403,3:58.65,Susan Ejore-Sanders,KEN,1995-11-09,8,Paris,2025-06-20,238.65,2025,2020,29.61259411362081
406,3:58.66,Laura Muir,GBR,1993-05-09,5,Monaco,2015-07-17,238.66,2015,2010,22.187542778918548
407,3:58.67,Hildegard Körner,GDR,1959-12-20,2,Roma,1987-09-05,238.67000000000002,1987,1980,27.709787816564
408,3:58.68,Yuliya Chizhenko,RUS,1979-08-30,1r3,Tula,2005-07-13,238.68,2005,2000,25.869952087611225
408,3:58.68,Revee Walcott-Nolan,GBR,1995-03-06,9,Roma,2024-08-30,238.68,2024,2020,29.48665297741273
410,3:58.69,Doina Melinte,ROU,1956-12-27,1,Villeneuve d'Ascq,1990-06-29,238.69,1990,1990,33.503080082135526
410,3:58.69,Ciara Mageean,IRL,1992-03-12,10,Paris,2024-07-07,238.69,2024,2020,32.32032854209446
412,3:58.70,Zamira Zaytseva,UZB,1953-02-16,2,Moskva,1981-08-07,238.7,1981,1980,28.470910335386723
412,3:58.70,Ravilya Agletdinova,BLR,1960-02-10,2,Praha,1984-08-18,238.7,1984,1980,24.520191649555098
412,3:58.70,Linden Hall,AUS,1991-06-20,2,Rovereto,2025-06-02,238.7,2025,2020,33.95208761122519
415,3:58.71,Natalia Marasescu,ROU,1952-10-03,1,Moskva,1979-07-29,238.71,1979,1970,26.817248459958932
415,3:58.71,Lyubov Kremlyova,RUS,1961-12-21,1,Zürich,1992-08-19,238.71,1992,1990,30.661190965092402
417,3:58.72,Maryam Yusuf Jamal,BRN,1984-09-16,1,Athínai,2009-07-13,238.72,2009,2000,24.82135523613963
417,3:58.72,Abeba Aregawi,SWE,1990-07-05,1,Shanghai,2014-05-18,238.72,2014,2010,23.86858316221766
419,3:58.74,Yan Wei,CHN,1973-10-04,4h1,Shanghai,1997-10-17,238.74,1997,1990,24.035592060232716
419,3:58.74,Patrícia Silva,POR,1999-12-09,7,Paris,2026-06-28,238.74,2026,2020,26.55167693360712
421,3:58.75,Maryam Yusuf Jamal,BRN,1984-09-16,1,Osaka,2007-09-02,238.75,2007,2000,22.9596167008898
422,3:58.76,Svetlana Ulmasova,UZB,1953-02-04,2,Podolsk,1982-08-22,238.76,1982,1980,29.544147843942504
422,3:58.76,Heather MacLean,USA,1995-08-31,5,Bruxelles,2022-09-02,238.76,2022,2020,27.006160164271048
424,3:58.77,Adelle Tracey,JAM,1993-05-27,7s2,Budapest,2023-08-20,238.77,2023,2020,30.23134839151266
425,3:58.78,Gabriela Szabo,ROU,1975-11-14,1,Zürich,2002-08-16,238.78,2002,2000,26.754277891854894
426,3:58.79,Süreyya Ayhan-Kop,TUR,1978-09-06,1,München,2002-08-11,238.79,2002,2000,23.928815879534564
426,3:58.79,Gelete Burka,ETH,1986-01-23,1,Hengelo,2009-06-01,238.79,2009,2000,23.353867214236825
428,3:58.80,Paula Ivan,ROU,1963-07-20,1,Verona,1988-07-27,238.8,1988,1980,25.021218343600275
428,3:58.80,Axumawit Embaye,ETH,1994-10-18,3,Rabat,2022-06-05,238.8,2022,2020,27.630390143737166
430,3:58.81,Gabriela Szabo,ROU,1975-11-14,2,München,2002-08-11,238.81,2002,2000,26.740588637919235
430,3:58.81,Jessica Hull,AUS,1996-10-22,4s1,Tokyo,2021-08-04,238.81,2021,2020,24.78302532511978
430,3:58.81,Sarah Billings,AUS,1998-03-07,8,Shaoxing,2026-05-16,238.81,2026,2020,28.191649555099247
433,3:58.82,Zamira Zaytseva,UZB,1953-02-16,2,Athínai,1982-09-11,238.82,1982,1980,29.56605065023956
434,3:58.83,Maryam Yusuf Jamal,BRN,1984-09-16,1,Monaco,2009-07-28,238.82999999999998,2009,2000,24.862422997946613
435,3:58.84,Rababe Arafi,MAR,1991-01-12,4,Rabat,2019-06-16,238.84,2019,2010,28.424366872005475
435,3:58.84,Gudaf Tsegay,ETH,1997-06-23,1h1,Saint-Denis,2024-08-06,238.84,2024,2020,27.121149897330596
435,3:58.84,Linden Hall,AUS,1991-06-20,10,Roma,2024-08-30,238.84,2024,2020,33.19644079397673
435,3:58.84,Claudia Hollingsworth,AUS,2005-04-12,9,Shaoxing,2026-05-16,238.84,2026,2020,21.09240246406571
439,3:58.85,Sonia O'Sullivan,IRL,1969-11-28,1,Monaco,1995-07-25,238.85,1995,1990,25.65366187542779
439,3:58.85,Sinclaire Johnson,USA,1998-04-13,4,Eugene,2022-05-28,238.85,2022,2020,24.123203285420946
441,3:58.88+,Helen Obiri,KEN,1989-12-13,2,London,2018-07-22,238.88,2018,2010,28.605065023956193
441,3:58.88+,Elise Cranny,USA,1996-05-09,6,Monaco,2023-07-21,238.88,2023,2020,27.197809719370294
441,3:58.88,Laura Muir,GBR,1993-05-09,2,Stockholm,2024-06-02,238.88,2024,2020,31.066392881587955
444,3:58.89,Tamara Sorokina,RUS,1950-08-15,1,Leningrad,1981-07-26,238.89,1981,1980,30.94592744695414
444,3:58.89,Helen Obiri,KEN,1989-12-13,3,Saint-Denis,2014-07-05,238.89,2014,2010,24.55852156057495
444,3:58.89,Heather MacLean,USA,1995-08-31,2,Monaco,2022-08-10,238.89,2022,2020,26.94318959616701
447,3:58.9,Tatyana Pozdnyakova,UKR,1956-03-04,1,Ryazan,1984-08-12,238.9,1984,1980,28.44079397672827
448,3:58.91,Laura Muir,GBR,1993-05-09,2h1,Saint-Denis,2024-08-06,238.91,2024,2020,31.24435318275154
448,3:58.91,Dorcus Ewoi,KEN,1996-10-02,4,Xiamen,2026-05-23,238.91,2026,2020,29.637234770704996
450,3:58.92,Mary Slaney,USA,1958-08-04,1,Indianapolis,1988-07-23,238.92000000000002,1988,1980,29.968514715947983
450,3:58.92,Konstanze Klosterhalfen,GER,1997-02-18,1,Berlin,2017-08-27,238.92000000000002,2017,2010,20.520191649555098
452,3:58.93,Maryam Yusuf Jamal,BRN,1984-09-16,1,Rieti,2010-08-29,238.93,2010,2010,25.949349760438057
452,3:58.93,Diribe Welteji,ETH,2002-05-13,2,Hengelo,2021-06-08,238.93,2021,2020,19.071868583162217
452,3:58.93,Gabriela DeBues-Stafford,CAN,1995-09-13,5,Tokyo,2021-08-06,238.93,2021,2020,25.897330595482547
455,3:58.94,Tatyana Kazankina,RUS,1951-12-17,1,Roma,1980-08-05,238.94,1980,1980,28.635181382614647
455,3:58.94,Shelby Houlihan,USA,1993-02-08,2,Bruxelles,2018-08-31,238.94,2018,2010,25.557837097878167
457,3:58.95,Svetlana Masterkova,RUS,1968-01-17,1,Bruxelles,1998-08-28,238.95,1998,1990,30.611909650924023
457,3:58.95,Georgia Hunter Bell,GBR,1993-10-17,7,Bruxelles,2024-09-14,238.95,2024,2020,30.910335386721425
459,3:58.96,Maryam Yusuf Jamal,BRN,1984-09-16,1,Stockholm,2006-07-25,238.96,2006,2000,21.853524982888434
459,3:58.96,Nelly Chepchirchir,KEN,2003-06-04,2,Hengelo,2023-06-04,238.96,2023,2020,20.0
459,3:58.96,Linden Hall,AUS,1991-06-20,2,Bydgoszcz,2024-06-20,238.96,2024,2020,33.002053388090346
459,3:58.96,Linden Hall,AUS,1991-06-20,10,Shaoxing,2026-05-16,238.96,2026,2020,34.90485968514716
463,3:58.97,Wang Qingfen,CHN,1973-03-27,7h2,Shanghai,1997-10-17,238.97,1997,1990,24.55852156057495
463,3:58.97,Jessica Hull,AUS,1996-10-22,5,Xiamen,2026-05-23,238.97,2026,2020,29.582477754962355
465,3:58.98,Nigist Getachew,ETH,2002-02-28,11,Paris,2024-07-07,238.98,2024,2020,22.354551676933607
466,3:59.0,Natalia Marasescu,ROU,1952-10-03,1,Viareggio,1979-08-08,239.0,1979,1970,26.844626967830255
466,3:59.0,Maryam Yusuf Jamal,BRN,1984-09-16,1,Athínai,2007-07-02,239.0,2007,2000,22.78986995208761
468,3:59.01,Giana Romanova,RUS,1955-03-10,1,Praha,1978-09-03,239.01,1978,1970,23.485284052019164
468,3:59.01,Linden Hall,AUS,1991-06-20,6,Tokyo,2021-08-06,239.01,2021,2020,30.130047912388775
468,3:59.01,Susan Ejore-Sanders,KEN,1995-11-09,3h1,Saint-Denis,2024-08-06,239.01,2024,2020,28.7419575633128
471,3:59.02,Gabriella Dorio,ITA,1957-06-27,3,Athínai,1982-09-11,239.02,1982,1980,25.207392197125255
471,3:59.02,Kutre Dulecha,ETH,1978-08-22,2,Monaco,2000-08-18,239.02,2000,2000,21.99041752224504
471,3:59.02,Axumawit Embaye,ETH,1994-10-18,5,Rabat,2019-06-16,239.02,2019,2010,24.659822039698838
471,3:59.02,Konstanze Klosterhalfen,GER,1997-02-18,2,Zürich,2019-08-29,239.02,2019,2010,22.524298425735797
471,3:59.02,Marta Pérez,ESP,1993-04-19,10,Chorzów,2025-08-16,239.02,2025,2020,32.32580424366872
476,3:59.04,Süreyya Ayhan-Kop,TUR,1978-09-06,2,Saint-Denis,2003-08-31,239.04,2003,2000,24.982888432580424
476,3:59.04,Faith Kipyegon,KEN,1994-01-10,1,Palo Alto,2019-06-30,239.04,2019,2010,25.467488021902806
476,3:59.04,Georgia Griffith,AUS,1996-12-05,6,Xiamen,2024-04-20,239.04,2024,2020,27.37303216974675
479,3:59.05,Natalya Yevdokimova,RUS,1978-03-17,4,Athínai,2004-08-28,239.05,2004,2000,26.45037645448323
479,3:59.05,Tatyana Tomashova,RUS,1975-07-01,3,Rieti,2005-08-28,239.05,2005,2000,30.16016427104723
479,3:59.05,Faith Kipyegon,KEN,1994-01-10,1,Ostrava,2020-09-08,239.05,2020,2020,26.661190965092402
482,3:59.06,Shelby Houlihan,USA,1993-02-08,1,Eugene,2018-05-26,239.06,2018,2010,25.29226557152635
482,3:59.06,Elise Cranny,USA,1996-05-09,3,Monaco,2022-08-10,239.06,2022,2020,26.253251197809718
482,3:59.06,Habitam Alemu,ETH,1997-07-09,7,Xiamen,2024-04-20,239.06,2024,2020,26.781656399726216
482,3:59.06,Sarah Madeleiene,FRA,1998-09-20,9,Paris,2025-06-20,239.06,2025,2020,26.748802190280628
486,3:59.07,Gudaf Tsegay,ETH,1997-06-23,4,Lausanne,2018-07-05,239.07,2018,2010,21.032169746748803
487,3:59.08,Agathe Guillemot,FRA,1999-07-11,9,Saint-Denis,2024-08-10,239.07999999999998,2024,2020,25.084188911704313
488,3:59.09+,Gudaf Tsegay,ETH,1997-06-23,3,London,2018-07-22,239.09,2018,2010,21.078713210130047
489,3:59.10,Ravilya Agletdinova,BLR,1960-02-10,1r1,Leningrad,1985-08-02,239.1,1985,1980,25.475701574264203
489,3:59.10,Sonia O'Sullivan,IRL,1969-11-28,1,Nice,1994-07-18,239.1,1994,1990,24.635181382614647
489,3:59.10,Suzy Favor Hamilton,USA,1968-08-08,2,Zürich,2002-08-16,239.1,2002,2000,34.02053388090349
489,3:59.10,Daniela Yordanova,BUL,1976-03-08,5,Athínai,2004-08-28,239.1,2004,2000,28.473648186173854
493,3:59.12,Tatyana Kazankina,RUS,1951-12-17,1h1,Moskva,1980-07-30,239.12,1980,1980,28.618754277891856
493,3:59.12,Nouria Mérah-Benida,ALG,1970-10-19,3,Monaco,2000-08-18,239.12,2000,2000,29.831622176591377
493,3:59.12+,Sifan Hassan,NED,1993-01-01,1,Bruxelles,2015-09-11,239.12,2015,2010,22.691307323750856
496,3:59.13,Maryam Yusuf Jamal,BRN,1984-09-16,1,Athínai,2005-06-14,239.13,2005,2000,20.7419575633128
496,3:59.13,Marta Pérez,ESP,1993-04-19,6,Bruxelles,2025-08-22,239.13,2025,2020,32.342231348391515
498,3:59.14,Sarah Healy,IRL,2001-02-13,10,Tokyo,2025-09-16,239.14,2025,2020,24.588637919233403
499,3:59.15,Maryam Yusuf Jamal,BRN,1984-09-16,1,Zürich,2009-08-28,239.15,2009,2000,24.947296372347708
499,3:59.15,Rababe Arafi,MAR,1991-01-12,5,Lausanne,2018-07-05,239.15,2018,2010,27.477070499657767
501,3:59.16,Natalya Artyomova,RUS,1963-01-05,1,Zürich,1991-08-07,239.16,1991,1990,28.58590006844627
501,3:59.16,Winny Chebet,KEN,1990-12-20,2,Roma,2017-06-08,239.16,2017,2010,26.466803559206024
501,3:59.16+,Marta Zenoni,ITA,1999-03-09,3,London,2025-07-19,239.16,2025,2020,26.362765229295004
504,3:59.17,Paula Ivan,ROU,1963-07-20,1,Bruxelles,1988-08-19,239.17000000000002,1988,1980,25.084188911704313
504,3:59.17,Addison Wiley,USA,2003-10-24,8,Bruxelles,2023-09-08,239.17000000000002,2023,2020,19.874058863791923
504,3:59.17,Laura Muir,GBR,1993-05-09,3,Stockholm,2024-06-02,239.17000000000002,2024,2020,31.066392881587955
504,3:59.17,Sarah Healy,IRL,2001-02-13,1,Roma,2025-06-06,239.17000000000002,2025,2020,24.309377138945926
508,3:59.19,Mary Slaney,USA,1958-08-04,1,Eugene,1984-06-04,239.19,1984,1980,25.83436002737851
508,3:59.19,Nozomi Tanaka,JPN,1999-09-04,5s1,Tokyo,2021-08-04,239.19,2021,2020,21.916495550992472
508,3:59.19,Diribe Welteji,ETH,2002-05-13,1rA,Ostrava,2022-05-31,239.19,2022,2020,20.04928131416838
508,3:59.19,Sinclaire Johnson,USA,1998-04-13,9,Bruxelles,2023-09-08,239.19,2023,2020,25.404517453798768
508,3:59.19,Nadia Battocletti,ITA,2000-04-12,11,Roma,2024-08-30,239.19,2024,2020,24.383299110198493
508,3:59.19,Birke Haylom,ETH,2006-01-06,2,Zagreb,2025-05-24,239.19,2025,2020,19.378507871321013
514,3:59.21,Faith Kipyegon,KEN,1994-01-10,4,Saint-Denis,2014-07-05,239.21,2014,2010,20.48186173853525
514,3:59.21,Saron Berhe,ETH,2007-08-22,8,Xiamen,2024-04-20,239.21,2024,2020,16.66255989048597
516,3:59.22,Lidia Chojecka,POL,1977-01-25,2,Oslo,2000-07-28,239.22,2000,2000,23.50444900752909
516,3:59.22,Faith Kipyegon,KEN,1994-01-10,1,Shanghai,2017-05-13,239.22,2017,2010,23.33744010951403
516,3:59.22,Georgia Griffith,AUS,1996-12-05,4h1,Saint-Denis,2024-08-06,239.22,2024,2020,27.668720054757017
516,3:59.22,Agathe Guillemot,FRA,1999-07-11,5h1,Saint-Denis,2024-08-06,239.22,2024,2020,25.073237508555785
516,3:59.22,Marta Pérez,ESP,1993-04-19,2,Budapest,2025-08-12,239.22,2025,2020,32.31485284052019
521,3:59.23+,Paula Ivan,ROU,1963-07-20,1,Nice,1989-07-10,239.23,1989,1980,25.973990417522245
521,3:59.23,Abeba Aregawi,ETH,1990-07-05,2,Shanghai,2012-05-19,239.23,2012,2010,21.872689938398356
523,3:59.24,Tamara Sorokina,RUS,1950-08-15,3,Podolsk,1982-08-22,239.24,1982,1980,32.01916495550992
523,3:59.24,Sarah Billings,AUS,1998-03-07,2,Roma,2025-06-06,239.24,2025,2020,27.249828884325805
523,3:59.24,Klaudia Kazimierska,POL,2001-09-03,2,Roma,2026-06-04,239.24,2026,2020,24.750171115674195
526,3:59.25,Doina Melinte,ROU,1956-12-27,1,Pitesti,1986-06-28,239.25,1986,1980,29.50034223134839
526,3:59.25,Gabriela Szabo,ROU,1975-11-14,2,Roma,1998-07-14,239.25,1998,1990,22.663928815879533
526,3:59.25,Viola Kibiwott,KEN,1985-12-22,2,Saint-Denis,2012-07-06,239.25,2012,2010,26.537987679671456
526,3:59.25,Dorcus Ewoi,KEN,1996-10-02,3,Rabat,2025-05-25,239.25,2025,2020,28.643394934976044
530,3:59.26,Dominique Hiltz,USA,1994-10-23,3,Roma,2026-06-04,239.26,2026,2020,31.613963039014372
530,3:59.26,Emily MacKay,USA,1998-04-30,1,Los Angeles,2026-06-14,239.26,2026,2020,28.123203285420946
532,3:59.27,Doina Melinte,ROU,1956-12-27,3,Roma,1987-09-05,239.27,1987,1980,30.688569472963724
532,3:59.27,Lidia Chojecka,POL,1977-01-25,6,Athínai,2004-08-28,239.27,2004,2000,27.589322381930184
532,3:59.27,Birke Haylom,ETH,2006-01-06,8,Bruxelles,2024-09-14,239.27,2024,2020,18.688569472963724
532,3:59.27+,Sarah Healy,IRL,2001-02-13,4,London,2025-07-19,239.27,2025,2020,24.427104722792606
536,3:59.28,Natalya Artyomova,RUS,1963-01-05,2r1,Leningrad,1985-08-02,239.28,1985,1980,22.573579739904176
536,3:59.28,Gelete Burka,ETH,1986-01-23,1,Lausanne,2010-07-08,239.28,2010,2010,24.45448323066393
536,3:59.28,Haregeweyn Kalayu,ETH,2009-05-29,2,Rabat,2026-05-31,239.28,2026,2020,17.00479123887748
539,3:59.3,Tamara Sorokina,RUS,1950-08-15,3,Moskva,1980-06-12,239.3,1980,1980,29.82614647501711
539,3:59.3,Maricica Puica,ROU,1950-07-29,6,Moskva,1980-07-06,239.3,1980,1980,29.93839835728953
539,3:59.30,Svetlana Masterkova,RUS,1968-01-17,1,Sankt Peterburg,1996-07-04,239.3,1996,1990,28.462696783025326
539,3:59.30,Konstanze Klosterhalfen,GER,1997-02-18,3,Roma,2017-06-08,239.3,2017,2010,20.301163586584533
539,3:59.30,Laura Muir,GBR,1993-05-09,2,Eugene,2018-05-26,239.3,2018,2010,25.045859000684462
544,3:59.31,Olga Dvirna,RUS,1953-02-11,1,Cottbus,1982-06-26,239.31,1982,1980,29.36892539356605
544,3:59.31,Maricica Puica,ROU,1950-07-29,4,Athínai,1982-09-11,239.31,1982,1980,32.120465434633815
544,3:59.31,Ravilya Agletdinova,BLR,1960-02-10,1,Birmingham,1983-06-05,239.31,1983,1980,23.315537303216974
544,3:59.31,Violeta Szekely,ROU,1965-03-26,1,Zürich,1999-08-11,239.31,1999,1990,34.37645448323067
544,3:59.31,Jennifer Simpson,USA,1986-08-23,1,Roma,2015-06-04,239.31,2015,2010,28.78028747433265
544,3:59.31,Jessica Hull,AUS,1996-10-22,5,Eugene,2022-05-28,239.31,2022,2020,25.596167008898014
550,3:59.32+,Faith Kipyegon,KEN,1994-01-10,2,Bruxelles,2015-09-11,239.32,2015,2010,21.66735112936345
550,3:59.32,Abbey Caldwell,AUS,2001-07-03,3,Roma,2025-06-06,239.32,2025,2020,23.926078028747433
550,3:59.32,Salomé Afonso,POR,1997-11-19,10,Paris,2025-06-20,239.32,2025,2020,27.583846680355922
553,3:59.33,Tigist Girma,ETH,2002-11-07,3,Ostrava,2023-06-27,239.32999999999998,2023,2020,20.635181382614647
554,3:59.34,Liu Li,CHN,1971-03-12,5,Beijing,1993-09-11,239.34,1993,1990,22.50239561943874
554,3:59.34,Violeta Szekely,ROU,1965-03-26,3,Oslo,2000-07-28,239.34,2000,2000,35.34017796030116
554,3:59.34,Helen Obiri,KEN,1989-12-13,2,Shanghai,2016-05-14,239.34,2016,2010,26.417522245037645
554,3:59.34,Diribe Welteji,ETH,2002-05-13,2,Ad-Dawhah,2023-05-05,239.34,2023,2020,20.97741273100616
558,3:59.35,Violeta Szekely,ROU,1965-03-26,1,Monaco,1993-08-07,239.35,1993,1990,28.366872005475702
558,3:59.35,Violeta Szekely,ROU,1965-03-26,1,Monaco,2001-07-20,239.35,2001,2000,36.31759069130732
558,3:59.35,Maryam Yusuf Jamal,BRN,1984-09-16,1,Monaco,2005-09-09,239.35,2005,2000,20.980150581793293
558,3:59.35,Ibtissam Lakhouad,MAR,1980-12-07,2,Lausanne,2010-07-08,239.35,2010,2010,29.582477754962355
558,3:59.35,Heather MacLean,USA,1995-08-31,3,Budapest,2025-08-12,239.35,2025,2020,29.949349760438057
563,3:59.37,Daniela Yordanova,BUL,1976-03-08,3,Göteborg,2006-08-13,239.37,2006,2000,30.431211498973305
563,3:59.37,Jennifer Simpson,USA,1986-08-23,3,Eugene,2018-05-26,239.37,2018,2010,31.756331279945243
565,3:59.38,Qu Yunxia,CHN,1972-12-25,1h1,Beijing,1993-09-10,239.38,1993,1990,20.709103353867214
565,3:59.38,Anna Willard,USA,1984-03-31,2,Zürich,2009-08-28,239.38,2009,2000,25.409993155373034
565,3:59.38,Sifan Hassan,NED,1993-01-01,5,Eugene,2014-05-31,239.38,2014,2010,21.409993155373034
568,3:59.39,Katie Snowden,GBR,1994-03-09,2,Zagreb,2024-09-08,239.39,2024,2020,30.50239561943874
569,3:59.40,Suzy Favor Hamilton,USA,1968-08-08,2,Berlin,2002-09-06,239.4,2002,2000,34.078028747433265
569,3:59.40,Marta García,ESP,1998-01-01,4,Budapest,2025-08-12,239.4,2025,2020,27.61122518822724
571,3:59.41,Sifan Hassan,NED,1993-01-01,3,Bruxelles,2018-08-31,239.41,2018,2010,25.661875427789184
572,3:59.42+,Melissa Courtney-Bryant,GBR,1993-08-30,7,Monaco,2023-07-21,239.42000000000002,2023,2020,29.88911704312115
572,3:59.42,Jemma Reekie,GBR,1998-03-06,11,Paris,2025-06-20,239.42000000000002,2025,2020,27.290896646132786
574,3:59.43,Mary Slaney,USA,1958-08-04,2,Zürich,1980-08-13,239.43,1980,1980,22.026009582477755
574,3:59.43,Suzy Favor Hamilton,USA,1968-08-08,1,Rieti,2002-09-08,239.43,2002,2000,34.08350444900753
574,3:59.43,Hirut Meshesha,ETH,2001-01-20,2,Chorzów,2021-06-20,239.43,2021,2020,20.413415468856947
574,3:59.43,Heather MacLean,USA,1995-08-31,5,Zürich,2025-08-28,239.43,2025,2020,29.99315537303217
578,3:59.45,Tatyana Dorovskikh,UKR,1961-08-12,1,Kyiv,1986-07-17,239.45,1986,1980,24.928131416837783
578,3:59.45,Esther Guerrero,ESP,1990-02-07,7,Bruxelles,2025-08-22,239.45,2025,2020,35.53730321697468
580,3:59.47,Olga Yegorova,RUS,1972-03-28,1,Kazan,2005-06-25,239.47,2005,2000,33.242984257357975
580,3:59.47,Besu Sado,ETH,1996-01-12,6,Zürich,2016-09-01,239.47,2016,2010,20.637919233401778
580,3:59.47,Laura Muir,GBR,1993-05-09,2,Palo Alto,2019-06-30,239.47,2019,2010,26.140999315537304
583,3:59.48,Nadezhda Olizarenko,UKR,1953-11-28,2h1,Moskva,1980-07-30,239.48,1980,1980,26.6694045174538
583,3:59.48,Yelena Sipatova,RUS,1955-06-07,4,Podolsk,1982-08-22,239.48,1982,1980,27.208761122518823
583,3:59.48,Wang Chunmei,CHN,1976-04-10,5h1,Shanghai,1997-10-17,239.48,1997,1990,21.519507186858316
583,3:59.48,Diribe Welteji,ETH,2002-05-13,1,Montreuil,2022-06-02,239.48,2022,2020,20.05475701574264
583,3:59.48+,Sinclaire Johnson,USA,1998-04-13,5,London,2025-07-19,239.48,2025,2020,27.266255989048595
583,3:59.48,Susan Ejore-Sanders,KEN,1995-11-09,6,Zürich,2025-08-28,239.48,2025,2020,29.801505817932924
589,3:59.49,Shannon Rowbury,USA,1984-09-19,5,Saint-Denis,2014-07-05,239.49,2014,2010,29.790554414784395
589,3:59.49+,Birke Haylom,ETH,2006-01-06,1,Oslo,2023-06-15,239.49,2023,2020,17.437371663244353
589,3:59.49,Georgia Hunter Bell,GBR,1993-10-17,2s1,Saint-Denis,2024-08-08,239.49,2024,2020,30.809034907597535
589,3:59.49,Gaia Sabbatini,ITA,1999-06-10,5,Budapest,2025-08-12,239.49,2025,2020,26.17385352498289
593,3:59.5,Tatyana Kazankina,RUS,1951-12-17,1r1,Sochi,1980-05-23,239.5,1980,1980,28.432580424366872
593,3:59.50,Lisa Dobriskey,GBR,1983-12-23,3,Zürich,2009-08-28,239.5,2009,2000,25.68104038329911
595,3:59.51,Natalia Rodríguez,ESP,1979-06-02,4,Rieti,2005-08-28,239.51,2005,2000,26.239561943874058
595,3:59.51,Rababe Arafi,MAR,1991-01-12,4,Eugene,2018-05-26,239.51,2018,2010,27.367556468172484
597,3:59.52,Nadezhda Olizarenko,UKR,1953-11-28,3,Moskva,1980-08-01,239.52,1980,1980,26.67488021902806
598,3:59.53,Svetlana Masterkova,RUS,1968-01-17,1,Sevilla,1999-08-29,239.53,1999,1990,31.613963039014372
598,3:59.53,Dawit Seyaum,ETH,1996-07-27,1,Marrakesh,2014-06-08,239.53,2014,2010,17.864476386036962
600,3:59.54,Jessica Hull,AUS,1996-10-22,7,Budapest,2023-08-22,239.54,2023,2020,26.830937713894592
601,3:59.55,Gudaf Tsegay,ETH,1997-06-23,3,Paris,2017-07-01,239.55,2017,2010,20.021902806297057
601,3:59.55,Melissa Courtney-Bryant,GBR,1993-08-30,4,Chorzów,2024-08-25,239.55,2024,2020,30.986995208761122
603,3:59.56,Gelete Burka,ETH,1986-01-23,2,Monaco,2009-07-28,239.56,2009,2000,23.509924709103355
603,3:59.56,Winnie Nanyondo,UGA,1993-08-23,6,Rabat,2019-06-16,239.56,2019,2010,25.812457221081452
605,3:59.57,Maricica Puica,ROU,1950-07-29,1,Rieti,1982-09-16,239.57,1982,1980,32.134154688569474
605,3:59.57,Gudaf Tsegay,ETH,1997-06-23,1,Nanjing,2019-05-21,239.57,2019,2010,21.908281998631075
605,3:59.57,Melissa Courtney-Bryant,GBR,1993-08-30,9,Eugene,2023-09-16,239.57,2023,2020,30.04517453798768
608,3:59.58,Süreyya Ayhan-Kop,TUR,1978-09-06,1,Berlin,2003-08-10,239.57999999999998,2003,2000,24.92539356605065
608,3:59.58,Konstanze Klosterhalfen,GER,1997-02-18,1,Erfurt,2017-07-09,239.57999999999998,2017,2010,20.386036960985628
610,3:59.59,Christin Wurth-Thomas,USA,1980-07-11,1,Saint-Denis,2010-07-16,239.59,2010,2010,30.012320328542096
610,3:59.59,Gabriela DeBues-Stafford,CAN,1995-09-13,3,Zürich,2019-08-29,239.59,2019,2010,23.958932238193018
610,3:59.59,Sarah Billings,AUS,1998-03-07,9,Xiamen,2024-04-20,239.59,2024,2020,26.12183436002738
613,3:59.60,Sonia O'Sullivan,IRL,1969-11-28,2,Monaco,1993-08-07,239.6,1993,1990,23.690622861054074
613,3:59.60,Gelete Burka,ETH,1986-01-23,5,Rieti,2005-08-28,239.6,2005,2000,19.59479808350445
613,3:59.60,Gudaf Tsegay,ETH,1997-06-23,1rA,Madrid,2018-06-22,239.6,2018,2010,20.996577686516083
613,3:59.60,Agathe Guillemot,FRA,1999-07-11,3,Rabat,2026-05-31,239.6,2026,2020,26.888432580424368
617,3:59.61,Svetlana Karamasheva,RUS,1988-05-24,1r2,Moskva,2012-06-13,239.61,2012,2010,24.05475701574264
617,3:59.61,Elise Cranny,USA,1996-05-09,6,Bruxelles,2022-09-02,239.61,2022,2020,26.316221765913756
617,3:59.61+,Dominique Hiltz,USA,1994-10-23,8,Monaco,2023-07-21,239.61,2023,2020,28.7419575633128
617,3:59.61+,Abbey Caldwell,AUS,2001-07-03,9,Monaco,2023-07-21,239.61,2023,2020,22.04791238877481
621,3:59.62,Maricica Puica,ROU,1950-07-29,1,Bucuresti,1986-06-14,239.62,1986,1980,35.87679671457906
622,3:59.63,Emily MacKay,USA,1998-04-30,6h1,Saint-Denis,2024-08-06,239.63,2024,2020,26.269678302532512
623,3:59.64,Shelby Houlihan,USA,1993-02-08,3,Palo Alto,2019-06-30,239.64,2019,2010,26.38740588637919
623,3:59.64,Dominique Hiltz,USA,1994-10-23,5,Eugene,2024-05-25,239.64,2024,2020,29.587953456536617
625,3:59.65,Ibtissam Lakhouad,MAR,1980-12-07,3,Saint-Denis,2012-07-06,239.65,2012,2010,31.578370978781656
625,3:59.65,Katie Snowden,GBR,1994-03-09,8,Budapest,2023-08-22,239.65,2023,2020,29.453798767967147
625,3:59.65,Sarah Healy,IRL,2001-02-13,5,Chorzów,2024-08-25,239.65,2024,2020,23.529089664613277
625,3:59.65,Klaudia Kazimierska,POL,2001-09-03,11,Chorzów,2025-08-16,239.65,2025,2020,23.95071868583162
625,3:59.65,Gabriela DeBues-Stafford,CAN,1995-09-13,11,Tokyo,2025-09-16,239.65,2025,2020,30.00958247775496
630,3:59.66,Yuliya Chizhenko,RUS,1979-08-30,6,Rieti,2005-08-28,239.66,2005,2000,25.9958932238193
630,3:59.66,Natalya Yevdokimova,RUS,1978-03-17,1,Cheboksary,2009-07-26,239.66,2009,2000,31.359342915811087
632,3:59.67,Anna Bukis,POL,1953-09-08,3,Budapest,1981-07-29,239.67000000000002,1981,1980,27.887748117727583
632,3:59.67,Violeta Szekely,ROU,1965-03-26,3,Roma,1998-07-14,239.67000000000002,1998,1990,33.30047912388775
632,3:59.67,Faith Kipyegon,KEN,1994-01-10,1,Eugene,2017-05-27,239.67000000000002,2017,2010,23.37577002053388
632,3:59.67,Linden Hall,AUS,1991-06-20,1r1,Melbourne,2021-04-01,239.67000000000002,2021,2020,29.782340862423
636,3:59.68,Helen Obiri,KEN,1989-12-13,2,Roma,2012-05-31,239.68,2012,2010,22.46406570841889
636,3:59.68,Sifan Hassan,NED,1993-01-01,2,Roma,2015-06-04,239.68,2015,2010,22.420260095824776
636,3:59.68,Gudaf Tsegay,ETH,1997-06-23,4,Bruxelles,2018-08-31,239.68,2018,2010,21.188227241615333
636,3:59.68,Elinor St. Pierre,USA,1995-02-20,6,Eugene,2022-05-28,239.68,2022,2020,27.266255989048595
636,3:59.68,Sarah Healy,IRL,2001-02-13,8s2,Budapest,2023-08-20,239.68,2023,2020,22.51334702258727
641,3:59.69,Nozomi Tanaka,JPN,1999-09-04,12,Roma,2024-08-30,239.69,2024,2020,24.98836413415469
642,3:59.7+,Doina Melinte,ROU,1956-12-27,1,Oslo,1990-07-14,239.7,1990,1990,33.544147843942504
642,3:59.70,Zhang Lirong,CHN,1973-03-03,6,Beijing,1993-09-11,239.7,1993,1990,20.525667351129364
642,3:59.70,Natalya Gorelova,RUS,1973-04-18,2,Monaco,2001-07-20,239.7,2001,2000,28.254620123203285
642,3:59.70,Sofia Ennaoui,POL,1995-08-30,2,Chorzów,2020-09-06,239.7,2020,2020,25.021218343600275
642,3:59.70,Nozomi Tanaka,JPN,1999-09-04,11s2,Saint-Denis,2024-08-08,239.7,2024,2020,24.928131416837783
642,3:59.70,Birke Haylom,ETH,2006-01-06,7,Zürich,2025-08-28,239.7,2025,2020,19.641341546885695
648,3:59.71+,Faith Kipyegon,KEN,1994-01-10,1,Oslo,2016-06-09,239.71,2016,2010,22.412046543463383
648,3:59.71,Helen Schlachtenhaufen,USA,1995-03-14,8,Eugene,2024-06-30,239.71,2024,2020,29.297741273100616
648,3:59.71,Heather MacLean,USA,1995-08-31,4,Roma,2025-06-06,239.71,2025,2020,29.765913757700204
651,3:59.72,Josette Andrews,USA,1995-12-15,1,Trabuco Hills,2021-07-18,239.72,2021,2020,25.590691307323752
651,3:59.72,Linden Hall,AUS,1991-06-20,3,Zagreb,2024-09-08,239.72,2024,2020,33.22108145106092
653,3:59.73,Linden Hall,AUS,1991-06-20,2,Eugene,2021-08-21,239.73,2021,2020,30.171115674195757
653,3:59.73,Beatrice Chepkoech,KEN,1991-07-06,4,Westwood,2024-05-18,239.73,2024,2020,32.86789869952088
653,3:59.73,Diribe Welteji,ETH,2002-05-13,1h2,Saint-Denis,2024-08-06,239.73,2024,2020,22.234086242299796
653,3:59.73,Susan Ejore-Sanders,KEN,1995-11-09,5,Roma,2025-06-06,239.73,2025,2020,29.574264202600958
653,3:59.73,Esther Guerrero,ESP,1990-02-07,6,Budapest,2025-08-12,239.73,2025,2020,35.50992470910335
658,3:59.74,Esther Guerrero,ESP,1990-02-07,12,Paris,2024-07-07,239.74,2024,2020,34.41204654346338
658,3:59.74,Elinor St. Pierre,USA,1995-02-20,3s1,Saint-Denis,2024-08-08,239.74,2024,2020,29.464750171115675
658,3:59.74,Gabija Galvydyte,LTU,2000-01-17,11,Shaoxing,2026-05-16,239.74,2026,2020,26.327173169062284
661,3:59.75,Violeta Szekely,ROU,1965-03-26,1,Bruxelles,2001-08-24,239.75,2001,2000,36.41341546885695
661,3:59.75,Melissa Courtney-Bryant,GBR,1993-08-30,9,Bruxelles,2024-09-14,239.75,2024,2020,31.041752224503764
663,3:59.76,Hind Dehiba,FRA,1979-03-17,2,Saint-Denis,2010-07-16,239.76,2010,2010,31.33196440793977
663,3:59.76,Dawit Seyaum,ETH,1996-07-27,3,Roma,2015-06-04,239.76,2015,2010,18.85284052019165
663,3:59.76,Emily MacKay,USA,1998-04-30,6,Eugene,2024-05-25,239.76,2024,2020,26.069815195071868
666,3:59.77,Natalia Marasescu,ROU,1952-10-03,2,Praha,1978-09-03,239.77,1978,1970,25.916495550992472
666,3:59.77A,Nelly Chepchirchir,KEN,2003-06-04,1,Nairobi,2023-07-08,239.77,2023,2020,20.093086926762492
668,3:59.78,Yekaterina Podkopayeva,RUS,1952-06-11,2,Nice,1994-07-18,239.78,1994,1990,42.09993155373032
669,3:59.79,Lisa Dobriskey,GBR,1983-12-23,3,Saint-Denis,2010-07-16,239.79,2010,2010,26.562628336755647
669,3:59.79,Maureen Koster,NED,1992-03-07,6,Monaco,2015-07-17,239.79,2015,2010,23.359342915811087
669,3:59.79,Abbey Caldwell,AUS,2001-07-03,9s2,Budapest,2023-08-20,239.79,2023,2020,22.130047912388775
672,3:59.8,Raisa Smekhnova,BLR,1950-09-16,2,Podolsk,1976-06-28,239.8,1976,1970,25.782340862423
672,3:59.8,Maricica Puica,ROU,1950-07-29,2,Bucuresti,1979-07-13,239.8,1979,1970,28.955509924709105
672,3:59.80,Mary Slaney,USA,1958-08-04,1,Köln,1983-08-28,239.8,1983,1980,25.065023956194388
672,3:59.80,Winnie Nanyondo,UGA,1993-08-23,7,Tokyo,2021-08-06,239.8,2021,2020,27.953456536618756
676,3:59.81,Wang Yuan,CHN,1976-04-08,7,Beijing,1993-09-11,239.81,1993,1990,17.426420260095824
677,3:59.82,Gabriella Dorio,ITA,1957-06-27,2,Roma,1980-08-05,239.82,1980,1980,23.107460643394933
677,3:59.82,Anita Weyermann,SUI,1977-12-08,2,Zürich,1999-08-11,239.82,1999,1990,21.672826830937716
679,3:59.83,Tatyana Pozdnyakova,UKR,1956-03-04,1,Moskva,1984-08-03,239.82999999999998,1984,1980,28.416153319644078
679,3:59.83,Svetlana Masterkova,RUS,1968-01-17,1,Zürich,1998-08-12,239.82999999999998,1998,1990,30.56810403832991
679,3:59.83,Genzebe Dibaba,ETH,1991-02-08,1,Barcelona,2016-07-09,239.82999999999998,2016,2010,25.415468856947296
679,3:59.83,Jennifer Simpson,USA,1986-08-23,7,Rabat,2019-06-16,239.82999999999998,2019,2010,32.813141683778234
679,3:59.83,Laura Muir,GBR,1993-05-09,4s1,Saint-Denis,2024-08-08,239.82999999999998,2024,2020,31.249828884325805
684,3:59.84,Tatyana Pozdnyakova,UKR,1956-03-04,2,Leningrad,1981-07-26,239.84,1981,1980,25.39356605065024
684,3:59.84,Ravilya Agletdinova,BLR,1960-02-10,1,Kyiv,1984-06-24,239.84,1984,1980,24.369609856262834
684,3:59.84,Mary Slaney,USA,1958-08-04,1,Paris,1985-07-13,239.84,1985,1980,26.940451745379878
684,3:59.84,Ravilya Agletdinova,BLR,1960-02-10,2,Kyiv,1986-07-17,239.84,1986,1980,26.431211498973305
684,3:59.84,Maryam Yusuf Jamal,BRN,1984-09-16,1,Lausanne,2008-09-02,239.84,2008,2000,23.96167008898015
684,3:59.84,Laura Muir,GBR,1993-05-09,4,Stockholm,2024-06-02,239.84,2024,2020,31.066392881587955
690,3:59.85,Gudaf Tsegay,ETH,1997-06-23,4,Palo Alto,2019-06-30,239.85,2019,2010,22.017796030116358
691,3:59.87,Dawit Seyaum,ETH,1996-07-27,3,Shanghai,2016-05-14,239.87,2016,2010,19.797399041752225
691,3:59.87,Ayal Dagnachew,ETH,2002-01-18,2rA,Ostrava,2022-05-31,239.87,2022,2020,20.36413415468857
693,3:59.88,Doina Melinte,ROU,1956-12-27,1,Oslo,1985-06-27,239.88,1985,1980,28.49828884325804
694,3:59.89,Carla Sacramento,POR,1971-12-10,4,Roma,1998-07-14,239.89,1998,1990,26.5927446954141
694,3:59.89,Alesya Turova,BLR,1979-12-06,3,Zürich,2002-08-16,239.89,2002,2000,22.694045174537987
694,3:59.89,Gelete Burka,ETH,1986-01-23,1,Eugene,2009-06-07,239.89,2009,2000,23.370294318959616
694,3:59.89,Revee Walcott-Nolan,GBR,1995-03-06,7,Budapest,2025-08-12,239.89,2025,2020,30.43668720054757
694,3:59.89,Birke Haylom,ETH,2006-01-06,1,Ad-Dawhah,2026-06-19,239.89,2026,2020,20.449007529089666
699,3:59.9,Ulrike Bruns,GDR,1953-11-17,1,Potsdam,1976-07-14,239.9,1976,1970,22.65571526351814
699,3:59.9,Beate Liebich,GDR,1958-02-21,1,Potsdam,1980-07-05,239.9,1980,1980,22.368240930869266
699,3:59.90,Angelika Zauber,GDR,1958-11-05,1,Jena,1981-08-09,239.9,1981,1980,22.759753593429156
699,3:59.90,Cornelia Bürki,SUI,1953-10-03,4,Roma,1987-09-05,239.9,1987,1980,33.921971252566735
699,3:59.90,Jennifer Simpson,USA,1986-08-23,2,Eugene,2009-06-07,239.9,2009,2000,22.78986995208761
699,3:59.90,Sarah Healy,IRL,2001-02-13,8,Zürich,2025-08-28,239.9,2025,2020,24.536618754277892
705,3:59.91,Sonia O'Sullivan,IRL,1969-11-28,1,Oslo,1996-07-05,239.91,1996,1990,26.600958247775495
705,3:59.91,Winnie Nanyondo,UGA,1993-08-23,7,Bruxelles,2022-09-02,239.91,2022,2020,29.026694045174537
707,3:59.92,Jennifer Simpson,USA,1986-08-23,1,Zürich,2014-08-28,239.92000000000002,2014,2010,28.01368925393566
707,3:59.92,Caster Semenya,RSA,1991-01-07,1,Ad-Dawhah,2018-05-04,239.92000000000002,2018,2010,27.32101300479124
709,3:59.93,Mary Slaney,USA,1958-08-04,1,Los Angeles,1983-06-25,239.93,1983,1980,24.889801505817932
709,3:59.93,Shannon Rowbury,USA,1984-09-19,2,Zürich,2014-08-28,239.93,2014,2010,29.93839835728953
709,3:59.93,Winny Chebet,KEN,1990-12-20,2,London,2019-07-20,239.93,2019,2010,28.580424366872005
709,3:59.93,Rababe Arafi,MAR,1991-01-12,9,Ad-Dawhah,2019-10-05,239.93,2019,2010,28.72826830937714
709,3:59.93,Saron Berhe,ETH,2007-08-22,4,Rabat,2025-05-25,239.93,2025,2020,17.75770020533881
714,3:59.94,Violeta Szekely,ROU,1965-03-26,1,Zürich,2001-08-17,239.94,2001,2000,36.394250513347025
714,3:59.94,Yelena Zadorozhnaya,RUS,1977-12-03,4,Zürich,2002-08-16,239.94,2002,2000,24.700889801505816
716,3:59.95,Zamira Zaytseva,UZB,1953-02-16,2,Cottbus,1982-06-26,239.95,1982,1980,29.35523613963039
716,3:59.95,Hayley Tullett,GBR,1973-02-17,3,Saint-Denis,2003-08-31,239.95,2003,2000,30.532511978097194
716,3:59.95,Nozomi Tanaka,JPN,1999-09-04,8,Tokyo,2021-08-06,239.95,2021,2020,21.921971252566735
716,3:59.95,Klaudia Kazimierska,POL,2001-09-03,6,Chorzów,2024-08-25,239.95,2024,2020,22.976043805612594
720,3:59.96,Zola Pieterse,GBR,1966-05-26,3,Bruxelles,1985-08-30,239.96,1985,1980,19.263518138261464
720,3:59.96,Besu Sado,ETH,1996-01-12,7,Saint-Denis,2016-08-27,239.96,2016,2010,20.62422997946612
720,3:59.96,Gudaf Tsegay,ETH,1997-06-23,3,Roma,2019-06-06,239.96,2019,2010,21.95208761122519
720,3:59.96,Salomé Afonso,POR,1997-11-19,12s2,Saint-Denis,2024-08-08,239.96,2024,2020,26.718685831622178
724,3:59.97,Svetlana Ulmasova,UZB,1953-02-04,1,Zürich,1979-08-15,239.97,1979,1970,26.524298425735797
724,3:59.97,Freweyni Hailu,ETH,2001-02-12,7,Eugene,2022-05-28,239.97,2022,2020,21.286789869952088
724,3:59.97,Susan Ejore-Sanders,KEN,1995-11-09,7,Chorzów,2024-08-25,239.97,2024,2020,28.79397672826831
727,3:59.98,Christin Wurth-Thomas,USA,1980-07-11,2,Roma,2009-07-10,239.98,2009,2000,28.996577686516083
728,3:59.99,Maryam Yusuf Jamal,BRN,1984-09-16,1,Saint-Denis,2008-07-18,239.99,2008,2000,23.835728952772072
728,3:59.99,Emily MacKay,USA,1998-04-30,1,Marseille,2023-07-17,239.99,2023,2020,25.21286789869952
728,3:59.99,Klaudia Kazimierska,POL,2001-09-03,1,Bydgoszcz,2026-05-29,239.99,2026,2020,24.733744010951405
731,4:00.00,Hassiba Boulmerka,ALG,1968-07-10,2,Zürich,1991-08-07,240.0,1991,1990,23.07460643394935
731,4:00.00,Marta Zenoni,ITA,1999-03-09,8,Bruxelles,2025-08-22,240.0,2025,2020,26.455852156057496
731,4:00.00,Linden Hall,AUS,1991-06-20,8,Paris,2026-06-28,240.0,2026,2020,35.02258726899384
734,4:00.01+,Jennifer Simpson,USA,1986-08-23,4,London,2018-07-22,240.01,2018,2010,31.912388774811774
735,4:00.02,Karissa Schweizer,USA,1996-05-04,1,Portland,2020-07-21,240.02,2020,2020,24.213552361396303
736,4:00.04,Mary Slaney,USA,1958-08-04,1,Budapest,1980-08-11,240.04,1980,1980,22.02053388090349
736,4:00.04,Iryna Lishchynska,UKR,1976-01-15,3,Athínai,2006-07-03,240.04,2006,2000,30.46406570841889
736,4:00.04,Katie Snowden,GBR,1994-03-09,2,Westwood,2023-05-27,240.04,2023,2020,29.215605749486652
739,4:00.05,Lu Yi,CHN,1974-04-10,8,Beijing,1993-09-11,240.05,1993,1990,19.422313483915126
740,4:00.06,Hildegard Körner,GDR,1959-12-20,1,Potsdam,1987-08-22,240.06,1987,1980,27.67145790554415
740,4:00.06,Sonia O'Sullivan,IRL,1969-11-28,1,Oslo,1994-07-22,240.06,1994,1990,24.646132785763175
740,4:00.06,Morgan Uceny,USA,1985-03-10,1,Bruxelles,2011-09-16,240.06,2011,2010,26.518822724161534
740,4:00.06,Hirut Meshesha,ETH,2001-01-20,8,Budapest,2025-08-12,240.06,2025,2020,24.55852156057495
744,4:00.07,Andrea Hahmann,GER,1966-06-03,2,Potsdam,1987-08-22,240.07,1987,1980,21.218343600273784
744,4:00.07,Yekaterina Rozenberg,RUS,1980-01-23,2,Zürich,2003-08-15,240.07,2003,2000,23.55920602327173
744,4:00.07,Laura Muir,GBR,1993-05-09,6,Saint-Denis,2014-07-05,240.07,2014,2010,21.155373032169745
744,4:00.07,Josette Andrews,USA,1995-12-15,3,Eugene,2021-08-21,240.07,2021,2020,25.683778234086244
748,4:00.08,Carla Sacramento,POR,1971-12-10,2,Bruxelles,1998-08-28,240.08,1998,1990,26.715947980835043
748,4:00.08,Mimi Belete,BRN,1988-06-09,7,Saint-Denis,2014-07-05,240.08,2014,2010,26.069815195071868
748,4:00.08,Besu Sado,ETH,1996-01-12,4,Shanghai,2016-05-14,240.08,2016,2010,20.33675564681725
748,4:00.08,Emily MacKay,USA,1998-04-30,5,Westwood,2024-05-18,240.08,2024,2020,26.050650239561943
752,4:00.09,Yuliya Chizhenko,RUS,1979-08-30,2,Kazan,2005-06-25,240.09,2005,2000,25.82067077344285
752,4:00.09,Yevgeniya Soboleva,RUS,1988-01-26,1,Cheboksary,2012-07-06,240.09,2012,2010,24.4435318275154
752,4:00.09,Winnie Nanyondo,UGA,1993-08-23,5,Palo Alto,2019-06-30,240.09,2019,2010,25.8507871321013
752,4:00.09,Laura Weightman,GBR,1991-01-07,2,Berlin,2020-09-13,240.09,2020,2020,29.683778234086244
756,4:00.10,Josette Andrews,USA,1995-12-15,1rA,Eagle Rock,2025-07-12,240.1,2025,2020,29.574264202600958
757,4:00.11,Yekaterina Guliyeva,RUS,1991-03-01,1,Zhukovskiy,2012-06-17,240.11,2012,2010,21.297741273100616
757,4:00.11+,Gudaf Tsegay,ETH,1997-06-23,2,Monaco,2019-07-12,240.11,2019,2010,22.050650239561943
759,4:00.12,Fita Lovin,ROU,1951-01-14,1,Bucuresti,1983-06-04,240.12,1983,1980,32.38603696098563
759,4:00.12,Yelena Zadorozhnaya,RUS,1977-12-03,2,Bruxelles,2003-09-05,240.12,2003,2000,25.754962354551676
759,4:00.12,Marta Pérez,ESP,1993-04-19,9,Tokyo,2021-08-06,240.12,2021,2020,28.298425735797398
759,4:00.12,Klaudia Kazimierska,POL,2001-09-03,10,Saint-Denis,2024-08-10,240.12,2024,2020,22.934976043805612
763,4:00.13,Nancy Jebet Langat,KEN,1981-08-22,3,Lausanne,2010-07-08,240.13,2010,2010,28.876112251882272
763,4:00.13,Abeba Aregawi,SWE,1990-07-05,1,New York City,2014-06-14,240.13,2014,2010,23.942505133470227
763,4:00.13,Esther Guerrero,ESP,1990-02-07,10s2,Budapest,2023-08-20,240.13,2023,2020,33.530458590006845
766,4:00.14,Paula Ivan,ROU,1963-07-20,1,Nice,1988-07-10,240.14,1988,1980,24.974674880219027
766,4:00.14,Likina Amebaw,ETH,1997-11-30,9,Budapest,2025-08-12,240.14,2025,2020,27.698836413415467
768,4:00.15,Totka Petrova,BUL,1956-12-17,3,Praha,1978-09-03,240.15,1978,1970,21.711156741957563
768,4:00.15,Anna Jakubczak,POL,1973-02-02,7,Athínai,2004-08-28,240.15,2004,2000,31.567419575633128
768,4:00.15,Ciara Mageean,IRL,1992-03-12,10,Ad-Dawhah,2019-10-05,240.15,2019,2010,27.564681724845997
771,4:00.16,Georgia Griffith,AUS,1996-12-05,4,Rabat,2022-06-05,240.16,2022,2020,25.49760438056126
772,4:00.17,Laura Weightman,GBR,1991-01-07,8,Saint-Denis,2014-07-05,240.17,2014,2010,23.49075975359343
772,4:00.17,Axumawit Embaye,ETH,1994-10-18,2,Nanjing,2019-05-21,240.17,2019,2010,24.588637919233403
772,4:00.17,Hirut Meshesha,ETH,2001-01-20,6,Westwood,2024-05-18,240.17,2024,2020,23.32375085557837
775,4:00.18,Valentina Ilyinykh,RUS,1956-12-12,4,Praha,1978-09-03,240.18,1978,1970,21.724845995893222
775,4:00.18,Irina Lebedinskaya,RUS,1961-06-16,5,Podolsk,1982-08-22,240.18,1982,1980,21.182751540041068
775,4:00.18,Ruth Wysocki,USA,1957-03-08,1,Los Angeles,1984-06-24,240.18,1984,1980,27.29637234770705
775,4:00.18,Gudaf Tsegay,ETH,1997-06-23,3,Eugene,2016-05-28,240.18,2016,2010,18.92950034223135
775,4:00.18,Winny Chebet,KEN,1990-12-20,3,Bruxelles,2017-09-01,240.18,2017,2010,26.699520876112253
775,4:00.18,Nelly Chepchirchir,KEN,2003-06-04,1,Székesfehérvár,2023-07-18,240.18,2023,2020,20.12046543463381
775,4:00.18,Susan Ejore-Sanders,KEN,1995-11-09,9,Bruxelles,2025-08-22,240.18,2025,2020,29.78507871321013
782,4:00.19,Galina Zakharova,RUS,1956-09-07,2,Moskva,1984-08-03,240.19,1984,1980,27.904175222450377
782,4:00.19,Worknesh Mesele,ETH,2001-06-10,10,Bruxelles,2024-09-14,240.19,2024,2020,23.263518138261464
784,4:00.20,Ulrike Bruns,GDR,1953-11-17,3,Potsdam,1987-08-22,240.2,1987,1980,33.76043805612594
784,4:00.20,Liu Li,CHN,1971-03-12,5,Barcelona,1992-08-08,240.2,1992,1990,21.409993155373034
784,4:00.20,Nuria Fernández,ESP,1976-08-16,1,Barcelona,2010-08-01,240.2,2010,2010,33.95756331279945
784,4:00.20,Heather MacLean,USA,1995-08-31,11,Eugene,2025-07-05,240.2,2025,2020,29.845311430527037
788,4:00.21,Klaudia Kazimierska,POL,2001-09-03,5s1,Saint-Denis,2024-08-08,240.21,2024,2020,22.92950034223135
789,4:00.22A,Susan Ejore-Sanders,KEN,1995-11-09,3,Nairobi,2024-06-15,240.22,2024,2020,28.59958932238193
790,4:00.23,Nancy Jebet Langat,KEN,1981-08-22,1,Beijing,2008-08-23,240.23,2008,2000,27.003422313483917
790,4:00.23,Abeba Aregawi,SWE,1990-07-05,1,Roma,2013-06-06,240.23,2013,2010,22.921286789869953
790,4:00.23,Sifan Hassan,NED,1993-01-01,1s2,Tokyo,2021-08-04,240.23,2021,2020,28.588637919233403
790,4:00.23,Sophie O'Sullivan,IRL,2001-12-23,7h1,Saint-Denis,2024-08-06,240.23,2024,2020,22.62012320328542
794,4:00.24,Paula Ivan,ROU,1963-07-20,1,Berlin,1988-08-26,240.24,1988,1980,25.10335386721424
794,4:00.24,Laimute Baikauskaite,LTU,1956-06-10,2,Seoul,1988-10-01,240.24,1988,1980,32.309377138945926
794,4:00.24,Katie Snowden,GBR,1994-03-09,7,Eugene,2024-05-25,240.24,2024,2020,30.21218343600274
797,4:00.25,Galina Zakharova,RUS,1956-09-07,6,Podolsk,1982-08-22,240.25,1982,1980,25.95482546201232
797,4:00.25,Mimi Belete,BRN,1988-06-09,2,Rieti,2010-08-29,240.25,2010,2010,22.220396988364133
797,4:00.25,Winnie Nanyondo,UGA,1993-08-23,8,Eugene,2022-05-28,240.25,2022,2020,28.761122518822724
800,4:00.26,Alla Yushina,RUS,1958-08-20,3,Leningrad,1981-07-26,240.26,1981,1980,22.93223819301848
800,4:00.26,Paula Ivan,ROU,1963-07-20,1,Zürich,1989-08-16,240.26,1989,1980,26.075290896646134
800,4:00.26,Gabriela DeBues-Stafford,CAN,1995-09-13,3,London,2019-07-20,240.26,2019,2010,23.849418206707735
803,4:00.27,Lynn Williams,CAN,1960-07-11,4,Bruxelles,1985-08-30,240.27,1985,1980,25.136208076659823
804,4:00.28,Tatyana Tomashova,RUS,1975-07-01,2,Monaco,2005-09-09,240.28,2005,2000,30.193018480492814
804,4:00.28,Rababe Arafi,MAR,1991-01-12,3,Stockholm,2018-06-10,240.28,2018,2010,27.408624229979466
806,4:00.29,Freweyni Hailu,ETH,2001-02-12,3,Ad-Dawhah,2023-05-05,240.29,2023,2020,22.223134839151268
806,4:00.29,Georgia Hunter Bell,GBR,1993-10-17,2h2,Saint-Denis,2024-08-06,240.29,2024,2020,30.803559206023273
806,4:00.29,Gracie Morris,USA,2001-12-17,12,Shaoxing,2026-05-16,240.29,2026,2020,24.410677618069816
809,4:00.3,Lyudmila Shesterova,UKR,1956-10-12,7,Moskva,1980-07-06,240.3,1980,1980,23.731690622861056
809,4:00.3,Yekaterina Podkopayeva,RUS,1952-06-11,1,Krasnodar,1983-05-30,240.3,1983,1980,30.965092402464066
809,4:00.30,Tatyana Kazankina,RUS,1951-12-17,1,College Park,1976-08-06,240.3,1976,1970,24.637919233401778
809,4:00.30,Gabriella Dorio,ITA,1957-06-27,4,Moskva,1980-08-01,240.3,1980,1980,23.096509240246405
809,4:00.30,Tatyana Dorovskikh,UKR,1961-08-12,3,Seoul,1988-10-01,240.3,1988,1980,27.137577002053387
809,4:00.30,Sifan Hassan,NED,1993-01-01,1,Birmingham,2015-06-07,240.3,2015,2010,22.428473648186174
815,4:00.31,Christiane Wartenberg,GDR,1956-10-27,3h1,Moskva,1980-07-30,240.31,1980,1980,23.756331279945243
815,4:00.31,Águeda Marqués,ESP,1999-03-19,11,Saint-Denis,2024-08-10,240.31,2024,2020,25.39630390143737
817,4:00.32,Carla Sacramento,POR,1971-12-10,2,Bruxelles,2001-08-24,240.32,2001,2000,29.7056810403833
817,4:00.32,Yuliya Chizhenko,RUS,1979-08-30,1,Monaco,2006-08-20,240.32,2006,2000,26.973305954825463
817,4:00.32,Lemlem Hailu,ETH,2001-05-25,1rA,Castellón,2022-06-16,240.32,2022,2020,21.059548254620122
817,4:00.32,Saron Berhe,ETH,2007-08-22,6,Xiamen,2026-05-23,240.32,2026,2020,18.751540041067763
821,4:00.33,Mary Slaney,USA,1958-08-04,1,Nice,1980-08-17,240.33,1980,1980,22.036960985626283
821,4:00.33,Shannon Rowbury,USA,1984-09-19,2,Saint-Denis,2008-07-18,240.33,2008,2000,23.82751540041068
821,4:00.33,Maryam Yusuf Jamal,BRN,1984-09-16,1,Hengelo,2011-05-29,240.33,2011,2010,26.69678302532512
821,4:00.33+,Jessica Hull,AUS,1996-10-22,2,Oslo,2023-06-15,240.33,2023,2020,26.64476386036961
825,4:00.34,Qu Yunxia,CHN,1972-12-25,1,Beijing,1994-06-05,240.34,1994,1990,21.44284736481862
825,4:00.34,Wang Ai,CHN,1976-06-01,6h1,Shanghai,1997-10-17,240.34,1997,1990,21.377138945927445
825,4:00.34,Jennifer Simpson,USA,1986-08-23,4,Stockholm,2018-06-10,240.34,2018,2010,31.797399041752225
825,4:00.34,Cory Ann McGee,USA,1992-05-29,9,Eugene,2022-05-28,240.34,2022,2020,29.9958932238193
825,4:00.34,Nozomi Tanaka,JPN,1999-09-04,8,Chorzów,2024-08-25,240.34,2024,2020,24.974674880219027
825,4:00.34,Faith Kipyegon,KEN,1994-01-10,1s1,Tokyo,2025-09-14,240.34,2025,2020,31.67693360711841
831,4:00.35,Regina Jacobs,USA,1963-08-28,2,Sevilla,1999-08-29,240.35,1999,1990,36.002737850787135
831,4:00.35,Carla Sacramento,POR,1971-12-10,1,Bruxelles,2000-08-25,240.35,2000,2000,28.709103353867214
831,4:00.35,Tatyana Tomashova,RUS,1975-07-01,1,Helsinki,2005-08-14,240.35,2005,2000,30.12183436002738
831,4:00.35,Liliana Popescu,ROU,1982-02-05,1r1,Bucuresti,2008-05-24,240.35,2008,2000,26.297056810403834
831,4:00.35+,Laura Muir,GBR,1993-05-09,1,London,2017-07-09,240.35,2017,2010,24.16700889801506
831,4:00.35,Lemlem Hailu,ETH,2001-05-25,3,Hengelo,2021-06-08,240.35,2021,2020,20.03832991101985
837,4:00.36,Yelena Soboleva,RUS,1982-10-03,4,Göteborg,2006-08-13,240.36,2006,2000,23.860369609856264
837,4:00.36,Gudaf Tsegay,ETH,1997-06-23,4,Bruxelles,2017-09-01,240.36,2017,2010,20.191649555099247
839,4:00.37,Lidia Chojecka,POL,1977-01-25,1,Zürich,2000-08-11,240.37,2000,2000,23.54277891854894
840,4:00.38,Maricica Puica,ROU,1950-07-29,1,Stockholm,1986-07-01,240.38,1986,1980,35.9233401779603
840,4:00.38,Suzy Favor Hamilton,USA,1968-08-08,3,Monaco,2001-07-20,240.38,2001,2000,32.94729637234771
840,4:00.38,Jennifer Simpson,USA,1986-08-23,1rA,Stockholm,2014-08-21,240.38,2014,2010,27.994524298425734
843,4:00.39,Laura Muir,GBR,1993-05-09,1,Oslo,2015-06-11,240.39,2015,2010,22.088980150581794
844,4:00.40,Mary Slaney,USA,1958-08-04,2,Los Angeles,1984-06-24,240.4,1984,1980,25.88911704312115
844,4:00.40,Winnie Nanyondo,UGA,1993-08-23,4,London,2019-07-20,240.4,2019,2010,25.905544147843944
844,4:00.40,Agathe Guillemot,FRA,1999-07-11,9,Zürich,2025-08-28,240.4,2025,2020,26.132785763175907
844,4:00.40,Patrícia Silva,POR,1999-12-09,4,Rabat,2026-05-31,240.4,2026,2020,26.47501711156742
848,4:00.41,Josette Andrews,USA,1995-12-15,3,Zürich,2021-09-09,240.41,2021,2020,25.73579739904175
848,4:00.41,Linden Hall,AUS,1991-06-20,10,Bruxelles,2023-09-08,240.41,2023,2020,32.219028062970565
848,4:00.41,Georgia Hunter Bell,GBR,1993-10-17,8,Eugene,2024-05-25,240.41,2024,2020,30.60369609856263
848,4:00.41,Sarah Billings,AUS,1998-03-07,9,Chorzów,2024-08-25,240.41,2024,2020,26.469541409993155
848,4:00.41,Revee Walcott-Nolan,GBR,1995-03-06,10,Chorzów,2024-08-25,240.41,2024,2020,29.472963723477072
848,4:00.41,Gabija Galvydyte,LTU,2000-01-17,7,Xiamen,2026-05-23,240.41,2026,2020,26.34633812457221
854,4:00.42,Lyudmila Medvedyeva,RUS,1957-01-18,2,Baku,1984-09-14,240.42,1984,1980,27.655030800821354
854,4:00.42,Jennifer Simpson,USA,1986-08-23,2,Shanghai,2014-05-18,240.42,2014,2010,27.734428473648187
854,4:00.42,Jessica Hull,AUS,1996-10-22,3,Berlin,2020-09-13,240.42,2020,2020,23.89322381930185
854,4:00.42,Freweyni Hailu,ETH,2001-02-12,1,Ad-Dawhah,2024-05-10,240.42,2024,2020,23.238877481177276
854,4:00.42,Dominique Hiltz,USA,1994-10-23,3h2,Saint-Denis,2024-08-06,240.42,2024,2020,29.78781656399726
859,4:00.43,Maryam Yusuf Jamal,BRN,1984-09-16,1,Monaco,2007-07-25,240.43,2007,2000,22.85284052019165
859,4:00.43,Konstanze Klosterhalfen,GER,1997-02-18,5,London,2019-07-20,240.43,2019,2010,22.414784394250514
859,4:00.43,Sinclaire Johnson,USA,1998-04-13,9,Eugene,2024-05-25,240.43,2024,2020,26.116358658453116
859,4:00.43,Revee Walcott-Nolan,GBR,1995-03-06,3,Bydgoszcz,2024-06-20,240.43,2024,2020,29.29226557152635
863,4:00.44,Gelete Burka,ETH,1986-01-23,1r2,Eugene,2008-06-08,240.44,2008,2000,22.373716632443532
863,4:00.44+,Helen Obiri,KEN,1989-12-13,2,London,2017-07-09,240.44,2017,2010,27.57015742642026
863,4:00.44,Caster Semenya,RSA,1991-01-07,6,Lausanne,2018-07-05,240.44,2018,2010,27.49075975359343
863,4:00.44,Faith Kipyegon,KEN,1994-01-10,1,Zürich,2022-09-08,240.44,2022,2020,28.659822039698838
863,4:00.44,Habitam Alemu,ETH,1997-07-09,10,Eugene,2024-05-25,240.44,2024,2020,26.87748117727584
868,4:00.45,Melissa Courtney-Bryant,GBR,1993-08-30,1,Tomblaine,2023-06-18,240.45,2023,2020,29.79876796714579
868,4:00.45,Sarah Billings,AUS,1998-03-07,4,Bydgoszcz,2024-06-20,240.45,2024,2020,26.288843258042437
870,4:00.46,Regina Jacobs,USA,1963-08-28,2,Indianapolis,1988-07-23,240.46,1988,1980,24.903490759753595
870,4:00.46,Sonia O'Sullivan,IRL,1969-11-28,1,Stockholm,1994-07-12,240.46,1994,1990,24.618754277891856
870,4:00.46,Viola Kibiwott,KEN,1985-12-22,3,Zürich,2014-08-28,240.46,2014,2010,28.681724845995895
870,4:00.46,Helen Obiri,KEN,1989-12-13,2,Eugene,2017-05-27,240.46,2017,2010,27.45242984257358
870,4:00.46,Gabriela DeBues-Stafford,CAN,1995-09-13,8,Rabat,2019-06-16,240.46,2019,2010,23.756331279945243
870,4:00.46,Sarah McDonald,GBR,1993-08-02,6,London,2019-07-20,240.46,2019,2010,25.963039014373717
870,4:00.46,Gabriela DeBues-Stafford,CAN,1995-09-13,4,Firenze,2021-06-10,240.46,2021,2020,25.741273100616016
870,4:00.46,Saron Berhe,ETH,2007-08-22,11,Bruxelles,2023-09-08,240.46,2023,2020,16.046543463381244
870,4:00.46,Agathe Guillemot,FRA,1999-07-11,4,Roma,2026-06-04,240.46,2026,2020,26.899383983572896
879,4:00.47,Kutre Dulecha,ETH,1978-08-22,3,Bruxelles,1998-08-28,240.47,1998,1990,20.016427104722794
879,4:00.47,Yelena Soboleva,RUS,1982-10-03,1,Tula,2006-06-15,240.47,2006,2000,23.698836413415467
879,4:00.47,Laura Muir,GBR,1993-05-09,3,Eugene,2017-05-27,240.47,2017,2010,24.04928131416838
879,4:00.47,Salomé Afonso,POR,1997-11-19,12,Tokyo,2025-09-16,240.47,2025,2020,27.824777549623544
883,4:00.48,Gelete Burka,ETH,1986-01-23,1,Eugene,2007-06-10,240.48,2007,2000,21.377138945927445
883,4:00.48,Jennifer Simpson,USA,1986-08-23,1,Monaco,2013-07-19,240.48,2013,2010,26.90485968514716
885,4:00.49,Hind Dehiba,FRA,1979-03-17,7,Rieti,2005-08-28,240.49,2005,2000,26.45037645448323
885,4:00.49,Meraf Bahta,SWE,1989-06-24,5,Bruxelles,2017-09-01,240.49,2017,2010,28.188911704312115
887,4:00.5,Giana Romanova,RUS,1955-03-10,2,Moskva,1979-07-29,240.5,1979,1970,24.386036960985628
887,4:00.50,Zamira Zaytseva,UZB,1953-02-16,1,Moskva,1984-07-20,240.5,1984,1980,31.422313483915126
887,4:00.50,Liu Dong,CHN,1973-12-24,1,Stuttgart,1993-08-22,240.5,1993,1990,19.66050650239562
887,4:00.50,Latifa Essarokh,FRA,1973-12-11,2,Lausanne,2006-07-11,240.5,2006,2000,32.580424366872
891,4:00.51+,Mary Slaney,USA,1958-08-04,1,Zürich,1985-08-21,240.51,1985,1980,27.04722792607803
891,4:00.51,Hirut Meshesha,ETH,2001-01-20,4,Monaco,2022-08-10,240.51,2022,2020,21.5523613963039
893,4:00.52,Dawit Seyaum,ETH,1996-07-27,2,Shanghai,2017-05-13,240.52,2017,2010,20.79397672826831
894,4:00.53,Svetlana Popova,UKR,1959-02-03,6r1,Kyiv,1982-07-27,240.53,1982,1980,23.477070499657767
894,4:00.53,Gabriela Szabo,ROU,1975-11-14,2,Zürich,1998-08-12,240.53,1998,1990,22.743326488706366
894,4:00.53,Natalya Gorelova,RUS,1973-04-18,2,Zürich,2001-08-17,240.53,2001,2000,28.331279945242983
894,4:00.53,Kristina Ugarova,RUS,1987-10-22,2r2,Moskva,2012-06-13,240.53,2012,2010,24.643394934976044
894,4:00.53+,Laura Muir,GBR,1993-05-09,2,Oslo,2016-06-09,240.53,2016,2010,23.085557837097877
894,4:00.53,Sifan Hassan,NED,1993-01-01,3,Nanjing,2019-05-21,240.53,2019,2010,26.38193018480493
894,4:00.53,Marta Pérez,ESP,1993-04-19,12,Bruxelles,2023-09-08,240.53,2023,2020,30.38740588637919
901,4:00.54,Dominique Hiltz,USA,1994-10-23,2,Philadelphia,2025-05-31,240.54,2025,2020,30.60369609856263
901,4:00.54,Heather MacLean,USA,1995-08-31,10,Bruxelles,2025-08-22,240.54,2025,2020,29.976728268309376
903,4:00.55,Grete Waitz,NOR,1953-10-01,5,Praha,1978-09-03,240.55,1978,1970,24.922655715263517
903,4:00.55+,Maricica Puica,ROU,1950-07-29,2,Zürich,1985-08-21,240.55,1985,1980,35.063655030800824
903,4:00.55,Linden Hall,AUS,1991-06-20,8,Xiamen,2026-05-23,240.55,2026,2020,34.92402464065709
906,4:00.56,Yekaterina Podkopayeva,RUS,1952-06-11,2,Kyiv,1984-06-24,240.56,1984,1980,32.035592060232716
907,4:00.57,Nadezhda Ralldugina,RUS,1957-11-15,3,Kyiv,1984-06-24,240.57,1984,1980,26.60643394934976
907,4:00.57,Christina Cahill,GBR,1957-03-25,1,Gateshead,1984-07-06,240.57,1984,1980,27.28268309377139
907,4:00.57,Gabriela Szabo,ROU,1975-11-14,1,Edmonton,2001-08-07,240.57,2001,2000,25.730321697467488
907,4:00.57,Águeda Marqués,ESP,1999-03-19,6,Roma,2025-06-06,240.57,2025,2020,26.217659137577
911,4:00.58,Grete Waitz,NOR,1953-10-01,2,Zürich,1979-08-15,240.58,1979,1970,25.869952087611225
911,4:00.58,Yekaterina Rozenberg,RUS,1980-01-23,3,Bruxelles,2003-09-05,240.58,2003,2000,23.616700889801507
911,4:00.58,Linden Hall,AUS,1991-06-20,2rA,Castellón,2022-06-16,240.58,2022,2020,30.989733059548254
914,4:00.59,Maite Zúñiga,ESP,1964-12-28,6,Barcelona,1992-08-08,240.59,1992,1990,27.61122518822724
914,4:00.59,Yekaterina Rozenberg,RUS,1980-01-23,4,Saint-Denis,2003-08-31,240.59,2003,2000,23.603011635865844
914,4:00.59,Anna Jakubczak,POL,1973-02-02,8,Rieti,2005-08-28,240.59,2005,2000,32.56673511293634
914,4:00.59,Maryam Yusuf Jamal,BRN,1984-09-16,1,Monaco,2011-07-22,240.59,2011,2010,26.844626967830255
914,4:00.59,Meraf Bahta,SWE,1989-06-24,4,Roma,2017-06-08,240.59,2017,2010,27.956194387405887
919,4:00.6,Tamara Sorokina,RUS,1950-08-15,2r1,Sochi,1980-05-23,240.6,1980,1980,29.77138945927447
919,4:00.6,Andrea Hahmann,GER,1966-06-03,1,Berlin,1987-08-12,240.6,1987,1980,21.190965092402465
919,4:00.60,Zahra Ouaziz,MAR,1969-12-20,1,Stuttgart,1998-07-19,240.6,1998,1990,28.577686516084874
919,4:00.60,Carla Sacramento,POR,1971-12-10,3,Zürich,1998-08-12,240.6,1998,1990,26.67214236824093
919,4:00.60,Kutre Dulecha,ETH,1978-08-22,4,Oslo,2000-07-28,240.6,2000,2000,21.932922655715263
919,4:00.60,Natalya Yevdokimova,RUS,1978-03-17,3,Monaco,2005-09-09,240.6,2005,2000,27.482546201232033
919,4:00.60,Winny Chebet,KEN,1990-12-20,5,Eugene,2018-05-26,240.6,2018,2010,27.430527036276523
919,4:00.60,Sifan Hassan,NED,1993-01-01,1,Birmingham,2018-08-18,240.6,2018,2010,25.626283367556468
927,4:00.61,Laura Muir,GBR,1993-05-09,4,Roma,2015-06-04,240.61,2015,2010,22.069815195071868
927,4:00.61+,Cory Ann McGee,USA,1992-05-29,3,Oslo,2023-06-15,240.61,2023,2020,31.044490075290895
929,4:00.62,Ulrike Bruns,GDR,1953-11-17,5,Moskva,1980-08-01,240.62,1980,1980,26.704996577686515
929,4:00.62,Maria Radu,ROU,1959-05-25,2,Bucuresti,1983-06-04,240.62,1983,1980,24.027378507871322
929,4:00.62,Natalya Boborova,RUS,1959-02-12,2,Moskva,1984-07-20,240.62,1984,1980,25.43463381245722
929,4:00.62,Soukaina Hajji,MAR,1997-02-04,9,Paris,2026-06-28,240.62,2026,2020,29.39356605065024
933,4:00.63,Natalya Boborova,RUS,1959-02-12,3,Moskva,1984-08-03,240.63,1984,1980,25.472963723477072
933,4:00.63,Andrea Hahmann,GER,1966-06-03,5,Roma,1987-09-05,240.63,1987,1980,21.256673511293634
933,4:00.63,Yelena Zadorozhnaya,RUS,1977-12-03,1,Paris,2002-09-14,240.63,2002,2000,24.78028747433265
933,4:00.63,Olga Yegorova,RUS,1972-03-28,2r3,Tula,2005-07-13,240.63,2005,2000,33.29226557152635
933,4:00.63+,Laura Weightman,GBR,1991-01-07,3,Monaco,2019-07-12,240.63,2019,2010,28.50924024640657
933,4:00.63,Winnie Nanyondo,UGA,1993-08-23,11,Ad-Dawhah,2019-10-05,240.63,2019,2010,26.116358658453116
939,4:00.64,Christina Cahill,GBR,1957-03-25,4,Seoul,1988-10-01,240.64,1988,1980,31.520876112251884
939,4:00.64,Laura Muir,GBR,1993-05-09,5,Stockholm,2024-06-02,240.64,2024,2020,31.066392881587955
941,4:00.65,Zhang Lirong,CHN,1973-03-03,2h1,Beijing,1993-09-10,240.65,1993,1990,20.522929500342233
941,4:00.65,Daniela Yordanova,BUL,1976-03-08,5,Zürich,2002-08-16,240.65,2002,2000,26.439425051334702
941,4:00.65,Besu Sado,ETH,1996-01-12,7,Monaco,2015-07-17,240.65,2015,2010,19.509924709103355
941,4:00.65,Dorcus Ewoi,KEN,1996-10-02,2s1,Tokyo,2025-09-14,240.65,2025,2020,28.95003422313484
945,4:00.66,Laimute Baikauskaite,LTU,1956-06-10,1,Kyiv,1988-08-02,240.66,1988,1980,32.145106091718
945,4:00.66,Jackline Maranga,KEN,1977-12-16,5,Roma,1998-07-14,240.66,1998,1990,20.57494866529774
945,4:00.66,Dawit Seyaum,ETH,1996-07-27,2,New York City,2014-06-14,240.66,2014,2010,17.880903490759753
948,4:00.67+,Natalya Artyomova,RUS,1963-01-05,1,Barcelona,1991-09-20,240.67,1991,1990,28.706365503080082
948,4:00.67,Natalya Gorelova,RUS,1973-04-18,3,Bruxelles,2001-08-24,240.67,2001,2000,28.35044490075291
948,4:00.67,Elvan Abeylegesse,TUR,1982-09-11,8,Athínai,2004-08-28,240.67,2004,2000,21.963039014373717
948,4:00.67,Latifa Essarokh,FRA,1973-12-11,3,Saint-Denis,2006-07-08,240.67,2006,2000,32.57221081451061
948,4:00.67,Maryam Yusuf Jamal,BRN,1984-09-16,1,Athínai,2008-07-13,240.67,2008,2000,23.822039698836413
948,4:00.67,Gelete Burka,ETH,1986-01-23,1,Lausanne,2009-07-07,240.67,2009,2000,23.45242984257358
948,4:00.67,Sifan Hassan,NED,1993-01-01,1,Glasgow,2014-07-11,240.67,2014,2010,21.522245037645447
948,4:00.67,Cory McGee,USA,1992-05-29,2,Eugene,2021-06-21,240.67,2021,2020,29.062286105407257
948,4:00.67,Sinclaire Johnson,USA,1998-04-13,7,Westwood,2024-05-18,240.67,2024,2020,26.09719370294319
957,4:00.68,Natalya Artyomova,RUS,1963-01-05,3,Rieti,1984-09-02,240.68,1984,1980,21.659137577002053
957,4:00.68,Gelete Burka,ETH,1986-01-23,1,Saint-Denis,2007-07-06,240.68,2007,2000,21.44832306639288
957,4:00.68+,Laura Muir,GBR,1993-05-09,5,London,2018-07-22,240.68,2018,2010,25.201916495550993
957,4:00.68,Diribe Welteji,ETH,2002-05-13,1,Stockholm,2021-07-04,240.68,2021,2020,19.143052703627653
957,4:00.68,Birke Haylom,ETH,2006-01-06,1rA,Stockholm,2026-06-07,240.68,2026,2020,20.416153319644078
962,4:00.69,Iryna Lishchynska,UKR,1976-01-15,2,Osaka,2007-09-02,240.69,2007,2000,31.630390143737166
962,4:00.69,Gabriela DeBues-Stafford,CAN,1995-09-13,2rA,Walnut,2021-05-09,240.69,2021,2020,25.65366187542779
962,4:00.69,Sintayehu Vissa,ITA,1996-07-29,8h1,Saint-Denis,2024-08-06,240.69,2024,2020,28.021902806297057
962,4:00.69,Helen Schlachtenhaufen,USA,1995-03-14,3,Rovereto,2025-06-02,240.69,2025,2020,30.220396988364133
962,4:00.69,Netsanet Desta,ETH,2000-10-26,12,Paris,2025-06-20,240.69,2025,2020,24.648870636550306
967,4:00.7,Tamara Sorokina,RUS,1950-08-15,2,Krasnodar,1983-05-30,240.7,1983,1980,32.78850102669404
967,4:00.7+,Maryam Yusuf Jamal,BRN,1984-09-16,1,Bruxelles,2007-09-14,240.7,2007,2000,22.99247091033539
967,4:00.70,Nancy Jebet Langat,KEN,1981-08-22,1,Stockholm,2010-08-06,240.7,2010,2010,28.955509924709105
967,4:00.70,Jennifer Simpson,USA,1986-08-23,6,Bruxelles,2017-09-01,240.7,2017,2010,31.025325119780973
967,4:00.70,Cory McGee,USA,1992-05-29,5,Monaco,2022-08-10,240.7,2022,2020,30.198494182067076
972,4:00.71,Laura Weightman,GBR,1991-01-07,7,Bruxelles,2017-09-01,240.71,2017,2010,26.650239561943874
972,4:00.71,Caster Semenya,RSA,1991-01-07,1,Gold Coast,2018-04-10,240.71,2018,2010,27.255304585900067
972,4:00.71,Linden Hall,AUS,1991-06-20,10,Xiamen,2024-04-20,240.71,2024,2020,32.83504449007529
972,4:00.71,Gabija Galvydyte,LTU,2000-01-17,1,Cork,2025-07-11,240.71,2025,2020,25.481177275838466
972,4:00.71,Marta Zenoni,ITA,1999-03-09,10,Zürich,2025-08-28,240.71,2025,2020,26.472279260780287
977,4:00.72,Sifan Hassan,NED,1993-01-01,4,Zürich,2014-08-28,240.72,2014,2010,21.65366187542779
977,4:00.72,Winnie Nanyondo,UGA,1993-08-23,4,Eugene,2021-08-21,240.72,2021,2020,27.994524298425734
979,4:00.73,Kirsty Wade,GBR,1962-08-06,1,Gateshead,1987-07-26,240.73,1987,1980,24.969199178644764
979,4:00.73,Doina Melinte,ROU,1956-12-27,1,Bucuresti,1992-06-24,240.73,1992,1990,35.49075975359343
979,4:00.73,Gabriela Szabo,ROU,1975-11-14,1,Eugene,2000-06-24,240.73,2000,2000,24.61054072553046
979,4:00.73,Shannon Osika,USA,1993-06-15,3rA,Walnut,2021-05-09,240.73,2021,2020,27.89869952087611
979,4:00.73,Jessica Hull,AUS,1996-10-22,2,Trabuco Hills,2021-07-18,240.73,2021,2020,24.736481861738536
979,4:00.73,Laura Muir,GBR,1993-05-09,2s2,Tokyo,2021-08-04,240.73,2021,2020,28.238193018480494
985,4:00.74,Faith Kipyegon,KEN,1994-01-10,4h2,Saint-Denis,2024-08-06,240.74,2024,2020,30.570841889117045
986,4:00.75,Natalya Artyomova,RUS,1963-01-05,1,Lausanne,1991-07-10,240.75,1991,1990,28.50924024640657
986,4:00.75,Karissa Schweizer,USA,1996-05-04,1,Portland,2022-06-11,240.75,2022,2020,26.102669404517453
988,4:00.76,Alesya Turova,BLR,1979-12-06,2,Bruxelles,2002-08-30,240.76,2002,2000,22.732375085557837
988,4:00.76,Viola Kibiwott,KEN,1985-12-22,4,Ad-Dawhah,2013-05-10,240.76,2013,2010,27.381245722108144
990,4:00.77,Mariem Alaoui Selsouli,MAR,1984-04-08,2,Bruxelles,2011-09-16,240.77,2011,2010,27.43874058863792
990,4:00.77,Josette Andrews,USA,1995-12-15,3,Westwood,2023-05-27,240.77,2023,2020,27.446954140999317
990,4:00.77,Sinclaire Johnson,USA,1998-04-13,1,Portland,2023-06-24,240.77,2023,2020,25.196440793976727
990,4:00.77,Laura Muir,GBR,1993-05-09,6,Stockholm,2024-06-02,240.77,2024,2020,31.066392881587955
990,4:00.77,Laura Muir,GBR,1993-05-09,5,Rabat,2026-05-31,240.77,2026,2020,33.059548254620125
995,4:00.78,Ulrike Bruns,GDR,1953-11-17,5,Athínai,1982-09-11,240.78,1982,1980,28.815879534565365
995,4:00.78,Revee Walcott-Nolan,GBR,1995-03-06,9,Xiamen,2026-05-23,240.78,2026,2020,31.21423682409309
997,4:00.79,Yekaterina Podkopayeva,RUS,1952-06-11,1,Leningrad,1983-07-26,240.79,1983,1980,31.121149897330596
997,4:00.79+,Zola Pieterse,GBR,1966-05-26,3,Zürich,1985-08-21,240.79,1985,1980,19.238877481177276
997,4:00.79,Suzy Favor Hamilton,USA,1968-08-08,2,Eugene,2000-06-24,240.79,2000,2000,31.876796714579054
1000,4:00.8,Olga Dvirna,RUS,1953-02-11,1,Kaunas,1979-08-12,240.8,1979,1970,26.496919917864478
1000,4:00.8,Lyubov Smolka,UKR,1952-11-29,3r1,Sochi,1980-05-23,240.8,1980,1980,27.479808350444902
1000,4:00.8,Yekaterina Podkopayeva,RUS,1952-06-11,1,Moskva,1980-07-12,240.8,1980,1980,28.084873374401095
1000,4:00.80,Tamara Sorokina,RUS,1950-08-15,1,Rieti,1981-09-09,240.8,1981,1980,31.069130732375086
1000,4:00.80,Violeta Szekely,ROU,1965-03-26,1,Berlin,2001-08-31,240.8,2001,2000,36.43258042436687
1005,4:00.81,Jackline Maranga,KEN,1977-12-16,1,Bratislava,1998-06-09,240.81,1998,1990,20.479123887748116
1005,4:00.81,Natalya Pantelyeva,RUS,1983-08-18,2,Tula,2006-06-15,240.81,2006,2000,22.82546201232033
1005,4:00.81,Shannon Rowbury,USA,1984-09-19,4,Zürich,2009-08-28,240.81,2009,2000,24.93908281998631
1005,4:00.81,Winnie Nanyondo,UGA,1993-08-23,6,Monaco,2022-08-10,240.81,2022,2020,28.9637234770705
1009,4:00.82,Daniela Yordanova,BUL,1976-03-08,3,Osaka,2007-09-02,240.82,2007,2000,31.485284052019164
1010,4:00.83,Zamira Zaytseva,UZB,1953-02-16,1,Leningrad,1981-07-11,240.83,1981,1980,28.396988364134156
1010,4:00.83,Doina Melinte,ROU,1956-12-27,1,Frankfurt,1991-06-30,240.83,1991,1990,34.50513347022587
1010,4:00.83,Svetlana Masterkova,RUS,1968-01-17,1,Atlanta,1996-08-03,240.83,1996,1990,28.54483230663929
1010,4:00.83,Lucia Stafford,CAN,1998-08-17,6,Rabat,2026-05-31,240.83,2026,2020,27.786447638603697
1014,4:00.84,Maryam Yusuf Jamal,BRN,1984-09-16,1,Athínai,2006-09-17,240.84,2006,2000,22.001368925393567
1014,4:00.84,Winnie Nanyondo,UGA,1993-08-23,5,Firenze,2021-06-10,240.84,2021,2020,27.797399041752225
1014,4:00.84,Netsanet Desta,ETH,2000-10-26,3rA,Ostrava,2022-05-31,240.84,2022,2020,21.593429158110883
1014,4:00.84,Dominique Hiltz,USA,1994-10-23,11s2,Budapest,2023-08-20,240.84,2023,2020,28.824093086926762
1014,4:00.84,Worknesh Mesele,ETH,2001-06-10,5,Xiamen,2023-09-02,240.84,2023,2020,22.22861054072553
1014,4:00.84,Jessica Hull,AUS,1996-10-22,2,Ad-Dawhah,2024-05-10,240.84,2024,2020,27.548254620123203
1020,4:00.85,Doina Melinte,ROU,1956-12-27,2,Bruxelles,1988-08-19,240.85,1988,1980,31.644079397672826
1020,4:00.85,Genzebe Dibaba,ETH,1991-02-08,3,Roma,2012-05-31,240.85,2012,2010,21.308692676249144
1020,4:00.85,Georgia Hunter Bell,GBR,1993-10-17,3,Philadelphia,2025-05-31,240.85,2025,2020,31.619438740588638
1023,4:00.86,Lynn Williams,CAN,1960-07-11,5,Seoul,1988-10-01,240.86,1988,1980,28.22450376454483
1023,4:00.86,Kutre Dulecha,ETH,1978-08-22,6,Roma,1998-07-14,240.86,1998,1990,19.89322381930185
1023,4:00.86,Oksana Zbrozhek,RUS,1978-01-12,2,Cheboksary,2009-07-26,240.86,2009,2000,31.534565366187543
1023,4:00.86,Linden Hall,AUS,1991-06-20,6,Eugene,2018-05-26,240.86,2018,2010,26.93223819301848
1023,4:00.86,Genzebe Dibaba,ETH,1991-02-08,4,Zürich,2019-08-29,240.86,2019,2010,28.553045859000683
1023,4:00.86,Saron Berhe,ETH,2007-08-22,6,Xiamen,2023-09-02,240.86,2023,2020,16.030116358658454
1023,4:00.86,Patrícia Silva,POR,1999-12-09,5,Roma,2026-06-04,240.86,2026,2020,26.48596851471595
1030,4:00.87,Mary Slaney,USA,1958-08-04,1,Philadelphia,1980-07-17,240.87,1980,1980,21.95208761122519
1030,4:00.87,Sifan Hassan,NED,1993-01-01,2,London,2016-07-22,240.87,2016,2010,23.55373032169747
1030,4:00.87,Nelly Chepchirchir,KEN,2003-06-04,1h3,Budapest,2023-08-19,240.87,2023,2020,20.20807665982204
1033,4:00.88,Anita Weyermann,SUI,1977-12-08,7,Roma,1998-07-14,240.88,1998,1990,20.5968514715948
1034,4:00.89,Doina Melinte,ROU,1956-12-27,2,Zürich,1989-08-16,240.89,1989,1980,32.63518138261465
1034,4:00.89,Yekaterina Podkopayeva,RUS,1952-06-11,1,Monaco,1994-08-02,240.89,1994,1990,42.1409993155373
1034,4:00.89,Katie Snowden,GBR,1994-03-09,8,Westwood,2024-05-18,240.89,2024,2020,30.193018480492814
1037,4:00.90,Mary Slaney,USA,1958-08-04,1,Helsinki,1983-08-14,240.9,1983,1980,25.026694045174537
1037,4:00.90,Jessica Hull,AUS,1996-10-22,4,Ad-Dawhah,2023-05-05,240.9,2023,2020,26.532511978097194
1039,4:00.91,Yelena Romanova,RUS,1963-03-20,1,Monaco,1992-08-11,240.91,1992,1990,29.39630390143737
1039,4:00.91,Tatyana Tomashova,RUS,1975-07-01,3,Zürich,2003-08-15,240.91,2003,2000,28.123203285420946
1039,4:00.91,Tigist Ketema,ETH,1998-09-15,4,Hengelo,2021-06-08,240.91,2021,2020,22.729637234770706
1039,4:00.91,Katie Snowden,GBR,1994-03-09,10,Paris,2026-06-28,240.91,2026,2020,32.303901437371664
1043,4:00.92,Kutre Dulecha,ETH,1978-08-22,2,Zürich,2000-08-11,240.92,2000,2000,21.971252566735114
1043,4:00.92,Violeta Szekely,ROU,1965-03-26,1,Roma,2001-06-29,240.92,2001,2000,36.26009582477755
1043,4:00.92,Sinclaire Johnson,USA,1998-04-13,13,Tokyo,2025-09-16,240.92,2025,2020,27.42778918548939
1046,4:00.93,Sarah Jamieson,AUS,1975-03-24,2,Stockholm,2006-07-25,240.93,2006,2000,31.33744010951403
1046,4:00.93,Helen Obiri,KEN,1989-12-13,2,Monaco,2013-07-19,240.93,2013,2010,23.59753593429158
1046,4:00.93,Shannon Osika,USA,1993-06-15,2,Stockholm,2021-07-04,240.93,2021,2020,28.05201916495551
1046,4:00.93,Hirut Meshesha,ETH,2001-01-20,3,Chorzów,2022-08-06,240.93,2022,2020,21.541409993155373
1050,4:00.94,Carla Sacramento,POR,1971-12-10,3,Zürich,2001-08-17,240.94,2001,2000,29.686516084873375
1050,4:00.94,Brenda Martinez,USA,1987-09-08,3,Monaco,2013-07-19,240.94,2013,2010,25.861738535249827
1050,4:00.94,Abeba Aregawi,SWE,1990-07-05,2,Glasgow,2014-07-11,240.94,2014,2010,24.016427104722794
1050,4:00.94,Faith Kipyegon,KEN,1994-01-10,2,Oslo,2015-06-11,240.94,2015,2010,21.415468856947296
1054,4:00.95,Mariem Alaoui Selsouli,MAR,1984-04-08,3,Monaco,2009-07-28,240.95,2009,2000,25.30321697467488
1054,4:00.95+,Axumawit Embaye,ETH,1994-10-18,4,Monaco,2019-07-12,240.95,2019,2010,24.73100616016427
1054,4:00.95,Ciara Mageean,IRL,1992-03-12,4,Firenze,2023-06-02,240.95,2023,2020,31.222450376454482
1057,4:00.96,Irina Lebedinskaya,RUS,1961-06-16,7r1,Kyiv,1982-07-27,240.96,1982,1980,21.111567419575632
1057,4:00.96,Andrea Hahmann,GER,1966-06-03,6,Seoul,1988-10-01,240.96,1988,1980,22.32991101984942
1057,4:00.96,Zhang Lirong,CHN,1973-03-03,2h,Jinan,1993-06-02,240.96,1993,1990,20.249144421629023
1057,4:00.96,Kutre Dulecha,ETH,1978-08-22,3,Sevilla,1999-08-29,240.96,1999,1990,21.018480492813143
1057,4:00.96,Dawit Seyaum,ETH,1996-07-27,1,Ad-Dawhah,2015-05-15,240.96,2015,2010,18.798083504449007
1057,4:00.96,Gudaf Tsegay,ETH,1997-06-23,1rA,Ostrava,2017-06-28,240.96,2017,2010,20.01368925393566
1057,4:00.96,Georgia Griffith,AUS,1996-12-05,7,Monaco,2022-08-10,240.96,2022,2020,25.678302532511978
1064,4:00.97,Kalkidan Gezahegne,ETH,1991-05-08,2,Hengelo,2011-05-29,240.97,2011,2010,20.057494866529773
1064,4:00.97,Eilish McColgan,GBR,1990-11-25,9,Rabat,2019-06-16,240.97,2019,2010,28.555783709787818
1064,4:00.97,Katie Snowden,GBR,1994-03-09,2,Los Angeles,2026-06-14,240.97,2026,2020,32.26557152635181
1067,4:00.98,Violeta Szekely,ROU,1965-03-26,4,Sevilla,1999-08-29,240.98,1999,1990,34.42573579739904
1067,4:00.98,Tatyana Tomashova,RUS,1975-07-01,4,Saint-Denis,2006-07-08,240.98,2006,2000,31.019849418206707
1067,4:00.98,Jennifer Simpson,USA,1986-08-23,1,Eugene,2015-05-30,240.98,2015,2010,28.76659822039699
1067,4:00.98,Besu Sado,ETH,1996-01-12,2,Hengelo,2017-06-11,240.98,2017,2010,21.412731006160165
1067,4:00.98,Axumawit Embaye,ETH,1994-10-18,5,Firenze,2023-06-02,240.98,2023,2020,28.621492128678987
1072,4:00.99,Natalya Boborova,RUS,1959-02-12,4,Leningrad,1981-07-26,240.99,1981,1980,22.45037645448323
1072,4:00.99,Violeta Szekely,ROU,1965-03-26,2,Bruxelles,2000-08-25,240.99,2000,2000,35.41683778234086
1072,4:00.99,Nelly Jepkosgei,BRN,1991-07-14,2,Ad-Dawhah,2018-05-04,240.99,2018,2010,26.806297056810404
1072,4:00.99,Jennifer Simpson,USA,1986-08-23,1s2,Ad-Dawhah,2019-10-03,240.99,2019,2010,33.111567419575636
1076,4:01.0,Lyubov Smolka,UKR,1952-11-29,4,Moskva,1980-06-12,241.0,1980,1980,27.534565366187543
1076,4:01.00,Kutre Dulecha,ETH,1978-08-22,4,Zürich,1998-08-12,241.0,1998,1990,19.972621492128678
1076,4:01.00,Olga Yegorova,RUS,1972-03-28,1,Roma,2003-07-11,241.0,2003,2000,31.28542094455852
1076,4:01.00,Genzebe Dibaba,ETH,1991-02-08,2rA,Stockholm,2014-08-21,241.0,2014,2010,23.531827515400412
1076,4:01.00,Sofia Ennaoui,POL,1995-08-30,8,Saint-Denis,2016-08-27,241.0,2016,2010,20.993839835728952
1076,4:01.00,Elinor St. Pierre,USA,1995-02-20,6s1,Tokyo,2021-08-04,241.0,2021,2020,26.45311430527036
1082,4:01.01,Natalya Artyomova,RUS,1963-01-05,2,Frankfurt,1991-06-30,241.01,1991,1990,28.48186173853525
1082,4:01.01,Regina Jacobs,USA,1963-08-28,1,Sacramento,2000-07-16,241.01,2000,2000,36.884325804243666
1082,4:01.01,Alesya Turova,BLR,1979-12-06,1,Monaco,2002-07-19,241.01,2002,2000,22.61738535249829
1082,4:01.01,Christin Wurth-Thomas,USA,1980-07-11,5,Zürich,2009-08-28,241.01,2009,2000,29.130732375085557
1082,4:01.01,Nancy Jebet Langat,KEN,1981-08-22,1,Zürich,2010-08-19,241.01,2010,2010,28.99110198494182
1082,4:01.01,Laura Muir,GBR,1993-05-09,7,Stockholm,2024-06-02,241.01,2024,2020,31.066392881587955
1088,4:01.02,Svetlana Kitova,TJK,1960-06-25,2,Kyiv,1988-08-02,241.02,1988,1980,28.10403832991102
1088,4:01.02,Regina Jacobs,USA,1963-08-28,2,Monaco,2002-07-19,241.02,2002,2000,38.8911704312115
1090,4:01.03,Paula Ivan,ROU,1963-07-20,1,Bucuresti,1987-05-23,241.03,1987,1980,23.84120465434634
1090,4:01.03,Abeba Aregawi,ETH,1990-07-05,1s2,London,2012-08-08,241.03,2012,2010,22.094455852156056
1090,4:01.03,Gudaf Tsegay,ETH,1997-06-23,2,Birmingham,2018-08-18,241.03,2018,2010,21.152635181382614
1090,4:01.03,Freweyni Hailu,ETH,2001-02-12,3s1,Tokyo,2025-09-14,241.03,2025,2020,24.58590006844627
1094,4:01.04,Mariem Alaoui Selsouli,MAR,1984-04-08,1r1,Rieti,2011-09-10,241.04,2011,2010,27.422313483915126
1094,4:01.04,Gabriela DeBues-Stafford,CAN,1995-09-13,2s2,Ad-Dawhah,2019-10-03,241.04,2019,2010,24.05475701574264
1096,4:01.05,Lyubov Kremlyova,RUS,1961-12-21,2,Monaco,1994-08-02,241.05,1994,1990,32.61327857631759
1096,4:01.05,Hassiba Boulmerka,ALG,1968-07-10,1,London,1994-09-09,241.05,1994,1990,26.16563997262149
1096,4:01.05,Sonia O'Sullivan,IRL,1969-11-28,2,Bratislava,1998-06-09,241.05,1998,1990,28.528405201916495
1096,4:01.05,Laura Muir,GBR,1993-05-09,3s2,Ad-Dawhah,2019-10-03,241.05,2019,2010,26.401095140314855
1100,4:01.06,Regina Jacobs,USA,1963-08-28,3,Bruxelles,2002-08-30,241.06,2002,2000,39.006160164271044
1100,4:01.06+,Gabriela DeBues-Stafford,CAN,1995-09-13,5,Monaco,2019-07-12,241.06,2019,2010,23.82751540041068
1102,4:01.07,Hind Dehiba,FRA,1979-03-17,3,Rieti,2010-08-29,241.07,2010,2010,31.45242984257358
1103,4:01.08,Sonia O'Sullivan,IRL,1969-11-28,4,Bruxelles,1998-08-28,241.08,1998,1990,28.747433264887064
1103,4:01.08,Suzy Favor Hamilton,USA,1968-08-08,2,Paris,2002-09-14,241.08,2002,2000,34.09993155373032
1103,4:01.08,Faith Kipyegon,KEN,1994-01-10,2,Eugene,2013-06-01,241.08,2013,2010,19.38945927446954
1103,4:01.08,Laura Muir,GBR,1993-05-09,1,München,2022-08-19,241.08,2022,2020,29.27857631759069
1103,4:01.08,Sinclaire Johnson,USA,1998-04-13,4s1,Tokyo,2025-09-14,241.08,2025,2020,27.422313483915126
1108,4:01.09,Susan Krumins,NED,1986-07-08,9,Lausanne,2010-07-08,241.09,2010,2010,24.0
1108,4:01.09,Ibtissam Lakhouad,MAR,1980-12-07,2,Monaco,2011-07-22,241.09,2011,2010,30.62012320328542
1108,4:01.09,Helen Schlachtenhaufen,USA,1995-03-14,3,Stockholm,2021-07-04,241.09,2021,2020,26.308008213552363
1108,4:01.09,Sinclaire Johnson,USA,1998-04-13,2h3,Budapest,2023-08-19,241.09,2023,2020,25.349760438056126
1108,4:01.09,Susan Ejore-Sanders,KEN,1995-11-09,11,Eugene,2024-05-25,241.09,2024,2020,28.542094455852155
1113,4:01.1,Valentina Ilyinykh,RUS,1956-12-12,3,Moskva,1979-07-29,241.1,1979,1970,22.625598904859686
1113,4:01.10,Doina Melinte,ROU,1956-12-27,1,Köln,1986-08-17,241.1,1986,1980,29.637234770704996
1113,4:01.10,Sandra Gasser,SUI,1962-07-27,1,Oslo,1987-07-04,241.1,1987,1980,24.93634496919918
1113,4:01.10,Helen Clitheroe,GBR,1974-01-02,3,Monaco,2002-07-19,241.1,2002,2000,28.542094455852155
1113,4:01.10,Claudia Mihaela Bobocea,ROU,1992-06-11,4rA,Ostrava,2022-05-31,241.1,2022,2020,29.968514715947983
1113,4:01.10,Georgia Griffith,AUS,1996-12-05,1,Tokyo,2025-05-18,241.1,2025,2020,28.449007529089666
1113,4:01.10,Erin Wallace,GBR,2000-05-18,10,Budapest,2025-08-12,241.1,2025,2020,25.234770704996578
1120,4:01.12,Gudaf Tsegay,ETH,1997-06-23,4s2,Ad-Dawhah,2019-10-03,241.12,2019,2010,22.27789185489391
1120,4:01.12,Birke Haylom,ETH,2006-01-06,3h3,Budapest,2023-08-19,241.12,2023,2020,17.61533196440794
1122,4:01.13,Kelly Holmes,GBR,1970-04-19,2,Oslo,1996-07-05,241.13,1996,1990,26.21218343600274
1123,4:01.14,Yelena Soboleva,RUS,1982-10-03,3r3,Tula,2005-07-13,241.14,2005,2000,22.77618069815195
1123,4:01.14,Winny Chebet,KEN,1990-12-20,5s2,Ad-Dawhah,2019-10-03,241.14,2019,2010,28.78576317590691
1125,4:01.15+,Maricica Puica,ROU,1950-07-29,1,Nice,1986-07-15,241.15,1986,1980,35.96167008898015
1125,4:01.15,Svetlana Masterkova,RUS,1968-01-17,5,Oslo,2000-07-28,241.15,2000,2000,32.5284052019165
1125,4:01.15,Olga Yegorova,RUS,1972-03-28,1,Roma,2004-07-02,241.15,2004,2000,32.26283367556468
1125,4:01.15,Rababe Arafi,MAR,1991-01-12,1,Shanghai,2019-05-18,241.15,2019,2010,28.344969199178646
1125,4:01.15+,Winnie Nanyondo,UGA,1993-08-23,6,Monaco,2019-07-12,241.15,2019,2010,25.883641341546884
1125,4:01.15,Abbey Caldwell,AUS,2001-07-03,5,Ad-Dawhah,2023-05-05,241.15,2023,2020,21.83709787816564
1125,4:01.15,Katie Snowden,GBR,1994-03-09,4h3,Budapest,2023-08-19,241.15,2023,2020,29.44558521560575
1132,4:01.16,Shannon Osika,USA,1993-06-15,5,Eugene,2021-08-21,241.16,2021,2020,28.18343600273785
1133,4:01.17,Mary Slaney,USA,1958-08-04,1,Stuttgart,1980-07-12,241.17,1980,1980,21.93839835728953
1133,4:01.17,Tatyana Pozdnyakova,UKR,1956-03-04,4,Kyiv,1984-06-24,241.17,1984,1980,28.306639288158795
1133,4:01.17,Tatyana Dorovskikh,UKR,1961-08-12,2,Monaco,1992-08-11,241.17,1992,1990,30.99794661190965
1133,4:01.17,Fanjanteino Félix,FRA,1980-01-26,4,Saint-Denis,2010-07-16,241.17,2010,2010,30.469541409993155
1133,4:01.17,Hind Dehiba,FRA,1979-03-17,2,Barcelona,2010-08-01,241.17,2010,2010,31.37577002053388
1138,4:01.18,Anna Bukis,POL,1953-09-08,1,Pescara,1981-08-02,241.18,1981,1980,27.89869952087611
1138,4:01.18,Carla Sacramento,POR,1971-12-10,6,Oslo,2000-07-28,241.18,2000,2000,28.632443531827516
1138,4:01.18,Violeta Szekely,ROU,1965-03-26,3,Zürich,2000-08-11,241.18,2000,2000,35.37850787132101
1138,4:01.18,Hayley Tullett,GBR,1973-02-17,4,Zürich,2003-08-15,241.18,2003,2000,30.48870636550308
1138,4:01.18,Jennifer Simpson,USA,1986-08-23,4,Roma,2019-06-06,241.18,2019,2010,32.785763175906915
1138,4:01.18,Winnie Nanyondo,UGA,1993-08-23,4,Monaco,2021-07-09,241.18,2021,2020,27.876796714579054
1138,4:01.18,Cory Ann McGee,USA,1992-05-29,13,Paris,2024-07-07,241.18,2024,2020,32.106776180698155
1145,4:01.19,Zamira Zaytseva,UZB,1953-02-16,2,Helsinki,1983-08-14,241.19,1983,1980,30.48870636550308
1145,4:01.19,Ravilya Agletdinova,BLR,1960-02-10,1,Stuttgart,1986-08-31,241.19,1986,1980,26.55441478439425
1145,4:01.19,Tatyana Tomashova,RUS,1975-07-01,1rA,Tula,2003-08-10,241.19,2003,2000,28.109514031485283
1145,4:01.19,Maryam Yusuf Jamal,BRN,1984-09-16,1rA,Stockholm,2012-08-17,241.19,2012,2010,27.917864476386036
1145,4:01.19,Sifan Hassan,NED,1993-01-01,3,Shanghai,2014-05-18,241.19,2014,2010,21.374401095140314
1145,4:01.19,Nelly Chepchirchir,KEN,2003-06-04,3,Ad-Dawhah,2024-05-10,241.19,2024,2020,20.933607118412045
1145,4:01.19,Gabriela DeBues-Stafford,CAN,1995-09-13,2,Cork,2025-07-11,241.19,2025,2020,29.82614647501711
1145,4:01.19,Marta Pérez,ESP,1993-04-19,5s1,Tokyo,2025-09-14,241.19,2025,2020,32.40520191649555
1153,4:01.2,Yekaterina Podkopayeva,RUS,1952-06-11,1r2,Sochi,1980-05-23,241.2,1980,1980,27.94798083504449
1153,4:01.2,Ulrike Bruns,GDR,1953-11-17,2,Potsdam,1980-07-05,241.2,1980,1980,26.63107460643395
1153,4:01.2,Lyudmila Shesterova,UKR,1956-10-12,2,Moskva,1980-07-12,241.2,1980,1980,23.748117727583846
1153,4:01.20,Maricica Puica,ROU,1950-07-29,1,Oslo,1986-07-05,241.2,1986,1980,35.93429158110883
1153,4:01.20,Yvonne Murray,GBR,1964-10-04,2,Oslo,1987-07-04,241.2,1987,1980,22.746064339493497
1158,4:01.21,Tatyana Tomashova,RUS,1975-07-01,2,Monaco,2006-08-20,241.21,2006,2000,31.137577002053387
1158,4:01.21+,Ciara Mageean,IRL,1992-03-12,7,Monaco,2019-07-12,241.21,2019,2010,27.33196440793977
1158,4:01.21,Gabija Galvydyte,LTU,2000-01-17,3,Los Angeles,2026-06-14,241.21,2026,2020,26.406570841889117
1161,4:01.22,Galina Kireyeva,RUS,1956-03-01,8r1,Kyiv,1982-07-27,241.22,1982,1980,26.403832991101986
1161,4:01.22,Tamara Sorokina,RUS,1950-08-15,6,Athínai,1982-09-11,241.22,1982,1980,32.07392197125257
1161,4:01.22,Lyudmila Rogachova,RUS,1966-10-30,1,Noisy-le-Grand,1992-07-04,241.22,1992,1990,25.678302532511978
1161,4:01.22,Jackline Maranga,KEN,1977-12-16,4,Bruxelles,2003-09-05,241.22,2003,2000,25.71937029431896
1165,4:01.23,Tatyana Kazankina,RUS,1951-12-17,2,Leningrad,1983-07-26,241.23,1983,1980,31.60574948665298
1165,4:01.23,Sonia O'Sullivan,IRL,1969-11-28,2,Zürich,1992-08-19,241.23,1992,1990,22.72416153319644
1165,4:01.23,Hayley Tullett,GBR,1973-02-17,7,Oslo,2000-07-28,241.23,2000,2000,27.44147843942505
1165,4:01.23,Nouria Mérah-Benida,ALG,1970-10-19,3,Bruxelles,2000-08-25,241.23,2000,2000,29.8507871321013
1165,4:01.23,Maryam Yusuf Jamal,BRN,1984-09-16,1,Stuttgart,2007-09-22,241.23,2007,2000,23.014373716632445
1165,4:01.23,Lisa Dobriskey,GBR,1983-12-23,1,Rieti,2009-09-06,241.23,2009,2000,25.7056810403833
1165,4:01.23,Kristiina Sasinek Mäki,CZE,1991-09-22,7s1,Tokyo,2021-08-04,241.23,2021,2020,29.867214236824093
1165,4:01.23,Freweyni Hailu,ETH,2001-02-12,1h3,Tokyo,2025-09-13,241.23,2025,2020,24.583162217659137
1173,4:01.24,Doina Melinte,ROU,1956-12-27,2,Zürich,1988-08-17,241.24,1988,1980,31.638603696098563
1173,4:01.24,Gaia Sabbatini,ITA,1999-06-10,8,Chorzów,2023-07-16,241.24,2023,2020,24.098562628336754
1175,4:01.25,Gabriella Dorio,ITA,1957-06-27,6,Praha,1978-09-03,241.25,1978,1970,21.1854893908282
1175,4:01.25,Lyubov Smolka,UKR,1952-11-29,6,Moskva,1980-08-01,241.25,1980,1980,27.67145790554415
1175,4:01.25,Gudaf Tsegay,ETH,1997-06-23,2,Shanghai,2019-05-18,241.25,2019,2010,21.900068446269678
1175,4:01.25,Brenda Chebet,KEN,2004-03-06,2,Székesfehérvár,2023-07-18,241.25,2023,2020,19.364818617385353
1175,4:01.25,Worknesh Mesele,ETH,2001-06-10,4,Ad-Dawhah,2024-05-10,241.25,2024,2020,22.915811088295687
1180,4:01.26,Maricica Puica,ROU,1950-07-29,7,Moskva,1980-08-01,241.26,1980,1980,30.00958247775496
1180,4:01.26,Carla Sacramento,POR,1971-12-10,4,Monaco,2001-07-20,241.26,2001,2000,29.609856262833677
1180,4:01.26,Judit Varga,HUN,1976-04-16,6,Zürich,2002-08-16,241.26,2002,2000,26.33264887063655
1180,4:01.26,Mercy Cherono,KEN,1991-05-07,2,Eugene,2015-05-30,241.26,2015,2010,24.06297056810404
1180,4:01.26,Elise Vanderelst,BEL,1998-01-27,11,Bruxelles,2024-09-14,241.26,2024,2020,26.63107460643395
1185,4:01.27,Gudaf Tsegay,ETH,1997-06-23,12,Saint-Denis,2024-08-10,241.27,2024,2020,27.132101300479125
1186,4:01.28,Lyubov Kremlyova,RUS,1961-12-21,3,Monaco,1992-08-11,241.28,1992,1990,30.639288158795345
1186,4:01.28,Tatyana Tomashova,RUS,1975-07-01,3,München,2002-08-11,241.28,2002,2000,27.1129363449692
1186,4:01.28,Bouchra Ghézielle,FRA,1979-05-19,4,Monaco,2005-09-09,241.28,2005,2000,26.310746064339494
1186,4:01.28,Shannon Rowbury,USA,1984-09-19,4,Monaco,2013-07-19,241.28,2013,2010,28.829568788501028
1186,4:01.28,Gabriela DeBues-Stafford,CAN,1995-09-13,5,Roma,2019-06-06,241.28,2019,2010,23.72895277207392
1186,4:01.28,Gudaf Tsegay,ETH,1997-06-23,1s1,Eugene,2022-07-16,241.28,2022,2020,25.062286105407257
1186,4:01.28,Freweyni Hailu,ETH,2001-02-12,4,Eugene,2022-07-18,241.28,2022,2020,21.426420260095824
1186,4:01.28,Cory Ann McGee,USA,1992-05-29,10,Eugene,2023-09-16,241.28,2023,2020,31.299110198494184
1194,4:01.29,Christiane Wartenberg,GDR,1956-10-27,2,Los Angeles,1983-06-25,241.29,1983,1980,26.65845311430527
1194,4:01.29,Carla Sacramento,POR,1971-12-10,5,Sevilla,1999-08-29,241.29,1999,1990,27.718001368925393
1194,4:01.29,Gulnara Galkina,RUS,1978-07-09,1,Tula,2004-08-01,241.29,2004,2000,26.064339493497606
1194,4:01.29,Maryam Yusuf Jamal,BRN,1984-09-16,2,Rieti,2009-09-06,241.29,2009,2000,24.971937029431896
1198,4:01.30,Natalia Rodríguez,ESP,1979-06-02,2,Roma,2003-07-11,241.3,2003,2000,24.10677618069815
1198,4:01.30,Shannon Rowbury,USA,1984-09-19,5,Saint-Denis,2010-07-16,241.3,2010,2010,25.82067077344285
1198,4:01.30,Natalia Rodríguez,ESP,1979-06-02,3,Barcelona,2010-08-01,241.3,2010,2010,31.16495550992471
1198,4:01.30,Winnie Nanyondo,UGA,1993-08-23,6s2,Ad-Dawhah,2019-10-03,241.3,2019,2010,26.11088295687885
1198,4:01.30,Brenda Chebet,KEN,2004-03-06,2,Tomblaine,2023-06-18,241.3,2023,2020,19.28268309377139
1198,4:01.30,Sarah Madeleiene,FRA,1998-09-20,6s1,Tokyo,2025-09-14,241.3,2025,2020,26.98425735797399
1198,4:01.30,Claudia Hollingsworth,AUS,2005-04-12,1,Melbourne,2026-03-28,241.3,2026,2020,20.958247775496236
1205,4:01.31,Andrea Hahmann,GER,1966-06-03,1,Potsdam,1988-09-08,241.31,1988,1980,22.26694045174538
1205,4:01.31,Carla Sacramento,POR,1971-12-10,2,Berlin,2001-08-31,241.31,2001,2000,29.724845995893222
1205,4:01.31,Olga Yegorova,RUS,1972-03-28,3,Tula,2006-06-15,241.31,2006,2000,34.21492128678987
1205,4:01.31,Viola Kibiwott,KEN,1985-12-22,4,Shanghai,2014-05-18,241.31,2014,2010,28.40246406570842
1205,4:01.31,Claudia Mihaela Bobocea,ROU,1992-06-11,3,Chorzów,2020-09-06,241.31,2020,2020,28.238193018480494
1210,4:01.32,Paula Ivan,ROU,1963-07-20,1,Zagreb,1987-07-16,241.32,1987,1980,23.98904859685147
1210,4:01.32,Winny Chebet,KEN,1990-12-20,3,Hengelo,2017-06-11,241.32,2017,2010,26.47501711156742
1210,4:01.32,Elisabet Amare,ETH,2009-02-23,1,Montreuil,2026-06-17,241.32,2026,2020,17.311430527036276
1213,4:01.33,Siham Hilali,MAR,1986-05-02,3,Hengelo,2011-05-29,241.33,2011,2010,25.073237508555785
1213,4:01.33,Kate Grace,USA,1988-10-24,1,Berlin,2021-09-12,241.33,2021,2020,32.884325804243666
1215,4:01.34,Margaret Crowley,AUS,1967-05-25,3,Oslo,1996-07-05,241.34,1996,1990,29.114305270362767
1215,4:01.34,Meraf Bahta,SWE,1989-06-24,5,Zürich,2014-08-28,241.34,2014,2010,25.177275838466805
1215,4:01.34,Abby Caldwell,USA,1995-10-12,6,Firenze,2023-06-02,241.34,2023,2020,27.638603696098563
1218,4:01.35,Carla Sacramento,POR,1971-12-10,4,Bruxelles,2002-08-30,241.35,2002,2000,30.72142368240931
1219,4:01.36,Lidia Chojecka,POL,1977-01-25,3,Zürich,1999-08-11,241.36,1999,1990,22.54072553045859
1219,4:01.36,Brenda Martinez,USA,1987-09-08,6,Zürich,2014-08-28,241.36,2014,2010,26.97056810403833
1219,4:01.36,Dawit Seyaum,ETH,1996-07-27,1,Birmingham,2017-08-20,241.36,2017,2010,21.065023956194388
1219,4:01.36,Georgia Griffith,AUS,1996-12-05,13,Paris,2025-06-20,241.36,2025,2020,28.539356605065024
1223,4:01.37,Tamara Sorokina,RUS,1950-08-15,1,Zagreb,1981-08-16,241.37,1981,1980,31.003422313483917
1223,4:01.37,Svetlana Masterkova,RUS,1968-01-17,1,Oslo,1998-07-09,241.37,1998,1990,30.47501711156742
1223,4:01.37,Linden Hall,AUS,1991-06-20,3s2,Tokyo,2021-08-04,241.37,2021,2020,30.12457221081451
1226,4:01.38,Lyudmila Bragina,RUS,1943-07-24,1,München,1972-09-09,241.38,1972,1970,29.130732375085557
1226,4:01.38,Ulrike Bruns,GDR,1953-11-17,1,Erfurt,1984-06-03,241.38,1984,1980,30.543463381245722
1226,4:01.38,Elizabeth McColgan,GBR,1964-05-24,3,Oslo,1987-07-04,241.38,1987,1980,23.110198494182068
1226,4:01.38,Judit Varga,HUN,1976-04-16,4,Monaco,2002-07-19,241.38,2002,2000,26.255989048596852
1226,4:01.38,Yelena Zadorozhnaya,RUS,1977-12-03,2,Roma,2004-07-02,241.38,2004,2000,26.579055441478438
1226,4:01.38,Heather MacLean,USA,1995-08-31,4,Chorzów,2022-08-06,241.38,2022,2020,26.93223819301848
1232,4:01.39,Winnie Nanyondo,UGA,1993-08-23,3,Shanghai,2019-05-18,241.39,2019,2010,25.73305954825462
1232,4:01.39,Sofia Ennaoui,POL,1995-08-30,5,Chorzów,2022-08-06,241.39,2022,2020,26.934976043805612
1232,4:01.39,Josette Andrews,USA,1995-12-15,7,Firenze,2023-06-02,241.39,2023,2020,27.463381245722108
1232,4:01.39,Jessica Hull,AUS,1996-10-22,1,Adelaide,2024-04-14,241.39,2024,2020,27.477070499657767
1236,4:01.4,Gunhild Hoffmeister,GDR,1944-07-06,2,Potsdam,1976-07-14,241.4,1976,1970,32.02190280629706
1236,4:01.4,Olga Dvirna,RUS,1953-02-11,4,Moskva,1979-07-29,241.4,1979,1970,26.458590006844627
1236,4:01.4,Valentina Ilyinykh,RUS,1956-12-12,2,Kaunas,1979-08-12,241.4,1979,1970,22.663928815879533
1236,4:01.4,Irina Lebedinskaya,RUS,1961-06-16,3,Krasnodar,1983-05-30,241.4,1983,1980,21.95208761122519
1236,4:01.40,Doina Melinte,ROU,1956-12-27,2,Bucuresti,1982-07-31,241.4,1982,1980,25.590691307323752
1236,4:01.40,Doina Melinte,ROU,1956-12-27,2,Lausanne,1991-07-10,241.4,1991,1990,34.53251197809719
1236,4:01.40,Maryam Yusuf Jamal,BRN,1984-09-16,3,Bruxelles,2011-09-16,241.4,2011,2010,26.99794661190965
1236,4:01.40,Sifan Hassan,NED,1993-01-01,2,Ad-Dawhah,2015-05-15,241.4,2015,2010,22.365503080082135
1236,4:01.40,Dawit Seyaum,ETH,1996-07-27,4,Shanghai,2019-05-18,241.4,2019,2010,22.806297056810404
1236,4:01.40+,Rababe Arafi,MAR,1991-01-12,8,Monaco,2019-07-12,241.4,2019,2010,28.49555099247091
1236,4:01.40,Faith Kipyegon,KEN,1994-01-10,1h3,Tokyo,2021-08-02,241.4,2021,2020,27.55920602327173
1236,4:01.40,Jemma Reekie,GBR,1998-03-06,3,Tomblaine,2023-06-18,241.4,2023,2020,25.284052019164957
1236,4:01.40,Dominique Hiltz,USA,1994-10-23,1s1,Eugene,2024-06-28,241.4,2024,2020,29.68104038329911
1249,4:01.41,Kirsty Wade,GBR,1962-08-06,6,Roma,1987-09-05,241.41,1987,1980,25.08145106091718
1249,4:01.41,Kelly Holmes,GBR,1970-04-19,1,Sheffield,1994-06-12,241.41,1994,1990,24.147843942505133
1249,4:01.41,Olga Yegorova,RUS,1972-03-28,1rA,Lausanne,2004-07-06,241.41,2004,2000,32.27378507871321
1249,4:01.41,Nancy Jebet Langat,KEN,1981-08-22,3,Eugene,2013-06-01,241.41,2013,2010,31.77549623545517
1249,4:01.41,Viola Kibiwott,KEN,1985-12-22,5,Roma,2015-06-04,241.41,2015,2010,29.44832306639288
1249,4:01.41,Habitam Alemu,ETH,1997-07-09,3,Ad-Dawhah,2018-05-04,241.41,2018,2010,20.8186173853525
1249,4:01.41,Marta Pérez,ESP,1993-04-19,5h3,Budapest,2023-08-19,241.41,2023,2020,30.33264887063655
1249,4:01.41,Saron Berhe,ETH,2007-08-22,14,Paris,2025-06-20,241.41,2025,2020,17.828884325804243
1249,4:01.41,Joceline Wind,SUI,2000-09-12,10,Xiamen,2026-05-23,241.41,2026,2020,25.691991786447637
1258,4:01.42,Kristina da Fonseca-Wöllheim,GER,1972-02-10,8,Roma,1998-07-14,241.42,1998,1990,26.42299794661191
1258,4:01.42,Olga Nelyubova,RUS,1964-06-12,9,Monaco,1998-08-08,241.42,1998,1990,34.15468856947297
1258,4:01.42,Olga Yegorova,RUS,1972-03-28,1,Kazan,2004-07-09,241.42,2004,2000,32.28199863107461
1258,4:01.42,Gudaf Tsegay,ETH,1997-06-23,5,Roma,2017-06-08,241.42,2017,2010,19.958932238193018
1258,4:01.42+,Dominique Hiltz,USA,1994-10-23,4,Oslo,2023-06-15,241.42,2023,2020,28.643394934976044
1263,4:01.43,Fita Lovin,ROU,1951-01-14,2,Bucuresti,1984-07-12,241.43,1984,1980,33.492128678986994
1263,4:01.43,Zamira Zaytseva,UZB,1953-02-16,4,Moskva,1984-08-03,241.43,1984,1980,31.460643394934976
1263,4:01.43,Anna Jakubczak,POL,1973-02-02,4,Zürich,1999-08-11,241.43,1999,1990,26.518822724161534
1263,4:01.43,Lidia Chojecka,POL,1977-01-25,5,Göteborg,2006-08-13,241.43,2006,2000,29.54688569472964
1263,4:01.43,Helen Obiri,KEN,1989-12-13,4,Saint-Denis,2012-07-06,241.43,2012,2010,22.562628336755647
1263,4:01.43,Sofia Ennaoui,POL,1995-08-30,5,Eugene,2022-07-18,241.43,2022,2020,26.882956878850102
1269,4:01.44,Ulrike Bruns,GDR,1953-11-17,2,Jena,1981-08-09,241.44,1981,1980,27.72621492128679
1269,4:01.44,Yvonne Murray,GBR,1964-10-04,2,Sheffield,1994-06-12,241.44,1994,1990,29.686516084873375
1269,4:01.44,Kristina da Fonseca-Wöllheim,GER,1972-02-10,5,Zürich,1999-08-11,241.44,1999,1990,27.498973305954827
1269,4:01.44,Olga Yegorova,RUS,1972-03-28,5,Saint-Denis,2006-07-08,241.44,2006,2000,34.27789185489391
1269,4:01.44,Maryam Yusuf Jamal,BRN,1984-09-16,1,Oslo,2007-06-15,241.44,2007,2000,22.743326488706366
1269,4:01.44,Anna Willard,USA,1984-03-31,3,Eugene,2009-06-07,241.44,2009,2000,25.1854893908282
1269,4:01.44,Nozomi Tanaka,JPN,1999-09-04,1,Niigata,2024-06-28,241.44,2024,2020,24.815879534565365
1276,4:01.45,Liu Li,CHN,1971-03-12,1h2,Beijing,1993-09-10,241.45,1993,1990,22.49965776865161
1276,4:01.45,Violeta Szekely,ROU,1965-03-26,1,Oslo,2001-07-13,241.45,2001,2000,36.2984257357974
1276,4:01.45,Yelena Zadorozhnaya,RUS,1977-12-03,2rA,Tula,2003-08-10,241.45,2003,2000,25.683778234086244
1276,4:01.45,Cory Ann McGee,USA,1992-05-29,8,Firenze,2023-06-02,241.45,2023,2020,31.00889801505818
1276,4:01.45,Linden Hall,AUS,1991-06-20,6h3,Budapest,2023-08-19,241.45,2023,2020,32.16427104722793
1281,4:01.46,Olga Yegorova,RUS,1972-03-28,2,Helsinki,2005-08-14,241.46,2005,2000,33.379876796714576
1281,4:01.46+,Maryam Yusuf Jamal,BRN,1984-09-16,1,Rieti,2008-09-07,241.46,2008,2000,23.975359342915812
1281,4:01.46,Anna Shchagina,RUS,1991-12-07,8,Monaco,2015-07-17,241.46,2015,2010,23.60848733744011
1281,4:01.46,Ciara Mageean,IRL,1992-03-12,9,Saint-Denis,2016-08-27,241.46,2016,2010,24.459958932238195
1281,4:01.46,Axumawit Embaye,ETH,1994-10-18,5,Rabat,2025-05-25,241.46,2025,2020,30.600958247775495
1281,4:01.46,Sinclaire Johnson,USA,1998-04-13,1,Portland,2025-06-15,241.46,2025,2020,27.173169062286107
1287,4:01.47,Getenesh Wami,ETH,1974-12-11,2,Stuttgart,1998-07-19,241.47,1998,1990,23.603011635865844
1287,4:01.47+,Gelete Burka,ETH,1986-01-23,2,Rieti,2008-09-07,241.47,2008,2000,22.622861054072555
1287,4:01.47,Birke Haylom,ETH,2006-01-06,11,Saint-Denis,2024-08-07,241.47,2024,2020,18.584531143052704
1290,4:01.48,Jackline Maranga,KEN,1977-12-16,2,Monaco,2003-09-13,241.48,2003,2000,25.741273100616016
1290,4:01.48,Oksana Zbrozhek,RUS,1978-01-12,3,Roma,2009-07-10,241.48,2009,2000,31.49075975359343
1290,4:01.48,Gabrielle Anderson,USA,1986-06-25,5,Monaco,2013-07-19,241.48,2013,2010,27.066392881587955
1290,4:01.48,Sarah Healy,IRL,2001-02-13,7,Xiamen,2023-09-02,241.48,2023,2020,22.548939082819988
1290,4:01.48,Marta Pérez,ESP,1993-04-19,11,Chorzów,2024-08-25,241.48,2024,2020,31.351129363449694
1295,4:01.49,Ulrike Bruns,GDR,1953-11-17,3,Cottbus,1982-06-26,241.49,1982,1980,28.605065023956193
1295,4:01.49,Doina Melinte,ROU,1956-12-27,1,Udine,1983-06-12,241.49,1983,1980,26.455852156057496
1295,4:01.49,Svetlana Kitova,TJK,1960-06-25,1,Moskva,1988-08-06,241.49,1988,1980,28.11498973305955
1295,4:01.49,Wang Qingfen,CHN,1973-03-27,3h1,Beijing,1993-09-10,241.49,1993,1990,20.45722108145106
1295,4:01.49,Violeta Szekely,ROU,1965-03-26,1,Monaco,1999-08-04,241.49,1999,1990,34.35728952772074
1295,4:01.49,Winnie Nanyondo,UGA,1993-08-23,4,Nanjing,2019-05-21,241.49,2019,2010,25.741273100616016
1295,4:01.49,Agathe Guillemot,FRA,1999-07-11,7,Roma,2025-06-06,241.49,2025,2020,25.905544147843944
1302,4:01.50,Yekaterina Podkopayeva,RUS,1952-06-11,2,Stockholm,1994-07-12,241.5,1994,1990,42.08350444900753
1302,4:01.50,Natalya Gorelova,RUS,1973-04-18,8,Oslo,2000-07-28,241.5,2000,2000,27.277207392197127
1302,4:01.50,Maria Mutola,MOZ,1972-10-27,1,Roma,2002-07-12,241.5,2002,2000,29.7056810403833
1302,4:01.50,Natalia Rodríguez,ESP,1979-06-02,1,Barcelona,2011-07-22,241.5,2011,2010,32.1368925393566
1302,4:01.50,Sarah McDonald,GBR,1993-08-02,10,Rabat,2019-06-16,241.5,2019,2010,25.869952087611225
1302,4:01.50A,Diribe Welteji,ETH,2002-05-13,1,Nairobi,2022-05-07,241.5,2022,2020,19.983572895277206
1302,4:01.50,Sarah Healy,IRL,2001-02-13,11,Paris,2026-06-28,241.5,2026,2020,25.36892539356605
1309,4:01.51,Morgan Uceny,USA,1985-03-10,3,Monaco,2011-07-22,241.51,2011,2010,26.365503080082135
1309,4:01.51,Birke Haylom,ETH,2006-01-06,9,Budapest,2023-08-22,241.51,2023,2020,17.623545516769337
1311,4:01.52,Ulrike Bruns,GDR,1953-11-17,4h1,Moskva,1980-07-30,241.52,1980,1980,26.699520876112253
1311,4:01.52,Mariem Alaoui Selsouli,MAR,1984-04-08,4,Osaka,2007-09-02,241.52,2007,2000,23.40041067761807
1311,4:01.52,Dominique Hiltz,USA,1994-10-23,7s2,Ad-Dawhah,2019-10-03,241.52,2019,2010,24.944558521560573
1311,4:01.52,Marta Zenoni,ITA,1999-03-09,8,Roma,2025-06-06,241.52,2025,2020,26.245037645448324
1311,4:01.52,Georgia Hunter Bell,GBR,1993-10-17,2,Melbourne,2026-03-28,241.52,2026,2020,32.4435318275154
1316,4:01.53,Christine Benning,GBR,1955-03-30,3,Zürich,1979-08-15,241.53,1979,1970,24.37782340862423
1317,4:01.54,Brigitte Kraus,FRG,1956-08-12,1,Dortmund,1978-07-01,241.54,1978,1970,21.883641341546884
1317,4:01.54,Gabriela Szabo,ROU,1975-11-14,2,Atlanta,1996-08-03,241.54,1996,1990,20.720054757015742
1317,4:01.54,Lisa Dobriskey,GBR,1983-12-23,4,Barcelona,2010-08-01,241.54,2010,2010,26.60643394934976
1317,4:01.54,Eunice Sum,KEN,1988-04-10,6,Eugene,2014-05-31,241.54,2014,2010,26.138261464750173
1317,4:01.54,Laura Muir,GBR,1993-05-09,1,Eugene,2021-04-24,241.54,2021,2020,27.958932238193018
1317,4:01.54,Weronika Lizakowska,POL,1998-11-02,5h2,Saint-Denis,2024-08-06,241.54,2024,2020,25.760438056125942
1317,4:01.54,Abbey Caldwell,AUS,2001-07-03,4,Philadelphia,2025-05-31,241.54,2025,2020,23.90965092402464
1324,4:01.55,Wang Junxia,CHN,1973-01-09,2h2,Beijing,1993-09-10,241.55,1993,1990,20.66803559206023
1324,4:01.55,Violeta Szekely,ROU,1965-03-26,1,Saint-Denis,2001-07-06,241.55,2001,2000,36.27926078028747
1324,4:01.55,Natalya Gorelova,RUS,1973-04-18,3,Berlin,2001-08-31,241.55,2001,2000,28.369609856262834
1327,4:01.56,Axumawit Embaye,ETH,1994-10-18,6,Chorzów,2022-08-06,241.56,2022,2020,27.800136892539356
1327,4:01.56,Likina Amebaw,ETH,1997-11-30,7,Rabat,2026-05-31,241.56,2026,2020,28.49828884325804
1329,4:01.57,Natalya Artyomova,RUS,1963-01-05,5,Kyiv,1984-06-24,241.57,1984,1980,21.467488021902806
1329,4:01.57,Lyubov Kremlyova,RUS,1961-12-21,3,Kyiv,1986-07-17,241.57,1986,1980,24.569472963723477
1329,4:01.57,Natalya Yevdokimova,RUS,1978-03-17,2,Tula,2004-08-01,241.57,2004,2000,26.376454483230663
1329,4:01.57,Jennifer Simpson,USA,1986-08-23,4,Eugene,2016-05-28,241.57,2016,2010,29.763175906913073
1333,4:01.58,Natalia Marasescu,ROU,1952-10-03,1,Bucuresti,1978-08-11,241.58,1978,1970,25.853524982888434
1333,4:01.58,Yekaterina Podkopayeva,RUS,1952-06-11,1,Köln,1994-08-21,241.58,1994,1990,42.19301848049281
1333,4:01.58,Maryam Yusuf Jamal,BRN,1984-09-16,1,Stuttgart,2006-09-09,241.58,2006,2000,21.97946611909651
1336,4:01.59,Mimi Belete,BRN,1988-06-09,6,Saint-Denis,2010-07-16,241.59,2010,2010,22.099931553730322
1336,4:01.59,Morgan Uceny,USA,1985-03-10,4,Roma,2012-05-31,241.59,2012,2010,27.225188227241617
1336,4:01.59,Joceline Wind,SUI,2000-09-12,1rA,Tomblaine,2025-07-04,241.59,2025,2020,24.80766598220397
1339,4:01.6,Maricica Puica,ROU,1950-07-29,5,Moskva,1979-07-29,241.6,1979,1970,28.999315537303218
1339,4:01.6,Lyubov Smolka,UKR,1952-11-29,1h1,Moskva,1980-07-04,241.6,1980,1980,27.59479808350445
1339,4:01.6,Ulrike Bruns,GDR,1953-11-17,1,Potsdam,1984-05-31,241.6,1984,1980,30.535249828884325
1339,4:01.60,Ulrike Bruns,GDR,1953-11-17,1,Potsdam,1982-08-18,241.6,1982,1980,28.750171115674195
1339,4:01.60,Hayley Tullett,GBR,1973-02-17,3,Monaco,2003-09-13,241.6,2003,2000,30.56810403832991
1339,4:01.60,Tatyana Tomashova,RUS,1975-07-01,3,Tula,2004-08-01,241.6,2004,2000,29.086926762491444
1339,4:01.60,Nancy Jebet Langat,KEN,1981-08-22,1,New York City,2010-06-12,241.6,2010,2010,28.804928131416837
1339,4:01.60,Maryam Yusuf Jamal,BRN,1984-09-16,1,Roma,2011-05-26,241.6,2011,2010,26.688569472963724
1339,4:01.60,Eilish McColgan,GBR,1990-11-25,2,Berlin,2017-08-27,241.6,2017,2010,26.754277891854894
1339,4:01.60,Cory Ann McGee,USA,1992-05-29,10,Budapest,2023-08-22,241.6,2023,2020,31.23066392881588
1339,4:01.60,Águeda Marqués,ESP,1999-03-19,9h1,Saint-Denis,2024-08-06,241.6,2024,2020,25.385352498288842
1350,4:01.61,Yekaterina Podkopayeva,RUS,1952-06-11,3,Praha,1984-08-18,241.61,1984,1980,32.186173853524984
1350,4:01.61,Angela Chalmers,CAN,1963-09-06,1,Paris,1994-09-03,241.61,1994,1990,30.99247091033539
1350,4:01.61,Shannon Rowbury,USA,1984-09-19,1,Carson,2008-05-18,241.61,2008,2000,23.66050650239562
1350,4:01.61,Iryna Lishchynska,UKR,1976-01-15,2,Athínai,2008-07-13,241.61,2008,2000,32.492813141683776
1350,4:01.61,Angelika Cichocka,POL,1988-03-15,4,Paris,2017-07-01,241.61,2017,2010,29.295003422313485
1355,4:01.62,Lyudmila Rogachova,RUS,1966-10-30,4,Monaco,1992-08-11,241.62,1992,1990,25.782340862423
1355,4:01.62,Genzebe Dibaba,ETH,1991-02-08,2,Roma,2013-06-06,241.62,2013,2010,22.324435318275153
1355,4:01.62,Sifan Hassan,NED,1993-01-01,3rA,Stockholm,2014-08-21,241.62,2014,2010,21.634496919917865
1355,4:01.62,Laura Weightman,GBR,1991-01-07,2,Stockholm,2020-08-23,241.62,2020,2020,29.626283367556468
1359,4:01.63,Maria Mutola,MOZ,1972-10-27,4,Oslo,1996-07-05,241.63,1996,1990,23.68788501026694
1359,4:01.63,Sarah Jamieson,AUS,1975-03-24,3,Monaco,2006-08-20,241.63,2006,2000,31.408624229979466
1359,4:01.63,Iryna Lishchynska,UKR,1976-01-15,2,Beijing,2008-08-23,241.63,2008,2000,32.60506502395619
1359,4:01.63,Nancy Jebet Langat,KEN,1981-08-22,1,Ad-Dawhah,2010-05-14,241.63,2010,2010,28.725530458590008
1359,4:01.63,Shannon Rowbury,USA,1984-09-19,4,Rieti,2010-08-29,241.63,2010,2010,25.94113620807666
1359,4:01.63,Mimi Belete,BRN,1988-06-09,7,Zürich,2014-08-28,241.63,2014,2010,26.217659137577
1359,4:01.63,Sinclaire Johnson,USA,1998-04-13,6,Eugene,2022-07-18,241.63,2022,2020,24.262833675564682
1366,4:01.64,Naomi Mugo,KEN,1977-01-02,4,Zürich,2000-08-11,241.64,2000,2000,23.60574948665298
1366,4:01.64,Jackline Maranga,KEN,1977-12-16,5,Saint-Denis,2003-08-31,241.64,2003,2000,25.7056810403833
1366,4:01.64,Nancy Jebet Langat,KEN,1981-08-22,6,Zürich,2009-08-28,241.64,2009,2000,28.016427104722794
1366,4:01.64,Mimi Belete,BRN,1988-06-09,2,Stockholm,2010-08-06,241.64,2010,2010,22.157426420260094
1366,4:01.64,Winnie Nanyondo,UGA,1993-08-23,4s2,Tokyo,2021-08-04,241.64,2021,2020,27.94798083504449
1366,4:01.64,Ludovica Cavalli,ITA,2000-12-20,6,Roma,2026-06-04,241.64,2026,2020,25.453798767967147
1372,4:01.65,Sifan Hassan,NED,1993-01-01,3,Eugene,2015-05-30,241.65,2015,2010,22.406570841889117
1372,4:01.65,Linden Hall,AUS,1991-06-20,7s1,Tokyo,2025-09-14,241.65,2025,2020,34.23682409308692
1374,4:01.66,Tamara Koba,UKR,1957-02-24,5,Leningrad,1981-07-26,241.66,1981,1980,24.416153319644078
1374,4:01.66,Zhang Linli,CHN,1973-03-06,3h2,Beijing,1993-09-10,241.66,1993,1990,20.514715947980836
1374,4:01.66,Anita Weyermann,SUI,1977-12-08,2,Monaco,1999-08-04,241.66,1999,1990,21.65366187542779
1374,4:01.66,Sintayehu Vissa,ITA,1996-07-29,7h3,Budapest,2023-08-19,241.66,2023,2020,27.055441478439427
1374,4:01.66,Danielle Jones,USA,1996-08-21,8,Xiamen,2023-09-02,241.66,2023,2020,27.030800821355236
1379,4:01.67,Fita Lovin,ROU,1951-01-14,2,Rieti,1981-09-09,241.67,1981,1980,30.652977412731005
1379,4:01.67,Nadezhda Ralldugina,RUS,1957-11-15,3,Leningrad,1983-07-26,241.67,1983,1980,25.691991786447637
1381,4:01.68,Maricica Puica,ROU,1950-07-29,5h1,Moskva,1980-07-30,241.68,1980,1980,30.0041067761807
1381,4:01.68,Daniela Yordanova,BUL,1976-03-08,1,Kalamáta,2001-06-02,241.68,2001,2000,25.234770704996578
1381,4:01.68,Anna Willard,USA,1984-03-31,4,Monaco,2009-07-28,241.68,2009,2000,25.32511978097194
1381,4:01.68,Ciara Mageean,IRL,1992-03-12,2,Zürich,2022-09-08,241.68,2022,2020,30.491444216290212
1381,4:01.68,Sinclaire Johnson,USA,1998-04-13,2s1,Eugene,2024-06-28,241.68,2024,2020,26.209445585215605
1386,4:01.69,Tatyana Pozdnyakova,UKR,1956-03-04,1,Kyiv,1983-08-27,241.69,1983,1980,27.479808350444902
1386,4:01.69,Yan Wei,CHN,1973-10-04,4h1,Beijing,1993-09-10,241.69,1993,1990,19.93429158110883
1386,4:01.69,Suzy Favor Hamilton,USA,1968-08-08,3,Roma,2003-07-11,241.69,2003,2000,34.92128678986995
1386,4:01.69,Tatyana Tomashova,RUS,1975-07-01,3,Roma,2004-07-02,241.69,2004,2000,29.00479123887748
1386,4:01.69,Ibtissam Lakhouad,MAR,1980-12-07,3,Shanghai,2012-05-19,241.69,2012,2010,31.446954140999317
1386,4:01.69,Marta Pérez,ESP,1993-04-19,5s2,Tokyo,2021-08-04,241.69,2021,2020,28.292950034223136
1386,4:01.69,Nigist Getachew,ETH,2002-02-28,13,Roma,2024-08-30,241.69,2024,2020,22.50239561943874
1393,4:01.7,Yekaterina Podkopayeva,RUS,1952-06-11,2h1,Moskva,1980-07-04,241.7,1980,1980,28.06297056810404
1393,4:01.7,Lyudmila Shesterova,UKR,1956-10-12,3h1,Moskva,1980-07-04,241.7,1980,1980,23.72621492128679
1393,4:01.7+,Mary Slaney,USA,1958-08-04,1,Paris,1982-07-09,241.7,1982,1980,23.928815879534564
1393,4:01.7,Fita Lovin,ROU,1951-01-14,2,Bucuresti,1984-06-09,241.7,1984,1980,33.40177960301163
1393,4:01.7,Galina Zakharova,RUS,1956-09-07,1,Chelyabinsk,1984-07-28,241.7,1984,1980,27.887748117727583
1393,4:01.7,Hildegard Körner,GDR,1959-12-20,2,Berlin,1987-08-12,241.7,1987,1980,27.644079397672826
1393,4:01.70,Sonia O'Sullivan,IRL,1969-11-28,9,Oslo,2000-07-28,241.7,2000,2000,30.663928815879533
1393,4:01.70,Violeta Szekely,ROU,1965-03-26,2,Edmonton,2001-08-07,241.7,2001,2000,36.3668720054757
1393,4:01.70,Alesya Turova,BLR,1979-12-06,2,Roma,2002-07-12,241.7,2002,2000,22.598220396988363
1393,4:01.70,Weronika Lizakowska,POL,1998-11-02,9,Roma,2025-06-06,241.7,2025,2020,26.5927446954141
1393,4:01.70,Aster Areri,ETH,2007-04-16,8,Rabat,2026-05-31,241.7,2026,2020,19.123887748117728
1404,4:01.71,Li Ying,CHN,1975-06-24,4h2,Beijing,1993-09-10,241.71,1993,1990,18.21492128678987
1404,4:01.71,Kutre Dulecha,ETH,1978-08-22,1,Nice,1998-07-16,241.71,1998,1990,19.89869952087611
1406,4:01.72,Ulrike Bruns,GDR,1953-11-17,1,Dresden,1982-07-03,241.72,1982,1980,28.62422997946612
1406,4:01.72,Sonia O'Sullivan,IRL,1969-11-28,1,Rieti,1993-09-05,241.72,1993,1990,23.770020533880903
1406,4:01.72,Yelena Zadorozhnaya,RUS,1977-12-03,2rA,Lausanne,2004-07-06,241.72,2004,2000,26.590006844626966
1406,4:01.72,Christin Wurth-Thomas,USA,1980-07-11,4,Eugene,2009-06-07,241.72,2009,2000,28.906228610540726
1406,4:01.72,Mimi Belete,BRN,1988-06-09,2rA,Stockholm,2012-08-17,241.72,2012,2010,24.188911704312115
1411,4:01.73,Tatyana Dorovskikh,UKR,1961-08-12,3,Zürich,1992-08-19,241.73,1992,1990,31.019849418206707
1411,4:01.73,Liu Dong,CHN,1973-12-24,5h2,Beijing,1993-09-10,241.73,1993,1990,19.71252566735113
1411,4:01.73,Angela Chalmers,CAN,1963-09-06,2,London,1994-09-09,241.73,1994,1990,31.00889801505818
1411,4:01.73,Lyudmila Rogachova,RUS,1966-10-30,1,Tula,2000-07-26,241.73,2000,2000,33.738535249828885
1411,4:01.73,Maryam Yusuf Jamal,BRN,1984-09-16,1,Lausanne,2005-07-05,241.73,2005,2000,20.799452429842574
1411,4:01.73,Anna Mishchenko,UKR,1983-08-25,4,Bruxelles,2011-09-16,241.73,2011,2010,28.060232717316907
1411,4:01.73,Jessica Hull,AUS,1996-10-22,8,Monaco,2022-08-10,241.73,2022,2020,25.79876796714579
1411,4:01.73,Freweyni Hailu,ETH,2001-02-12,3,Zürich,2022-09-08,241.73,2022,2020,21.568788501026695
1411,4:01.73,Dominique Hiltz,USA,1994-10-23,2h3,Tokyo,2025-09-13,241.73,2025,2020,30.8911704312115
1420,4:01.74,Gabriela DeBues-Stafford,CAN,1995-09-13,6,Eugene,2021-08-21,241.74,2021,2020,25.93839835728953
1421,4:01.75,Rababe Arafi,MAR,1991-01-12,4,Eugene,2017-05-27,241.75,2017,2010,26.3709787816564
1421,4:01.75,Besu Sado,ETH,1996-01-12,4,Ad-Dawhah,2018-05-04,241.75,2018,2010,22.308008213552363
1421,4:01.75,Elinor St. Pierre,USA,1995-02-20,10,Tokyo,2021-08-06,241.75,2021,2020,26.458590006844627
1421,4:01.75,Sarah Healy,IRL,2001-02-13,4,Ostrava,2023-06-27,241.75,2023,2020,22.365503080082135
1425,4:01.76,Yekaterina Rozenberg,RUS,1980-01-23,3rA,Tula,2003-08-10,241.76,2003,2000,23.54551676933607
1425,4:01.76,Laura Weightman,GBR,1991-01-07,7,Lausanne,2018-07-05,241.76,2018,2010,27.49075975359343
1427,4:01.77,Andrea Hahmann,GER,1966-06-03,1,Potsdam,1987-06-06,241.77,1987,1980,21.00752908966461
1427,4:01.77,Regina Jacobs,USA,1963-08-28,1,Bruxelles,1996-08-23,241.77,1996,1990,32.988364134154686
1427,4:01.77,Yekaterina Kostetskaya,RUS,1986-12-31,1,Cheboksary,2011-07-24,241.77,2011,2010,24.56125941136208
1430,4:01.78,Doina Melinte,ROU,1956-12-27,1,Paris,1987-07-16,241.78,1987,1980,30.548939082819988
1430,4:01.78,Natalya Tobias,UKR,1980-11-22,3,Beijing,2008-08-23,241.78,2008,2000,27.750855578370977
1430,4:01.78,Linden Hall,AUS,1991-06-20,5,Eugene,2016-05-28,241.78,2016,2010,24.93908281998631
1430,4:01.78,Gudaf Tsegay,ETH,1997-06-23,5,Eugene,2017-05-27,241.78,2017,2010,19.926078028747433
1430,4:01.78,Alemaz Samuel,ETH,1999-07-05,5,Ad-Dawhah,2018-05-04,241.78,2018,2010,18.830937713894592
1430,4:01.78,Laura Muir,GBR,1993-05-09,2s1,Eugene,2022-07-16,241.78,2022,2020,29.1854893908282
1430,4:01.78,Saron Berhe,ETH,2007-08-22,10,Roma,2025-06-06,241.78,2025,2020,17.790554414784395
1437,4:01.79,Christiane Wartenberg,GDR,1956-10-27,1,Potsdam,1980-06-01,241.79,1980,1980,23.59479808350445
1437,4:01.79,Diana Richburg,USA,1963-07-02,7,Roma,1987-09-05,241.79,1987,1980,24.177960301163587
1437,4:01.79,Wang Yuan,CHN,1976-04-08,5h1,Beijing,1993-09-10,241.79,1993,1990,17.423682409308693
1437,4:01.79,Carla Sacramento,POR,1971-12-10,5,Zürich,2000-08-11,241.79,2000,2000,28.670773442847366
1437,4:01.79,Joanne Pavey,GBR,1973-09-20,4,Monaco,2003-09-13,241.79,2003,2000,29.97946611909651
1437,4:01.79,Sifan Hassan,NED,1993-01-01,1,Hengelo,2014-06-08,241.79,2014,2010,21.43189596167009
1437,4:01.79,Sage Hurta-Klecker,USA,1998-06-23,1,Memphis,2022-07-29,241.79,2022,2020,24.098562628336754
1437,4:01.79,Diribe Welteji,ETH,2002-05-13,4,Zürich,2022-09-08,241.79,2022,2020,20.32306639288159
1437,4:01.79A,Janat Chemusto,UGA,1998-07-05,1,Nairobi,2023-05-13,241.79,2023,2020,24.854209445585216
1437,4:01.79,Axumawit Embaye,ETH,1994-10-18,5,Ostrava,2023-06-27,241.79,2023,2020,28.689938398357288
1437,4:01.79,Gabija Galvydyte,LTU,2000-01-17,8s1,Tokyo,2025-09-14,241.79,2025,2020,25.659137577002053
1448,4:01.8,Tatyana Providokhina,RUS,1953-03-26,4r1,Sochi,1980-05-23,241.8,1980,1980,27.159479808350444
1448,4:01.80,Alla Yushina,RUS,1958-08-20,5,Moskva,1984-08-03,241.8,1984,1980,25.95482546201232
1448,4:01.80,Kutre Dulecha,ETH,1978-08-22,2,Oslo,1998-07-09,241.8,1998,1990,19.87953456536619
1448,4:01.80,Nouria Mérah-Benida,ALG,1970-10-19,6,Zürich,2000-08-11,241.8,2000,2000,29.812457221081452
1448,4:01.80,Naomi Mugo,KEN,1977-01-02,5,Bruxelles,2003-09-05,241.8,2003,2000,26.67214236824093
1448,4:01.80,Shannon Osika,USA,1993-06-15,1,Chorzów,2019-09-14,241.8,2019,2010,26.247775496235455
1448,4:01.80,Jessica Hull,AUS,1996-10-22,8s2,Ad-Dawhah,2019-10-03,241.8,2019,2010,22.94592744695414
1455,4:01.81,Zola Pieterse,RSA,1966-05-26,1,Port Elizabeth,1984-03-31,241.81,1984,1980,17.848049281314168
1455,4:01.81,Suzy Favor Hamilton,USA,1968-08-08,2,Sacramento,2000-07-16,241.81,2000,2000,31.93702943189596
1455,4:01.81,Tatyana Tomashova,RUS,1975-07-01,1,Eugene,2006-05-28,241.81,2006,2000,30.90759753593429
1455,4:01.81,Rababe Arafi,MAR,1991-01-12,5,Paris,2017-07-01,241.81,2017,2010,26.466803559206024
1455,4:01.81,Gudaf Tsegay,ETH,1997-06-23,6,Ad-Dawhah,2018-05-04,241.81,2018,2010,20.862422997946613
1455,4:01.81,Melissa Courtney-Bryant,GBR,1993-08-30,3,Stockholm,2020-08-23,241.81,2020,2020,26.981519507186857
1455,4:01.81,Jessica Hull,AUS,1996-10-22,3s1,Eugene,2022-07-16,241.81,2022,2020,25.730321697467488
1455,4:01.81,Worknesh Mesele,ETH,2001-06-10,4,Rabat,2023-05-28,241.81,2023,2020,21.963039014373717
1463,4:01.82,Lu Yi,CHN,1974-04-10,6h1,Beijing,1993-09-10,241.82,1993,1990,19.419575633127995
1463,4:01.82,Iryna Lishchynska,UKR,1976-01-15,2,Oslo,2007-06-15,241.82,2007,2000,31.41409993155373
1463,4:01.82,Jessica Hull,AUS,1996-10-22,7,Eugene,2022-07-18,241.82,2022,2020,25.73579739904175
1463,4:01.82,Esther Guerrero,ESP,1990-02-07,2rA,Tomblaine,2025-07-04,241.82,2025,2020,35.403148528405204
1467,4:01.83,Christine Benning,GBR,1955-03-30,2,Gateshead,1984-07-06,241.83,1984,1980,29.270362765229294
1467,4:01.83,Svetlana Kitova,TJK,1960-06-25,4,Kyiv,1986-07-17,241.83,1986,1980,26.05886379192334
1467,4:01.83,Daniela Yordanova,BUL,1976-03-08,6,Bruxelles,2003-09-05,241.83,2003,2000,27.49349760438056
1467,4:01.83,Lisa Dobriskey,GBR,1983-12-23,4,Lausanne,2010-07-08,241.83,2010,2010,26.54072553045859
1467,4:01.83,Netsanet Desta,ETH,2000-10-26,7,Chorzów,2022-08-06,241.83,2022,2020,21.776865160848732
1472,4:01.84,Ivana Kubesová,CZE,1962-05-26,1,Budapest,1986-08-11,241.84,1986,1980,24.210814510609172
1472,4:01.84,Yvonne Graham,JAM,1965-08-22,2,Monaco,1995-07-25,241.84,1995,1990,29.921971252566735
1472,4:01.84,Natalya Gorelova,RUS,1973-04-18,2,Roma,2001-06-29,241.84,2001,2000,28.197125256673512
1472,4:01.84,Angelika Cichocka,POL,1988-03-15,6,Roma,2017-06-08,241.84,2017,2010,29.232032854209447
1472,4:01.84,Ludovica Cavalli,ITA,2000-12-20,11,Budapest,2023-08-22,241.84,2023,2020,22.6694045174538
1472,4:01.84,Salomé Afonso,POR,1997-11-19,9,Rabat,2026-05-31,241.84,2026,2020,28.528405201916495
1478,4:01.85,Olga Dvirna,RUS,1953-02-11,1,Moskva,1982-06-12,241.85,1982,1980,29.3305954825462
1478,4:01.85,Ulrike Bruns,GDR,1953-11-17,1,Karl-Marx-Stadt,1982-07-09,241.85,1982,1980,28.640657084188913
1478,4:01.85,Natalya Artyomova,RUS,1963-01-05,1,Sochi,1984-06-10,241.85,1984,1980,21.429158110882955
1478,4:01.85,Hassiba Boulmerka,ALG,1968-07-10,2,Paris,1994-09-03,241.85,1994,1990,26.1492128678987
1478,4:01.85,Olga Yegorova,RUS,1972-03-28,1,Saint-Denis,2005-07-01,241.85,2005,2000,33.25941136208077
1478,4:01.85,Natalya Yevdokimova,RUS,1978-03-17,2,Cheboksary,2012-07-06,241.85,2012,2010,34.30527036276523
1478,4:01.85A,Faith Kipyegon,KEN,1994-01-10,1,Nairobi,2015-08-01,241.85,2015,2010,21.555099247091032
1478,4:01.85,Brenda Chebet,KEN,2004-03-06,1,Madrid,2023-07-22,241.85,2023,2020,19.37577002053388
1486,4:01.86,Lyubov Kremlyova,RUS,1961-12-21,2,Köln,1994-08-21,241.86,1994,1990,32.6652977412731
1486,4:01.86,Carla Sacramento,POR,1971-12-10,1,Monaco,1997-08-16,241.86,1997,1990,25.683778234086244
1486,4:01.86,Senbere Teferi,ETH,1995-05-03,3,Ad-Dawhah,2015-05-15,241.86,2015,2010,20.032854209445585
1486,4:01.86,Faith Kipyegon,KEN,1994-01-10,7,Zürich,2016-09-01,241.86,2016,2010,22.642026009582477
1486,4:01.86,Birke Haylom,ETH,2006-01-06,6,Ad-Dawhah,2023-05-05,241.86,2023,2020,17.32511978097194
1486,4:01.86,Esther Guerrero,ESP,1990-02-07,15,Paris,2025-06-20,241.86,2025,2020,35.36481861738535
1492,4:01.88,Jackline Maranga,KEN,1977-12-16,5,Bruxelles,1998-08-28,241.88,1998,1990,20.698151950718685
1493,4:01.89,Hannah England,GBR,1987-03-06,2,Barcelona,2011-07-22,241.89,2011,2010,24.37782340862423
1493,4:01.89,Klaudia Kazimierska,POL,2001-09-03,5,Bydgoszcz,2024-06-20,241.89,2024,2020,22.795345653661876
1495,4:01.90,Bouchra Ghézielle,FRA,1979-05-19,2,Athínai,2005-06-14,241.9,2005,2000,26.072553045859
1495,4:01.90,Águeda Marqués,ESP,1999-03-19,6s1,Saint-Denis,2024-08-08,241.9,2024,2020,25.39082819986311
1497,4:01.91,Malgorzata Rydz,POL,1967-01-18,7,Barcelona,1992-08-08,241.91,1992,1990,25.555099247091032
1497,4:01.91,Violeta Szekely,ROU,1965-03-26,5,Zürich,1998-08-12,241.91,1998,1990,33.379876796714576
1497,4:01.91,Kelly Holmes,GBR,1970-04-19,3,Roma,2002-07-12,241.91,2002,2000,32.2299794661191
1497,4:01.91,Sifan Hassan,NED,1993-01-01,5,Shanghai,2019-05-18,241.91,2019,2010,26.373716632443532
1501,4:01.92,Yekaterina Podkopayeva,RUS,1952-06-11,3,Paris,1994-09-03,241.92,1994,1990,42.22861054072553
1501,4:01.92+,Faith Kipyegon,KEN,1994-01-10,1,Eugene,2026-07-04,241.92,2026,2020,32.479123887748116
1503,4:01.93,Zola Pieterse,GBR,1966-05-26,1,Birmingham,1986-06-07,241.93,1986,1980,20.032854209445585
1503,4:01.93,Sonia O'Sullivan,IRL,1969-11-28,5,Monaco,1992-08-11,241.93,1992,1990,22.702258726899384
1503,4:01.93,Carla Sacramento,POR,1971-12-10,1,Barcelona,1999-07-29,241.93,1999,1990,27.633127994524298
1503,4:01.93,Angelika Cichocka,POL,1988-03-15,1,Rabat,2017-07-16,241.93,2017,2010,29.336071184120467
1503,4:01.93,Gaia Sabbatini,ITA,1999-06-10,10,Eugene,2022-05-28,241.93,2022,2020,22.965092402464066
1503,4:01.93,Lucia Stafford,CAN,1998-08-17,2rA,Stockholm,2026-06-07,241.93,2026,2020,27.805612594113622
1509,4:01.94,Tatyana Tomashova,RUS,1975-07-01,4,Athínai,2006-07-03,241.94,2006,2000,31.006160164271048
1509,4:01.94,Marta Pérez,ESP,1993-04-19,4,Zürich,2021-09-09,241.94,2021,2020,28.39151266255989
1509,4:01.94,Esther Guerrero,ESP,1990-02-07,7s1,Saint-Denis,2024-08-08,241.94,2024,2020,34.49965776865161
1512,4:01.95,Ulrike Bruns,GDR,1953-11-17,1,Leipzig,1978-07-02,241.95,1978,1970,24.621492128678987
1512,4:01.95+,Ulrike Bruns,GDR,1953-11-17,4,Zürich,1985-08-21,241.95,1985,1980,31.759069130732374
1512,4:01.95,Doina Melinte,ROU,1956-12-27,2,Budapest,1986-08-11,241.95,1986,1980,29.620807665982205
1512,4:01.95,Yelena Soboleva,RUS,1982-10-03,4,Monaco,2006-08-20,241.95,2006,2000,23.87953456536619
1512,4:01.95,Tatyana Tomashova,RUS,1975-07-01,3r2,Moskva,2012-06-13,241.95,2012,2010,36.95277207392197
1512,4:01.95,Laura Weightman,GBR,1991-01-07,4,Hengelo,2017-06-11,241.95,2017,2010,26.425735797399042
1512,4:01.95,Nelly Jepkosgei,BRN,1991-07-14,5,Stockholm,2018-06-10,241.95,2018,2010,26.90759753593429
1512,4:01.95,Axumawit Embaye,ETH,1994-10-18,6,Shanghai,2019-05-18,241.95,2019,2010,24.580424366872005
1520,4:01.96,Yelena Sipatova,RUS,1955-06-07,3,Moskva,1981-08-07,241.96,1981,1980,26.168377823408623
1520,4:01.96,Ravilya Agletdinova,BLR,1960-02-10,1,Verona,1984-06-01,241.96,1984,1980,24.306639288158795
1520,4:01.96,Gabriella Dorio,ITA,1957-06-27,4,Rieti,1984-09-02,241.96,1984,1980,27.184120465434635
1520,4:01.96,Yekaterina Podkopayeva,RUS,1952-06-11,3r1,Leningrad,1985-08-02,241.96,1985,1980,33.14168377823409
1520,4:01.96,Kelly Holmes,GBR,1970-04-19,4,Roma,2003-07-11,241.96,2003,2000,33.22655715263518
1520,4:01.96,Abeba Aregawi,ETH,1990-07-05,1rA,Heusden-Zolder,2010-07-10,241.96,2010,2010,20.01368925393566
1520,4:01.96,Laura Weightman,GBR,1991-01-07,2,Ostrava,2020-09-08,241.96,2020,2020,29.67008898015058
1520,4:01.96,Winnie Nanyondo,UGA,1993-08-23,3,Székesfehérvár,2023-07-18,241.96,2023,2020,29.900068446269678
1520,4:01.96,Saron Berhe,ETH,2007-08-22,2,Moskva,2026-06-05,241.96,2026,2020,18.78713210130048
1529,4:01.97,Alesya Turova,BLR,1979-12-06,3,Berlin,2002-09-06,241.97,2002,2000,22.751540041067763
1529,4:01.97,Shannon Rowbury,USA,1984-09-19,2,Lausanne,2008-09-02,241.97,2008,2000,23.953456536618756
1529,4:01.97,Abeba Aregawi,SWE,1990-07-05,2,Birmingham,2015-06-07,241.97,2015,2010,24.922655715263517
1529,4:01.97,Linden Hall,AUS,1991-06-20,12,Eugene,2024-05-25,241.97,2024,2020,32.930869267624914
1533,4:01.98,Lidia Chojecka,POL,1977-01-25,6,Saint-Denis,2006-07-08,241.98,2006,2000,29.44832306639288
1533,4:01.98,Abeba Aregawi,ETH,1990-07-05,3,Stockholm,2010-08-06,241.98,2010,2010,20.087611225188226
1533,4:01.98,Mimi Belete,BRN,1988-06-09,5,Shanghai,2014-05-18,241.98,2014,2010,25.93839835728953
1533,4:01.98,Eilish McColgan,GBR,1990-11-25,8,Lausanne,2018-07-05,241.98,2018,2010,27.60848733744011
1533,4:01.98,Winnie Nanyondo,UGA,1993-08-23,8,Eugene,2022-07-18,241.98,2022,2020,28.90075290896646
1533,4:01.98,Sintayehu Vissa,ITA,1996-07-29,9,Firenze,2023-06-02,241.98,2023,2020,26.84188911704312
1533,4:01.98,Janat Chemusto,UGA,1998-07-05,3,Hengelo,2023-06-04,241.98,2023,2020,24.914442162902123
1533,4:01.98,Ciara Mageean,IRL,1992-03-12,1,Ostrava,2024-05-28,241.98,2024,2020,32.21081451060917
1541,4:01.99,Courtney Babcock,CAN,1972-06-30,7,Bruxelles,2003-09-05,241.99,2003,2000,31.1813826146475
1541,4:01.99,Maryam Yusuf Jamal,BRN,1984-09-16,2,Lausanne,2009-07-07,241.99,2009,2000,24.804928131416837
1541,4:01.99,Caster Semenya,RSA,1991-01-07,1,Durban,2016-06-24,241.99,2016,2010,25.462012320328544
1541,4:01.99,Weronika Lizakowska,POL,1998-11-02,1,Bydgoszcz,2025-05-30,241.99,2025,2020,26.573579739904176
1541,4:01.99,Susan Ejore-Sanders,KEN,1995-11-09,3h3,Tokyo,2025-09-13,241.99,2025,2020,29.845311430527037
1546,4:02.0,Lyubov Smolka,UKR,1952-11-29,1,Donetsk,1979-06-28,242.0,1979,1970,26.576317590691307
1546,4:02.0,Svetlana Guskova,MDA,1959-08-19,6,Moskva,1979-07-29,242.0,1979,1970,19.942505133470227
1546,4:02.0,Zamira Zaytseva,UZB,1953-02-16,1,Tbilisi,1981-06-26,242.0,1981,1980,28.355920602327174
1546,4:02.0+,Mary Slaney,USA,1958-08-04,1,Oslo,1982-06-26,242.0,1982,1980,23.89322381930185
1546,4:02.00,Olga Dvirna,RUS,1953-02-11,2,Leningrad,1981-07-11,242.0,1981,1980,28.410677618069816
1546,4:02.00,Meseret Defar,ETH,1983-11-19,2,New York City,2010-06-12,242.0,2010,2010,26.562628336755647
1546,4:02.00+,Janat Chemusto,UGA,1998-07-05,5,Oslo,2023-06-15,242.0,2023,2020,24.944558521560573
1546,4:02.00,Edinah Jebitok,KEN,2001-11-10,4,Tomblaine,2023-06-18,242.0,2023,2020,21.60164271047228
1546,4:02.00,Gabriela DeBues-Stafford,CAN,1995-09-13,1,Turku,2025-06-17,242.0,2025,2020,29.760438056125942
1546,4:02.00,Gabriela DeBues-Stafford,CAN,1995-09-13,4h3,Tokyo,2025-09-13,242.0,2025,2020,30.001368925393567
1546,4:02.00,Sarah Billings,AUS,1998-03-07,11,Xiamen,2026-05-23,242.0,2026,2020,28.210814510609172
1546,4:02.00+,Dominique Hiltz,USA,1994-10-23,2,Eugene,2026-07-04,242.0,2026,2020,31.696098562628336
1558,4:02.02,Anna Alminova,RUS,1985-01-17,1,Kazan,2008-07-20,242.02,2008,2000,23.50444900752909
1558,4:02.02,Linden Hall,AUS,1991-06-20,1,Canberra,2021-03-11,242.02,2021,2020,29.724845995893222
1558,4:02.02,Katie Snowden,GBR,1994-03-09,11,Roma,2025-06-06,242.02,2025,2020,31.24435318275154
1561,4:02.03,Yekaterina Podkopayeva,RUS,1952-06-11,8,Barcelona,1992-08-08,242.03,1992,1990,40.158795345653665
1561,4:02.03,Natalya Gorelova,RUS,1973-04-18,2,Saint-Denis,2001-07-06,242.03,2001,2000,28.216290212183434
1561,4:02.03,Joanne Pavey,GBR,1973-09-20,5,Roma,2003-07-11,242.03,2003,2000,29.804243668720055
1561,4:02.03,Hannah England,GBR,1987-03-06,5,Bruxelles,2011-09-16,242.03,2011,2010,24.531143052703626
1561,4:02.03,Lucia Stafford,CAN,1998-08-17,4,Westwood,2023-05-27,242.03,2023,2020,24.774811772758383
1561,4:02.03,Emily MacKay,USA,1998-04-30,13s2,Saint-Denis,2024-08-08,242.03,2024,2020,26.275154004106778
1561,4:02.03,Riley Chamberlain,USA,2004-07-21,2rA,Eagle Rock,2025-07-12,242.03,2025,2020,20.974674880219027
1568,4:02.04,Lyubov Kremlyova,RUS,1961-12-21,6,Kyiv,1984-06-24,242.04,1984,1980,22.507871321013006
1568,4:02.04,Abeba Aregawi,ETH,1990-07-05,3rA,Stockholm,2012-08-17,242.04,2012,2010,22.119096509240247
1570,4:02.05,Maricica Puica,ROU,1950-07-29,3,Rieti,1981-09-09,242.05,1981,1980,31.11567419575633
1570,4:02.05,Zamira Zaytseva,UZB,1953-02-16,7,Kyiv,1984-06-24,242.05,1984,1980,31.351129363449694
1570,4:02.05,Cornelia Bürki,SUI,1953-10-03,2,Paris,1985-07-13,242.05,1985,1980,31.77549623545517
1570,4:02.05,Eunice Sum,KEN,1988-04-10,5,Ad-Dawhah,2013-05-10,242.05,2013,2010,25.08145106091718
1570,4:02.05,Agathe Guillemot,FRA,1999-07-11,1,Tomblaine,2024-05-25,242.05,2024,2020,24.87337440109514
1570,4:02.05,Ludovica Cavalli,ITA,2000-12-20,6,Bydgoszcz,2024-06-20,242.05,2024,2020,23.498973305954827
1570,4:02.05,Wilma Nielsen,SWE,2001-06-02,11,Budapest,2025-08-12,242.05,2025,2020,24.194387405886378
1570,4:02.05,Agathe Guillemot,FRA,1999-07-11,5h3,Tokyo,2025-09-13,242.05,2025,2020,26.17659137577002
1578,4:02.06,Tatyana Tomashova,RUS,1975-07-01,2,Kazan,2004-07-09,242.06,2004,2000,29.023956194387406
1578,4:02.06,Sofia Ennaoui,POL,1995-08-30,3,Birmingham,2018-08-18,242.06,2018,2010,22.967830253251197
1578,4:02.06,Gabriela DeBues-Stafford,CAN,1995-09-13,6,Palo Alto,2019-06-30,242.06,2019,2010,23.794661190965094
1581,4:02.07,Claudia Mihaela Bobocea,ROU,1992-06-11,5,Rabat,2022-06-05,242.07,2022,2020,29.982203969883642
1582,4:02.08,Svetlana Kitova,TJK,1960-06-25,3,Zürich,1989-08-16,242.08,1989,1980,29.141683778234086
1582,4:02.08,Geraldine Hendricken,IRL,1970-04-19,3,Paris,2002-09-14,242.08,2002,2000,32.40520191649555
1582,4:02.08,Hind Dehiba,FRA,1979-03-17,5,Monaco,2005-09-09,242.08,2005,2000,26.483230663928815
1582,4:02.08+,Jessica Hull,AUS,1996-10-22,3,Eugene,2026-07-04,242.08,2026,2020,29.697467488021903
1586,4:02.09,Doina Melinte,ROU,1956-12-27,1,Edinburgh,1989-07-07,242.09,1989,1980,32.525667351129364
1586,4:02.09,Nancy Jebet Langat,KEN,1981-08-22,1,Hengelo,2010-05-30,242.09,2010,2010,28.76933607118412
1586,4:02.09,Jemma Reekie,GBR,1998-03-06,7,London,2019-07-20,242.09,2019,2010,21.371663244353183
1586,4:02.09,Heather MacLean,USA,1995-08-31,3,Eugene,2021-06-21,242.09,2021,2020,25.806981519507186
1586,4:02.09,Judith Jemutai,KEN,1993-12-10,4,Hengelo,2023-06-04,242.09,2023,2020,29.481177275838466
1586,4:02.09+,Hirut Meshesha,ETH,2001-01-20,6,Oslo,2023-06-15,242.09,2023,2020,22.39835728952772
1586,4:02.09,Danielle Jones,USA,1996-08-21,9,Westwood,2024-05-18,242.09,2024,2020,27.73990417522245
1586,4:02.09,Heather MacLean,USA,1995-08-31,3s1,Eugene,2024-06-28,242.09,2024,2020,28.826830937713893
1586,4:02.09,Cory McGee,USA,1992-05-29,4s1,Eugene,2024-06-28,242.09,2024,2020,32.082135523613964
1586,4:02.09+,Revee Walcott-Nolan,GBR,1995-03-06,6,London,2025-07-19,242.09,2025,2020,30.3709787816564
1586,4:02.09,Soukaina Hajji,MAR,1997-02-04,2,Montreuil,2026-06-17,242.09,2026,2020,29.363449691991786
1597,4:02.1,Lyudmila Kalnitskaya,RUS,1953-01-03,1,Podolsk,1978-08-13,242.1,1978,1970,25.607118412046542
1597,4:02.1,Totka Petrova,BUL,1956-12-17,1,Sofia,1979-07-27,242.1,1979,1970,22.60643394934976
1597,4:02.1,Maricica Puica,ROU,1950-07-29,4h1,Moskva,1980-07-04,242.1,1980,1980,29.932922655715263
1597,4:02.1,Maria Cioncan,ROU,1977-06-19,1,Bucuresti,2002-06-15,242.1,2002,2000,24.98836413415469
1597,4:02.10,Olga Churbanova,RUS,1965-07-16,3,Köln,1994-08-21,242.1,1994,1990,29.097878165639973
1597,4:02.10,Carla Sacramento,POR,1971-12-10,2,Nice,1998-07-16,242.1,1998,1990,26.598220396988363
1597,4:02.10,Maria Cioncan,ROU,1977-06-19,1,Bucuresti,2002-06-08,242.1,2002,2000,24.969199178644764
1597,4:02.10,Viola Kibiwott,KEN,1985-12-22,5,Osaka,2007-09-02,242.1,2007,2000,21.694729637234772
1597,4:02.10,Lisa Dobriskey,GBR,1983-12-23,4,Beijing,2008-08-23,242.1,2008,2000,24.66803559206023
1597,4:02.10A,Faith Kipyegon,KEN,1994-01-10,1,Nairobi,2021-06-17,242.1,2021,2020,27.433264887063654
1597,4:02.10,Marta Zenoni,ITA,1999-03-09,1,Poznan,2025-07-06,242.1,2025,2020,26.327173169062284
1608,4:02.11,Angela Chalmers,CAN,1963-09-06,6,Monaco,1992-08-11,242.11,1992,1990,28.930869267624914
1608,4:02.11,Abeba Aregawi,SWE,1990-07-05,1,Lausanne,2013-07-04,242.11,2013,2010,22.99794661190965
1608,4:02.11,Helen Obiri,KEN,1989-12-13,1,Beijing,2016-05-18,242.11,2016,2010,26.428473648186174
1608,4:02.11,Linden Hall,AUS,1991-06-20,2,Bydgoszcz,2025-05-30,242.11,2025,2020,33.94387405886379
1612,4:02.12,Svetlana Guskova,MDA,1959-08-19,2,Moskva,1982-06-12,242.12,1982,1980,22.8145106091718
1612,4:02.12,Maricica Puica,ROU,1950-07-29,1,Riccione,1982-08-22,242.12,1982,1980,32.06570841889117
1612,4:02.12,Li Ying,CHN,1975-06-24,9,Beijing,1993-09-11,242.12,1993,1990,18.217659137577
1612,4:02.12,Angela Chalmers,CAN,1963-09-06,1,Abbotsford,1994-08-06,242.12,1994,1990,30.915811088295687
1612,4:02.12,Meskerem Assefa,ETH,1985-09-20,2,Roma,2011-05-26,242.12,2011,2010,25.678302532511978
1612,4:02.12,Eilish McColgan,GBR,1990-11-25,6,Firenze,2021-06-10,242.12,2021,2020,30.54072553045859
1612,4:02.12,Lucia Stafford,CAN,1998-08-17,6s2,Tokyo,2021-08-04,242.12,2021,2020,22.965092402464066
1612,4:02.12,Sarah Healy,IRL,2001-02-13,2,Ostrava,2024-05-28,242.12,2024,2020,23.28542094455852
1612,4:02.12,Sophie O'Sullivan,IRL,2001-12-23,6h3,Tokyo,2025-09-13,242.12,2025,2020,23.72347707049966
1621,4:02.13,Ulrike Bruns,GDR,1953-11-17,1s1,Montréal,1976-07-29,242.13,1976,1970,22.69678302532512
1621,4:02.13,Lyudmila Medvedyeva,RUS,1957-01-18,4r1,Leningrad,1985-08-02,242.13,1985,1980,28.536618754277892
1621,4:02.13,Kirsty Wade,GBR,1962-08-06,1,Gateshead,1987-06-13,242.13,1987,1980,24.851471594798085
1621,4:02.13,Lyudmila Borisova,RUS,1966-03-08,2,Sankt Peterburg,1996-07-04,242.13,1996,1990,30.324435318275153
1621,4:02.13,Sonja Roman,SLO,1979-03-11,4,Roma,2009-07-10,242.13,2009,2000,30.33264887063655
1621,4:02.13,Lisa Dobriskey,GBR,1983-12-23,5,Saint-Denis,2012-07-06,242.13,2012,2010,28.536618754277892
1627,4:02.14,Nelly Chepchirchir,KEN,2003-06-04,1s1,Budapest,2023-08-20,242.14,2023,2020,20.210814510609172
1627,4:02.14,Elinor St. Pierre,USA,1995-02-20,5s1,Eugene,2024-06-28,242.14,2024,2020,29.352498288843258
1627,4:02.14,Gracie Morris,USA,2001-12-17,12,Xiamen,2026-05-23,242.14,2026,2020,24.42984257357974
1630,4:02.15,Elana Meyer,RSA,1966-10-10,1,Cape Town,1992-03-21,242.15,1992,1990,25.44558521560575
1630,4:02.15,Regina Jacobs,USA,1963-08-28,3,Monaco,1994-08-02,242.15,1994,1990,30.92950034223135
1630,4:02.15,Yelena Zadorozhnaya,RUS,1977-12-03,1,Eugene,2004-06-19,242.15,2004,2000,26.543463381245722
1630,4:02.15,Gelete Burka,ETH,1986-01-23,1,Shanghai,2009-09-20,242.15,2009,2000,23.65776865160849
1630,4:02.15,Sophie O'Sullivan,IRL,2001-12-23,8h3,Budapest,2023-08-19,242.15,2023,2020,21.65366187542779
1630,4:02.15,Abbey Caldwell,AUS,2001-07-03,7,Roma,2026-06-04,242.15,2026,2020,24.919917864476385
1636,4:02.16,Qu Yunxia,CHN,1972-12-25,1,Nanjing,1992-05-18,242.16,1992,1990,19.394934976043807
1636,4:02.16,Yelena Zadorozhnaya,RUS,1977-12-03,1,Tula,2001-06-09,242.16,2001,2000,23.515400410677618
1636,4:02.16,Iryna Lishchynska,UKR,1976-01-15,4,Rieti,2006-08-27,242.16,2006,2000,30.614647501711158
1636,4:02.16,Gelete Burka,ETH,1986-01-23,2,Ad-Dawhah,2010-05-14,242.16,2010,2010,24.303901437371664
1636,4:02.16,Siham Hilali,MAR,1986-05-02,4,Eugene,2013-06-01,242.16,2013,2010,27.082819986310746
1636,4:02.16+,Klaudia Kazimierska,POL,2001-09-03,4,Eugene,2026-07-04,242.16,2026,2020,24.83230663928816
1642,4:02.17,Bouchra Ghézielle,FRA,1979-05-19,9,Rieti,2005-08-28,242.17,2005,2000,26.27789185489391
1642,4:02.17,Iryna Lishchynska,UKR,1976-01-15,2,Saint-Denis,2007-07-06,242.17,2007,2000,31.471594798083505
1644,4:02.18,Lisa Dobriskey,GBR,1983-12-23,3,Lausanne,2008-09-02,242.18,2008,2000,24.695414099931554
1644,4:02.18,Maryam Yusuf Jamal,BRN,1984-09-16,2s2,London,2012-08-08,242.18,2012,2010,27.89322381930185
1644,4:02.18,Shannon Osika,USA,1993-06-15,4,Eugene,2021-06-21,242.18,2021,2020,28.016427104722794
1647,4:02.19,Judit Varga,HUN,1976-04-16,6,Roma,2003-07-11,242.19,2003,2000,27.23340177960301
1647,4:02.19,Rababe Arafi,MAR,1991-01-12,2,Rabat,2017-07-16,242.19,2017,2010,26.507871321013006
1647,4:02.19+,Dorcus Ewoi,KEN,1996-10-02,5,Eugene,2026-07-04,242.19,2026,2020,29.752224503764545
1650,4:02.2,Tamara Koba,UKR,1957-02-24,5,Moskva,1980-06-12,242.2,1980,1980,23.29637234770705
1650,4:02.20,Ulrike Bruns,GDR,1953-11-17,7,Praha,1978-09-03,242.2,1978,1970,24.79397672826831
1650,4:02.20,Natalya Artyomova,RUS,1963-01-05,1h,Kyiv,1984-06-22,242.2,1984,1980,21.462012320328544
1650,4:02.20,Doina Melinte,ROU,1956-12-27,1,Berlin,1990-07-04,242.2,1990,1990,33.516769336071185
1650,4:02.20,Lidia Chojecka,POL,1977-01-25,5,Rieti,2006-08-27,242.2,2006,2000,29.585215605749486
1650,4:02.20,Ingvill Måkestad Bovim,NOR,1981-08-07,5,Rieti,2010-08-29,242.2,2010,2010,29.059548254620122
1650,4:02.20,Jemma Reekie,GBR,1998-03-06,1,Marseille,2020-09-03,242.2,2020,2020,22.496919917864478
1650,4:02.20,Susan Ejore-Sanders,KEN,1995-11-09,5,Westwood,2023-05-27,242.2,2023,2020,27.54551676933607
1650,4:02.20,Maia Ramsden,NZL,2002-03-23,8s1,Saint-Denis,2024-08-08,242.2,2024,2020,22.379192334017795
1650,4:02.20+,Birke Haylom,ETH,2006-01-06,7,London,2025-07-19,242.2,2025,2020,19.531827515400412
1650,4:02.20,Esther Guerrero,ESP,1990-02-07,7h3,Tokyo,2025-09-13,242.2,2025,2020,35.59753593429158
1661,4:02.21,Ulrike Bruns,GDR,1953-11-17,2,Zagreb,1981-08-16,242.21,1981,1980,27.745379876796715
1661,4:02.21,Ulrike Bruns,GDR,1953-11-17,2,Potsdam,1987-06-06,242.21,1987,1980,33.549623545516766
1661,4:02.21,Doina Melinte,ROU,1956-12-27,1,Bruxelles,1989-08-25,242.21,1989,1980,32.65982203969884
1661,4:02.21,Violeta Szekely,ROU,1965-03-26,3,Zürich,1991-08-07,242.21,1991,1990,26.365503080082135
1661,4:02.21,Hassiba Boulmerka,ALG,1968-07-10,1,Tokyo,1991-08-31,242.21,1991,1990,23.140314852840522
1661,4:02.21,Olga Nelyubova,RUS,1964-06-12,7,Zürich,2000-08-11,242.21,2000,2000,36.16427104722793
1661,4:02.21,Alesya Turova,BLR,1979-12-06,3,Athínai,2005-06-14,242.21,2005,2000,25.522245037645447
1661,4:02.21A,Mercy Cherono,KEN,1991-05-07,2,Nairobi,2015-08-01,242.21,2015,2010,24.23545516769336
1669,4:02.22,Natalya Artyomova,RUS,1963-01-05,1,Erfurt,1985-06-22,242.22,1985,1980,22.46132785763176
1669,4:02.22,Wang Qingfen,CHN,1973-03-27,10,Shanghai,1997-10-18,242.22,1997,1990,24.56125941136208
1669,4:02.22,Lucia Stafford,CAN,1998-08-17,10h1,Saint-Denis,2024-08-06,242.22,2024,2020,25.971252566735114
1672,4:02.23,Natalya Boborova,RUS,1959-02-12,4,Leningrad,1983-07-26,242.23,1983,1980,24.449007529089666
1672,4:02.23,Paula Ivan,ROU,1963-07-20,1,Rieti,1989-09-03,242.23,1989,1980,26.12457221081451
1672,4:02.23,Yelena Kanales,RUS,1976-02-07,4,Tula,2006-06-15,242.23,2006,2000,30.351813826146476
1672,4:02.23,Águeda Marqués,ESP,1999-03-19,12,Budapest,2025-08-12,242.23,2025,2020,26.401095140314855
1672,4:02.23,Patrícia Silva,POR,1999-12-09,1r1,Nerja,2026-05-20,242.23,2026,2020,26.444900752908968
1677,4:02.24,Corina Dumbravean,ROU,1984-04-15,6,Göteborg,2006-08-13,242.24,2006,2000,22.327173169062284
1677,4:02.24+,Winny Chebet,KEN,1990-12-20,3,London,2017-07-09,242.24,2017,2010,26.55167693360712
1677,4:02.24,Winny Chebet,KEN,1990-12-20,2,Birmingham,2017-08-20,242.24,2017,2010,26.666666666666668
1677,4:02.24,Winnie Nanyondo,UGA,1993-08-23,2h3,Tokyo,2021-08-02,242.24,2021,2020,27.942505133470227
1677,4:02.24,Freweyni Hailu,ETH,2001-02-12,1,Lausanne,2021-08-26,242.24,2021,2020,20.53388090349076
1682,4:02.25,Gunhild Hoffmeister,GDR,1944-07-06,1,Roma,1974-09-08,242.25,1974,1970,30.17385352498289
1682,4:02.25,Yekaterina Podkopayeva,RUS,1952-06-11,3,Helsinki,1983-08-14,242.25,1983,1980,31.173169062286107
1682,4:02.25,Lidiya Volodina,RUS,1953-05-21,8,Kyiv,1984-06-24,242.25,1984,1980,31.093771389459274
1682,4:02.25,Susan Krumins,NED,1986-07-08,3,Berlin,2017-08-27,242.25,2017,2010,31.137577002053387
1682,4:02.25,Gaia Sabbatini,ITA,1999-06-10,8s1,Tokyo,2021-08-04,242.25,2021,2020,22.151950718685832
1682,4:02.25A,Birke Haylom,ETH,2006-01-06,2,Nairobi,2022-05-07,242.25,2022,2020,16.331279945242983
1682,4:02.25,Hirut Meshesha,ETH,2001-01-20,7,Ad-Dawhah,2023-05-05,242.25,2023,2020,22.286105407255306
1682,4:02.25,Netsanet Desta,ETH,2000-10-26,6,Rabat,2025-05-25,242.25,2025,2020,24.577686516084874
1682,4:02.25,Revee Walcott-Nolan,GBR,1995-03-06,2,Turku,2025-06-17,242.25,2025,2020,30.28336755646817
1691,4:02.26,Ulrike Bruns,GDR,1953-11-17,4,Oslo,1987-07-04,242.26,1987,1980,33.62628336755647
1691,4:02.26,Patricia Djaté,FRA,1971-01-03,2,Bruxelles,1996-08-23,242.26,1996,1990,25.637234770704996
1691,4:02.26,Gelete Burka,ETH,1986-01-23,2,Zürich,2010-08-19,242.26,2010,2010,24.569472963723477
1691,4:02.26+,Rachel Schneider,USA,1991-07-18,9,Monaco,2019-07-12,242.26,2019,2010,27.983572895277206
1695,4:02.27,Hassiba Boulmerka,ALG,1968-07-10,4,Köln,1994-08-21,242.27,1994,1990,26.11362080766598
1695,4:02.27,Jackline Maranga,KEN,1977-12-16,3,Nice,1998-07-16,242.27,1998,1990,20.580424366872005
1695,4:02.27,Tatyana Tomashova,RUS,1975-07-01,1,Bruxelles,2004-09-03,242.27,2004,2000,29.177275838466805
1695,4:02.27,Claudia Mihaela Bobocea,ROU,1992-06-11,8,London,2019-07-20,242.27,2019,2010,27.104722792607802
1695,4:02.27,Linden Hall,AUS,1991-06-20,3h3,Tokyo,2021-08-02,242.27,2021,2020,30.119096509240247
1695,4:02.27,Esther Guerrero,ESP,1990-02-07,13,Bruxelles,2023-09-08,242.27,2023,2020,33.582477754962355
1701,4:02.28,Doina Melinte,ROU,1956-12-27,1,Stockholm,1990-07-02,242.28,1990,1990,33.51129363449692
1701,4:02.28,Carla Sacramento,POR,1971-12-10,2,Rieti,2002-09-08,242.28,2002,2000,30.746064339493497
1701,4:02.28,Lisa Dobriskey,GBR,1983-12-23,5,Monaco,2009-07-28,242.28,2009,2000,25.596167008898014
1701,4:02.28,Shannon Rowbury,USA,1984-09-19,4,Eugene,2015-05-30,242.28,2015,2010,30.691307323750856
1701,4:02.28,Freweyni Hailu,ETH,2001-02-12,4s1,Eugene,2022-07-16,242.28,2022,2020,21.420944558521562
1701,4:02.28,Revee Walcott-Nolan,GBR,1995-03-06,12,Roma,2025-06-06,242.28,2025,2020,30.253251197809718
1707,4:02.29,Malgorzata Rydz,POL,1967-01-18,3,Monaco,1993-08-07,242.29,1993,1990,26.55167693360712
1707,4:02.29,Regina Jacobs,USA,1963-08-28,1,Boston,1998-06-30,242.29,1998,1990,34.83915126625599
1707,4:02.29,Zahra Ouaziz,MAR,1969-12-20,10,Monaco,1998-08-08,242.29,1998,1990,28.632443531827516
1707,4:02.29,Getenesh Wami,ETH,1974-12-11,6,Bruxelles,1998-08-28,242.29,1998,1990,23.71252566735113
1707,4:02.29,Carmen Douma,CAN,1977-03-12,10,Rieti,2005-08-28,242.29,2005,2000,28.462696783025326
1707,4:02.29,Eilish McColgan,GBR,1990-11-25,6,Roma,2019-06-06,242.29,2019,2010,28.528405201916495
1713,4:02.3,Mariem Alaoui Selsouli,MAR,1984-04-08,2,Athínai,2007-07-02,242.3,2007,2000,23.23066392881588
1713,4:02.30,Gelete Burka,ETH,1986-01-23,1,Shanghai,2008-09-20,242.3,2008,2000,22.65845311430527
1713,4:02.30,Sylwia Ejdys,POL,1984-07-15,6,Monaco,2009-07-28,242.3,2009,2000,25.034907597535934
1713,4:02.30,Helen Obiri,KEN,1989-12-13,3s2,London,2012-08-08,242.3,2012,2010,22.652977412731005
1713,4:02.30,Jennifer Simpson,USA,1986-08-23,3,Roma,2013-06-06,242.3,2013,2010,26.78713210130048
1713,4:02.30,Helen Schlachtenhaufen,USA,1995-03-14,5,Zürich,2021-09-09,242.3,2021,2020,26.491444216290212
1713,4:02.30,Saron Berhe,ETH,2007-08-22,2,Madrid,2023-07-22,242.3,2023,2020,15.915126625598905
1713,4:02.30+,Agathe Guillemot,FRA,1999-07-11,8,London,2025-07-19,242.3,2025,2020,26.023271731690624
1721,4:02.31,Carmen Douma,CAN,1977-03-12,9,Athínai,2004-08-28,242.31,2004,2000,27.463381245722108
1721,4:02.31,Nancy Jebet Langat,KEN,1981-08-22,4,Athínai,2005-06-14,242.31,2005,2000,23.811088295687885
1721,4:02.31,Mercy Cherono,KEN,1991-05-07,3,Barcelona,2011-07-22,242.31,2011,2010,20.20807665982204
1721,4:02.31,Laura Muir,GBR,1993-05-09,5,Zürich,2022-09-08,242.31,2022,2020,29.333333333333332
1721,4:02.31,Freweyni Hailu,ETH,2001-02-12,1,Stockholm,2023-07-02,242.31,2023,2020,22.38193018480493
1726,4:02.32,Shireen Bailey,GBR,1959-09-27,7,Seoul,1988-10-01,242.32,1988,1980,29.013004791238878
1726,4:02.32,Olga Komyagina,RUS,1974-02-10,1,Leverkusen,2000-08-20,242.32,2000,2000,26.524298425735797
1726,4:02.32,Janeth Jepkosgei,KEN,1983-12-13,6,Bruxelles,2011-09-16,242.32,2011,2010,27.759069130732374
1726,4:02.32,Laura Muir,GBR,1993-05-09,1,Berlin,2018-08-12,242.32,2018,2010,25.259411362080765
1726,4:02.32,Katharina Trost,GER,1995-06-28,9,Chorzów,2023-07-16,242.32,2023,2020,28.04928131416838
1726,4:02.32,Cory Ann McGee,USA,1992-05-29,14,Bruxelles,2023-09-08,242.32,2023,2020,31.277207392197127
1726,4:02.32,Lucia Stafford,CAN,1998-08-17,10,Westwood,2024-05-18,242.32,2024,2020,25.752224503764545
1733,4:02.33,Nikolina Shtereva,BUL,1955-01-21,2s1,Montréal,1976-07-29,242.33,1976,1970,21.519507186858316
1733,4:02.33,Olga Zhuravlyova,RUS,,h,Kyiv,1984-06-22,242.33,1984,1980,
1733,4:02.33,Natalya Gorelova,RUS,1973-04-18,5,Monaco,2002-07-19,242.33,2002,2000,29.251197809719372
1733,4:02.33,Naomi Mugo,KEN,1977-01-02,6,Saint-Denis,2003-08-31,242.33,2003,2000,26.65845311430527
1733,4:02.33,Yuliya Chizhenko,RUS,1979-08-30,1,Sankt Peterburg,2012-06-19,242.33,2012,2010,32.80492813141684
1733,4:02.33,Nozomi Tanaka,JPN,1999-09-04,4h3,Tokyo,2021-08-02,242.33,2021,2020,21.911019849418206
1733,4:02.33+,Emily MacKay,USA,1998-04-30,6,Eugene,2026-07-04,242.33,2026,2020,28.177960301163587
1740,4:02.34,Doina Melinte,ROU,1956-12-27,1,Köln,1988-08-21,242.34,1988,1980,31.64955509924709
1740,4:02.34,Natalya Artyomova,RUS,1963-01-05,1,Dijon,1991-06-15,242.34,1991,1990,28.44079397672827
1740,4:02.34,Daniela Yordanova,BUL,1976-03-08,7,Saint-Denis,2003-08-31,242.34,2003,2000,27.479808350444902
1740,4:02.34,Yelena Zadorozhnaya,RUS,1977-12-03,4,Tula,2004-08-01,242.34,2004,2000,26.661190965092402
1740,4:02.34,Gulnara Galkina,RUS,1978-07-09,1,Moskva,2009-06-12,242.34,2009,2000,30.926762491444215
1740,4:02.34,Elinor St. Pierre,USA,1995-02-20,7,Roma,2019-06-06,242.34,2019,2010,24.290212183436
1740,4:02.34,Melissa Courtney-Bryant,GBR,1993-08-30,4,Berlin,2020-09-13,242.34,2020,2020,27.039014373716633
1740,4:02.34+,Linden Hall,AUS,1991-06-20,7,Oslo,2023-06-15,242.34,2023,2020,31.98631074606434
1748,4:02.35,Nadezhda Ralldugina,RUS,1957-11-15,h,Kyiv,1984-06-22,242.35,1984,1980,26.600958247775495
1748,4:02.35,Ravilya Agletdinova,BLR,1960-02-10,h,Kyiv,1984-06-22,242.35,1984,1980,24.36413415468857
1748,4:02.35,Jackline Maranga,KEN,1977-12-16,2,Monaco,1997-08-16,242.35,1997,1990,19.665982203969882
1748,4:02.35,Axumawit Embaye,ETH,1994-10-18,9,Saint-Denis,2014-07-05,242.35,2014,2010,19.71252566735113
1748,4:02.35,Sara Lappalainen,FIN,1991-08-17,7s2,Tokyo,2021-08-04,242.35,2021,2020,29.965776865160848
1748,4:02.35,Marta Pérez,ESP,1993-04-19,4,Székesfehérvár,2023-07-18,242.35,2023,2020,30.245037645448324
1748,4:02.35,Linden Hall,AUS,1991-06-20,12,Chorzów,2024-08-25,242.35,2024,2020,33.18275154004107
1755,4:02.36,Tatyana Dorovskikh,UKR,1961-08-12,2,Stuttgart,1986-08-31,242.36,1986,1980,25.05133470225873
1755,4:02.36,Sifan Hassan,NED,1993-01-01,1,Lausanne,2015-07-09,242.36,2015,2010,22.5160848733744
1755,4:02.36,Adelle Tracey,JAM,1993-05-27,8,Chorzów,2022-08-06,242.36,2022,2020,29.193702943189596
1755,4:02.36+,Salomé Afonso,POR,1997-11-19,9,London,2025-07-19,242.36,2025,2020,27.66324435318275
1759,4:02.37,Lyudmila Veselkova,RUS,1950-10-25,h,Kyiv,1984-06-22,242.37,1984,1980,33.659137577002056
1759,4:02.37,Judit Varga,HUN,1976-04-16,4,München,2002-08-11,242.37,2002,2000,26.31895961670089
1759,4:02.37,Natalya Yevdokimova,RUS,1978-03-17,2,Bruxelles,2004-09-03,242.37,2004,2000,26.466803559206024
1759,4:02.37,Shelby Houlihan,USA,1993-02-08,1,Portland,2020-06-30,242.37,2020,2020,27.38945927446954
1759,4:02.37,Danielle Jones,USA,1996-08-21,2,Tomblaine,2024-05-25,242.37,2024,2020,27.759069130732374
1764,4:02.38,Zamira Zaytseva,UZB,1953-02-16,3,Moskva,1982-06-12,242.38,1982,1980,29.31690622861054
1764,4:02.38,Angela Chalmers,CAN,1963-09-06,3,Stockholm,1994-07-12,242.38,1994,1990,30.847364818617386
1764,4:02.38,Lyudmila Rogachova,RUS,1966-10-30,3,Sankt Peterburg,1996-07-04,242.38,1996,1990,29.678302532511978
1764,4:02.38,Kristina da Fonseca-Wöllheim,GER,1972-02-10,6,Zürich,1998-08-12,242.38,1998,1990,26.50239561943874
1764,4:02.38,Shelby Houlihan,USA,1993-02-08,12,Eugene,2025-07-05,242.38,2025,2020,32.40246406570842
1769,4:02.39,Lyudmila Rogachova,RUS,1966-10-30,1,Moskva,1992-06-11,242.39,1992,1990,25.61533196440794
1769,4:02.39,Maria Mutola,MOZ,1972-10-27,4,Monaco,2000-08-18,242.39,2000,2000,27.808350444900753
1771,4:02.4A,Gudaf Tsegay,ETH,1997-06-23,1,Addis Abeba,2021-01-16,242.4,2021,2020,23.567419575633128
1771,4:02.40,Lyudmila Rogachova,RUS,1966-10-30,1,Sankt Peterburg,1994-07-16,242.4,1994,1990,27.709787816564
1771,4:02.40,Natalya Gorelova,RUS,1973-04-18,3,Edmonton,2001-08-07,242.4,2001,2000,28.303901437371664
1771,4:02.40,Oksana Zbrozhek,RUS,1978-01-12,2,Athínai,2009-07-13,242.4,2009,2000,31.498973305954827
1771,4:02.40,Morgan Uceny,USA,1985-03-10,5,Lausanne,2010-07-08,242.4,2010,2010,25.32785763175907
1771,4:02.40,Heather MacLean,USA,1995-08-31,5h3,Tokyo,2021-08-02,242.4,2021,2020,25.921971252566735
1771,4:02.40A,Faith Kipyegon,KEN,1994-01-10,1,Nairobi,2021-09-18,242.4,2021,2020,27.68788501026694
1778,4:02.41,Lyudmila Bragina,RUS,1943-07-24,3s1,Montréal,1976-07-29,242.41,1976,1970,33.01574264202601
1778,4:02.41,Tatyana Dorovskikh,UKR,1961-08-12,3,Moskva,1984-07-20,242.41,1984,1980,22.937713894592743
1778,4:02.41,Tatyana Dorovskikh,UKR,1961-08-12,1,Podolsk,1985-09-09,242.41,1985,1980,24.076659822039698
1778,4:02.41,Lyubov Kremlyova,RUS,1961-12-21,3,Kyiv,1988-08-02,242.41,1988,1980,26.614647501711158
1778,4:02.41,Regina Jacobs,USA,1963-08-28,1,Eugene,1999-06-26,242.41,1999,1990,35.827515400410675
1778,4:02.41,Esther Guerrero,ESP,1990-02-07,4,Stockholm,2021-07-04,242.41,2021,2020,31.4031485284052
1778,4:02.41,Gudaf Tsegay,ETH,1997-06-23,6,Zürich,2022-09-08,242.41,2022,2020,25.21013004791239
1785,4:02.42,Brigitte Kraus,FRG,1956-08-12,2,Köln,1983-08-28,242.42,1983,1980,27.041752224503764
1785,4:02.42,Hassiba Boulmerka,ALG,1968-07-10,1,Göteborg,1995-08-09,242.42,1995,1990,27.080082135523615
1785,4:02.42,Judit Varga,HUN,1976-04-16,5,Monaco,2003-09-13,242.42,2003,2000,27.408624229979466
1785,4:02.42,Helen Obiri,KEN,1989-12-13,7,Bruxelles,2011-09-16,242.42,2011,2010,21.75770020533881
1785,4:02.42,Abeba Aregawi,ETH,1990-07-05,1,Oslo,2012-06-07,242.42,2012,2010,21.924709103353866
1785,4:02.42,Revee Walcott-Nolan,GBR,1995-03-06,3,Ostrava,2024-05-28,242.42,2024,2020,29.229295003422312
1791,4:02.43,Gabriella Dorio,ITA,1957-06-27,2,Udine,1983-06-12,242.43,1983,1980,25.95756331279945
1791,4:02.43,Nuria Fernández,ESP,1976-08-16,1,Barcelona,2009-07-25,242.43,2009,2000,32.93908281998631
1791,4:02.43,Linden Hall,AUS,1991-06-20,10,Firenze,2023-06-02,242.43,2023,2020,31.95071868583162
1794,4:02.44,Ravilya Agletdinova,BLR,1960-02-10,1,Oslo,1985-07-16,242.44,1985,1980,25.429158110882955
1794,4:02.44,Doina Melinte,ROU,1956-12-27,3,Stuttgart,1986-08-31,242.44,1986,1980,29.675564681724847
1794,4:02.44,Wang Renmei,CHN,1970-07-05,7h1,Beijing,1993-09-10,242.44,1993,1990,23.184120465434635
1794,4:02.44,Jolanda Ceplak,SLO,1976-09-12,1,Eugene,2003-05-24,242.44,2003,2000,26.694045174537987
1794,4:02.44,Sarah Jamieson,AUS,1975-03-24,3,Athínai,2008-07-13,242.44,2008,2000,33.30595482546201
1794,4:02.44,Axumawit Embaye,ETH,1994-10-18,4,Birmingham,2018-08-18,242.44,2018,2010,23.83299110198494
1794,4:02.44,Tigist Ketema,ETH,1998-09-15,7,Eugene,2021-08-21,242.44,2021,2020,22.93223819301848
1794,4:02.44,Mirriam Cherop,KEN,1999-06-25,2r1,Nerja,2026-05-20,242.44,2026,2020,26.902121834360027
1802,4:02.45,Gunhild Hoffmeister,GDR,1944-07-06,4s1,Montréal,1976-07-29,242.45,1976,1970,32.062970568104035
1802,4:02.45,Lyudmila Vasilyeva,RUS,1969-10-20,4,Bruxelles,2001-08-24,242.45,2001,2000,31.84394250513347
1802,4:02.45,Bouchra Ghézielle,FRA,1979-05-19,3,Helsinki,2005-08-14,242.45,2005,2000,26.239561943874058
1802,4:02.45,Maryam Yusuf Jamal,BRN,1984-09-16,3,Lausanne,2006-07-11,242.45,2006,2000,21.815195071868583
1802,4:02.45,Tatyana Tomashova,RUS,1975-07-01,2,Athínai,2006-09-17,242.45,2006,2000,31.21423682409309
1802,4:02.45,Gudaf Tsegay,ETH,1997-06-23,1,Ostrava,2018-06-13,242.45,2018,2010,20.971937029431896
1808,4:02.46,Natalya Gorelova,RUS,1973-04-18,4,Berlin,2002-09-06,242.46,2002,2000,29.385352498288842
1808,4:02.46,Yelena Zadorozhnaya,RUS,1977-12-03,8,Saint-Denis,2003-08-31,242.46,2003,2000,25.741273100616016
1808,4:02.46,Olga Yegorova,RUS,1972-03-28,5,Athínai,2006-07-03,242.46,2006,2000,34.26420260095825
1808,4:02.46,Birke Haylom,ETH,2006-01-06,2s1,Budapest,2023-08-20,242.46,2023,2020,17.61806981519507
1808,4:02.46,Emily MacKay,USA,1998-04-30,1s2,Eugene,2024-06-28,242.46,2024,2020,26.16290212183436
1808,4:02.46,Ludovica Cavalli,ITA,2000-12-20,21,Saint-Denis,2024-08-07,242.46,2024,2020,23.630390143737166
1814,4:02.47,Doina Melinte,ROU,1956-12-27,1,Zürich,1982-08-18,242.47,1982,1980,25.639972621492127
1814,4:02.47,Lyubov Gurina,RUS,1957-08-06,4,Monaco,1994-08-02,242.47,1994,1990,36.988364134154686
1814,4:02.47,Olga Nelyubova,RUS,1964-06-12,1,Moskva,1998-08-03,242.47,1998,1990,34.1409993155373
1814,4:02.47,Natalya Gorelova,RUS,1973-04-18,7,Zürich,2002-08-16,242.47,2002,2000,29.32785763175907
1818,4:02.48,Tatyana Dorovskikh,UKR,1961-08-12,1,Leningrad,1986-06-08,242.48,1986,1980,24.82135523613963
1818,4:02.48,Natalya Artyomova,RUS,1963-01-05,1,Monaco,1991-08-03,242.48,1991,1990,28.57494866529774
1818,4:02.48,Yekaterina Podkopayeva,RUS,1952-06-11,4,Monaco,1993-08-07,242.48,1993,1990,41.15537303216975
1818,4:02.48,Yelena Soboleva,RUS,1982-10-03,4,Helsinki,2005-08-14,242.48,2005,2000,22.863791923340177
1818,4:02.48,Ciara Mageean,IRL,1992-03-12,5,Monaco,2021-07-09,242.48,2021,2020,29.32511978097194
1823,4:02.49,Natalya Boborova,RUS,1959-02-12,9,Kyiv,1984-06-24,242.49,1984,1980,25.363449691991786
1823,4:02.49,Mary Slaney,USA,1958-08-04,8,Seoul,1988-10-01,242.49,1988,1980,30.16016427104723
1823,4:02.49,Maryam Yusuf Jamal,BRN,1984-09-16,5,Helsinki,2005-08-14,242.49,2005,2000,20.908966461327857
1823,4:02.49,Yevgeniya Zolotova,RUS,1983-04-28,3,Cheboksary,2009-07-26,242.49,2009,2000,26.245037645448324
1823,4:02.49,Kate Grace,USA,1988-10-24,1,Minsk,2019-09-10,242.49,2019,2010,30.87748117727584
1823,4:02.49,Heather MacLean,USA,1995-08-31,1rB,Westwood,2024-05-17,242.49,2024,2020,28.711841204654345
1829,4:02.5,Svetlana Guskova,MDA,1959-08-19,3,Kaunas,1979-08-12,242.5,1979,1970,19.980835044490075
1829,4:02.5,Yelena Sipatova,RUS,1955-06-07,5r1,Sochi,1980-05-23,242.5,1980,1980,24.960985626283367
1829,4:02.5,Olga Dvirna,RUS,1953-02-11,6,Moskva,1980-06-12,242.5,1980,1980,27.33196440793977
1829,4:02.50,Viola Kibiwott,KEN,1985-12-22,6,Monaco,2013-07-19,242.5,2013,2010,27.572895277207394
1829,4:02.50,Caster Semenya,RSA,1991-01-07,1,Paarl,2018-03-22,242.5,2018,2010,27.20328542094456
1829,4:02.50,Habitam Alemu,ETH,1997-07-09,6,Rabat,2022-06-05,242.5,2022,2020,24.906228610540726
1835,4:02.51,Regina Jacobs,USA,1963-08-28,4,Roma,2002-07-12,242.51,2002,2000,38.87200547570158
1836,4:02.52,Kelly Holmes,GBR,1970-04-19,4,Stockholm,1994-07-12,242.52,1994,1990,24.229979466119097
1836,4:02.52,Natalya Tobias,UKR,1980-11-22,6,Rieti,2006-08-27,242.52,2006,2000,25.760438056125942
1836,4:02.52,Brenda Martinez,USA,1987-09-08,7,Eugene,2014-05-31,242.52,2014,2010,26.72689938398357
1839,4:02.53,Natalya Artyomova,RUS,1963-01-05,1,Moskva,1990-06-10,242.53,1990,1990,27.42778918548939
1839,4:02.53,Esther Guerrero,ESP,1990-02-07,6,Monaco,2021-07-09,242.53,2021,2020,31.416837782340863
1839,4:02.53+,Worknesh Mesele,ETH,2001-06-10,8,Oslo,2023-06-15,242.53,2023,2020,22.012320328542096
1839,4:02.53,Sarah McDonald,GBR,1993-08-02,3,Madrid,2023-07-22,242.53,2023,2020,29.968514715947983
1843,4:02.54,Maricica Puica,ROU,1950-07-29,1,Lausanne,1985-07-10,242.54,1985,1980,34.94866529774127
1843,4:02.54,Hasna Benhassi,MAR,1978-06-01,7,Roma,2003-07-11,242.54,2003,2000,25.1088295687885
1843,4:02.54,Stephanie Twell,GBR,1989-08-17,3,Zürich,2010-08-19,242.54,2010,2010,21.00479123887748
1843,4:02.54,Jennifer Simpson,USA,1986-08-23,3,New York City,2014-06-14,242.54,2014,2010,27.808350444900753
1843,4:02.54,Teresia Gateri,KEN,2002-01-05,1r2,Yamaguchi,2024-09-22,242.54,2024,2020,22.713210130047912
1848,4:02.55,Ulrike Bruns,GDR,1953-11-17,1,Erfurt,1978-05-28,242.55,1978,1970,24.525667351129364
1848,4:02.55,Lidiya Volodina,RUS,1953-05-21,4,Moskva,1984-07-20,242.55,1984,1980,31.16495550992471
1848,4:02.55,Oleysa Mikheyeva,RUS,1981-07-23,11,Rieti,2005-08-28,242.55,2005,2000,24.098562628336754
1848,4:02.55,Maryam Yusuf Jamal,BRN,1984-09-16,2,Eugene,2006-05-28,242.55,2006,2000,21.694729637234772
1848,4:02.55,Adelle Tracey,GBR,1993-05-27,5rA,Ostrava,2022-05-31,242.55,2022,2020,29.010266940451746
1848,4:02.55,Faith Kipyegon,KEN,1994-01-10,1h4,Tokyo,2025-09-13,242.55,2025,2020,31.67419575633128
1848,4:02.55,Rosemary Lokwom,KEN,2004-09-26,1r2,Azusa,2026-04-18,242.55,2026,2020,21.557837097878167
1855,4:02.56+,Mary Slaney,USA,1958-08-04,1,Oslo,1985-07-27,242.56,1985,1980,26.978781656399725
1855,4:02.56,Natalya Pantelyeva,RUS,1983-08-18,1,Monaco,2008-07-29,242.56,2008,2000,24.947296372347708
1855,4:02.56,Shannon Rowbury,USA,1984-09-19,5,Berlin,2020-09-13,242.56,2020,2020,35.983572895277206
1855,4:02.56,Ciara Mageean,IRL,1992-03-12,2,München,2022-08-19,242.56,2022,2020,30.43668720054757
1855,4:02.56,Elise Cranny,USA,1996-05-09,2s2,Eugene,2024-06-28,242.56,2024,2020,28.136892539356605
1860,4:02.57,Süreyya Ayhan-Kop,TUR,1978-09-06,1,Madrid,2002-09-21,242.57,2002,2000,24.041067761806982
1860,4:02.57,Natalia Rodríguez,ESP,1979-06-02,8,Bruxelles,2011-09-16,242.57,2011,2010,32.290212183436005
1860,4:02.57+,Jennifer Simpson,USA,1986-08-23,4,London,2017-07-09,242.57,2017,2010,30.87748117727584
1860,4:02.57,Jemma Reekie,GBR,1998-03-06,1,Chorzów,2024-05-18,242.57,2024,2020,26.20123203285421
1864,4:02.58,Olga Zhuravlyova,RUS,,2,Kyiv,1983-08-27,242.58,1983,1980,
1864,4:02.58,Christina Cahill,GBR,1957-03-25,2,Moskva,1985-08-18,242.58,1985,1980,28.399726214921287
1864,4:02.58,Tatyana Dorovskikh,UKR,1961-08-12,2,Tokyo,1991-08-31,242.58,1991,1990,30.050650239561943
1864,4:02.58,Winny Chebet,KEN,1990-12-20,4,Stockholm,2020-08-23,242.58,2020,2020,29.675564681724847
1864,4:02.58,Hanna Klein,GER,1993-04-06,1,Nice,2021-06-12,242.58,2021,2020,28.18343600273785
1864,4:02.58,Maia Ramsden,NZL,2002-03-23,11,Westwood,2024-05-18,242.58,2024,2020,22.154688569472963
1864,4:02.58,Whittni Morgan,USA,1997-10-22,1rA,Eagle Rock,2024-07-20,242.58,2024,2020,26.743326488706366
1864,4:02.58+,Georgia Hunter Bell,GBR,1993-10-17,7,Eugene,2026-07-04,242.58,2026,2020,32.71184120465435
1872,4:02.59,Irene Jelagat,KEN,1988-12-10,4,Hengelo,2011-05-29,242.59,2011,2010,22.46406570841889
1872,4:02.59,Siham Hilali,MAR,1986-05-02,6,Saint-Denis,2012-07-06,242.59,2012,2010,26.17932922655715
1872,4:02.59,Genzebe Dibaba,ETH,1991-02-08,1h3,Beijing,2015-08-22,242.59,2015,2010,24.53388090349076
1872,4:02.59,Faith Kipyegon,KEN,1994-01-10,1,London,2017-08-07,242.59,2017,2010,23.572895277207394
1876,4:02.6,Lyudmila Bragina,RUS,1943-07-24,3,Podolsk,1976-06-28,242.6,1976,1970,32.930869267624914
1876,4:02.60,Maria Mutola,MOZ,1972-10-27,9,Barcelona,1992-08-08,242.6,1992,1990,19.78097193702943
1876,4:02.60,Olga Komyagina,RUS,1974-02-10,4,Bruxelles,2000-08-25,242.6,2000,2000,26.537987679671456
1876,4:02.60,Iryna Lishchynska,UKR,1976-01-15,1,Dortmund,2003-06-15,242.6,2003,2000,27.41409993155373
1876,4:02.60,Ludovica Cavalli,ITA,2000-12-20,14,Roma,2024-08-30,242.6,2024,2020,23.693360711841205
1881,4:02.61,Janice Merrill,USA,1956-06-18,5s1,Montréal,1976-07-29,242.61,1976,1970,20.112251882272417
1881,4:02.61,Zamira Zaytseva,UZB,1953-02-16,1,Moskva,1983-06-22,242.61,1983,1980,30.34360027378508
1881,4:02.61,Adelle Tracey,JAM,1993-05-27,5,Székesfehérvár,2023-07-18,242.61,2023,2020,30.140999315537304
1881,4:02.61,Saron Berhe,ETH,2007-08-22,2,Ad-Dawhah,2026-06-19,242.61,2026,2020,18.82546201232033
1885,4:02.62,Hassiba Boulmerka,ALG,1968-07-10,3,Monaco,1997-08-16,242.62,1997,1990,29.100616016427104
1885,4:02.62,Meraf Bahta,SWE,1989-06-24,3,London,2016-07-22,242.62,2016,2010,27.077344284736483
1885,4:02.62,Jessica Hull,AUS,1996-10-22,7,Palo Alto,2019-06-30,242.62,2019,2010,22.68583162217659
1885,4:02.62,Elise Cranny,USA,1996-05-09,1rA,Portland,2021-05-29,242.62,2021,2020,25.05407255304586
1885,4:02.62,Faith Kipyegon,KEN,1994-01-10,1h2,Budapest,2023-08-19,242.62,2023,2020,29.60438056125941
1890,4:02.63,Natalya Artyomova,RUS,1963-01-05,5,Leningrad,1983-07-26,242.63,1983,1980,20.553045859000683
1890,4:02.63,Sonia O'Sullivan,IRL,1969-11-28,7,Zürich,1998-08-12,242.63,1998,1990,28.70362765229295
1890,4:02.63,Naomi Mugo,KEN,1977-01-02,6,Monaco,2003-09-13,242.63,2003,2000,26.694045174537987
1890,4:02.63,Sarah Jamieson,AUS,1975-03-24,7,Rieti,2006-08-27,242.63,2006,2000,31.42778918548939
1890,4:02.63,Luiza Gega,ALB,1988-11-05,4,Ad-Dawhah,2015-05-15,242.63,2015,2010,26.521560574948666
1890,4:02.63,Elise Vanderelst,BEL,1998-01-27,7,Firenze,2021-06-10,242.63,2021,2020,23.367556468172484
1890,4:02.63,Jessica Hull,AUS,1996-10-22,11,Tokyo,2021-08-06,242.63,2021,2020,24.788501026694046
1890,4:02.63,Axumawit Embaye,ETH,1994-10-18,1,Chorzów,2023-06-04,242.63,2023,2020,28.62696783025325
1890,4:02.63,Salma Elbadra,MAR,2004-09-12,1r6,Winston-Salem,2026-04-17,242.63,2026,2020,21.593429158110883
1899,4:02.64,Carla Sacramento,POR,1971-12-10,1,Nice,1996-07-10,242.64,1996,1990,24.583162217659137
1899,4:02.64,Suzy Favor Hamilton,USA,1968-08-08,3,Saint-Denis,2001-07-06,242.64,2001,2000,32.90896646132786
1899,4:02.64,Malindi Elmore,CAN,1980-03-13,4,Roma,2004-07-02,242.64,2004,2000,24.303901437371664
1899,4:02.64,Mimi Belete,ETH,1988-06-09,6,Lausanne,2010-07-08,242.64,2010,2010,22.078028747433265
1899,4:02.64,Maureen Koster,NED,1992-03-07,6,Roma,2015-06-04,242.64,2015,2010,23.241615331964407
1899,4:02.64,Heather MacLean,USA,1995-08-31,1,Atlanta,2024-05-31,242.64,2024,2020,28.750171115674195
1899,4:02.64,Laura Muir,GBR,1993-05-09,8,Stockholm,2024-06-02,242.64,2024,2020,31.066392881587955
1899,4:02.64+,Esther Guerrero,ESP,1990-02-07,10,London,2025-07-19,242.64,2025,2020,35.44421629021218
1907,4:02.65,Natalia Marasescu,ROU,1952-10-03,1,Bucuresti,1977-07-17,242.65,1977,1970,24.78576317590691
1907,4:02.65,Violeta Szekely,ROU,1965-03-26,7,Bruxelles,1998-08-28,242.65,1998,1990,33.42368240930869
1907,4:02.65,Yekaterina Rozenberg,RUS,1980-01-23,8,Roma,2003-07-11,242.65,2003,2000,23.463381245722108
1907,4:02.65,Brenda Martinez,USA,1987-09-08,7,Eugene,2018-05-26,242.65,2018,2010,30.713210130047912
1907,4:02.65,Axumawit Embaye,ETH,1994-10-18,8,Roma,2019-06-06,242.65,2019,2010,24.632443531827516
1907,4:02.65,Jessica Hull,AUS,1996-10-22,5,Stockholm,2020-08-23,242.65,2020,2020,23.835728952772072
1907,4:02.65,Linden Hall,AUS,1991-06-20,1,Stockholm,2022-06-30,242.65,2022,2020,31.028062970568104
1907,4:02.65,Lucia Stafford,CAN,1998-08-17,2,Atlanta,2024-05-31,242.65,2024,2020,25.78781656399726
1915,4:02.66,Margrit Klinger,FRG,1960-06-22,3,Köln,1983-08-28,242.66,1983,1980,23.1813826146475
1915,4:02.66,Yelena Kanales,RUS,1976-02-07,4r3,Tula,2005-07-13,242.66,2005,2000,29.429158110882955
1915,4:02.66,Laura Weightman,GBR,1991-01-07,4,London,2016-07-22,242.66,2016,2010,25.53867214236824
1915,4:02.66,Winny Chebet,KEN,1990-12-20,10,Saint-Denis,2016-08-27,242.66,2016,2010,25.686516084873375
1915,4:02.66A,Edinah Jebitok,KEN,2001-11-10,3,Nairobi,2022-05-07,242.66,2022,2020,20.487337440109513
1915,4:02.66,Sarah Madeleiene,FRA,1998-09-20,2h4,Tokyo,2025-09-13,242.66,2025,2020,26.981519507186857
1921,4:02.67,Ravilya Agletdinova,BLR,1960-02-10,4,Helsinki,1983-08-14,242.67,1983,1980,23.50718685831622
1921,4:02.67,Yekaterina Podkopayeva,RUS,1952-06-11,h,Kyiv,1984-06-22,242.67,1984,1980,32.030116358658454
1921,4:02.67,Lyudmila Veselkova,RUS,1950-10-25,10,Kyiv,1984-06-24,242.67,1984,1980,33.66461327857632
1921,4:02.67,Carla Sacramento,POR,1971-12-10,3,Bruxelles,1996-08-23,242.67,1996,1990,24.70362765229295
1921,4:02.67,Judit Varga,HUN,1976-04-16,8,Bruxelles,2003-09-05,242.67,2003,2000,27.38672142368241
1921,4:02.67,Abeba Aregawi,SWE,1990-07-05,1,Moskva,2013-08-15,242.67,2013,2010,23.1129363449692
1921,4:02.67,Genzebe Dibaba,ETH,1991-02-08,1h1,London,2017-08-04,242.67,2017,2010,26.48596851471595
1921,4:02.67,Claudia Mihaela Bobocea,ROU,1992-06-11,2,Marseille,2020-09-03,242.67,2020,2020,28.229979466119097
1921,4:02.67,Nelly Chepchirchir,KEN,2003-06-04,1h3,Saint-Denis,2024-08-06,242.67,2024,2020,21.17453798767967
1921,4:02.67,Sarah Healy,IRL,2001-02-13,3h4,Tokyo,2025-09-13,242.67,2025,2020,24.580424366872005
1931,4:02.68,Naomi Mugo,KEN,1977-01-02,3,Stuttgart,1998-07-19,242.68,1998,1990,21.541409993155373
1931,4:02.68,Gelete Burka,ETH,1986-01-23,3,Eugene,2006-05-28,242.68,2006,2000,20.34223134839151
1931,4:02.68,Gudaf Tsegay,ETH,1997-06-23,1h3,Eugene,2022-07-15,242.68,2022,2020,25.059548254620122
1931,4:02.68,Helen Schlachtenhaufen,USA,1995-03-14,3s2,Eugene,2024-06-28,242.68,2024,2020,29.29226557152635
1935,4:02.69,Svetlana Kitova,TJK,1960-06-25,2,Bruxelles,1989-08-25,242.69,1989,1980,29.166324435318277
1935,4:02.69,Yvonne Graham,GER,1965-08-22,1,Potsdam,1990-06-13,242.69,1990,1990,24.80766598220397
1935,4:02.69,Lyudmila Rogachova,RUS,1966-10-30,2,Nice,1996-07-10,242.69,1996,1990,29.694729637234772
1935,4:02.69,Lidia Chojecka,POL,1977-01-25,1,Bydgoszcz,2000-07-09,242.69,2000,2000,23.45242984257358
1935,4:02.69,Gulnara Galkina,RUS,1978-07-09,3,Kazan,2004-07-09,242.69,2004,2000,26.001368925393567
1935,4:02.69,Georgia Griffith,AUS,1996-12-05,9s1,Saint-Denis,2024-08-08,242.69,2024,2020,27.67419575633128
1941,4:02.7,Gunhild Hoffmeister,GDR,1944-07-06,1,Karl-Marx-Stadt,1976-08-08,242.7,1976,1970,32.09034907597536
1941,4:02.7,Olga Dvirna,RUS,1953-02-11,5h1,Moskva,1980-07-04,242.7,1980,1980,27.392197125256672
1941,4:02.7,Lyudmila Medvedyeva,RUS,1957-01-18,1,Donetsk,1985-08-10,242.7,1985,1980,28.55852156057495
1941,4:02.70,Gabriella Dorio,ITA,1957-06-27,1,Milano,1980-07-03,242.7,1980,1980,23.017111567419576
1941,4:02.70,Viola Kibiwott,KEN,1985-12-22,2,Hengelo,2009-06-01,242.7,2009,2000,23.44147843942505
1941,4:02.70,Stephanie Twell,GBR,1989-08-17,5,Barcelona,2010-08-01,242.7,2010,2010,20.955509924709105
1941,4:02.70,Ciara Mageean,IRL,1992-03-12,3s1,Budapest,2023-08-20,242.7,2023,2020,31.43874058863792
1941,4:02.70,Jessica Hull,AUS,1996-10-22,2h3,Saint-Denis,2024-08-06,242.7,2024,2020,27.789185489390828
1941,4:02.70,Haregeweyn Kalayu,ETH,2009-05-29,12,Paris,2026-06-28,242.7,2026,2020,17.08145106091718
1941,4:02.70,Aster Areri,ETH,2007-04-16,13,Paris,2026-06-28,242.7,2026,2020,19.200547570157426
1951,4:02.71,Tatyana Dorovskikh,UKR,1961-08-12,1,Roma,1986-09-10,242.71,1986,1980,25.078713210130047
1951,4:02.71,Natalya Tobias,UKR,1980-11-22,7,Göteborg,2006-08-13,242.71,2006,2000,25.72210814510609
1951,4:02.71,Maryam Yusuf Jamal,BRN,1984-09-16,5,Beijing,2008-08-23,242.71,2008,2000,23.93429158110883
1951,4:02.71+,Shannon Rowbury,USA,1984-09-19,3,Rieti,2008-09-07,242.71,2008,2000,23.967145790554415
1951,4:02.71,Rababe Arafi,MAR,1991-01-12,1,Beijing,2014-05-21,242.71,2014,2010,23.353867214236825
1951,4:02.71,Cory Ann McGee,USA,1992-05-29,4s1,Budapest,2023-08-20,242.71,2023,2020,31.225188227241617
1951,4:02.71,Svetlana Aplachkina,RUS,1992-11-28,1,Yekaterinburg,2024-08-18,242.71,2024,2020,31.720739219712527
1951,4:02.71+,Sarah Healy,IRL,2001-02-13,8,Eugene,2026-07-04,242.71,2026,2020,25.385352498288842
1959,4:02.72,Lyudmila Rogachova,RUS,1966-10-30,3,Tokyo,1991-08-31,242.72,1991,1990,24.83504449007529
1959,4:02.72,Morgan Uceny,USA,1985-03-10,4,Stockholm,2010-08-06,242.72,2010,2010,25.4072553045859
1959,4:02.72,Laura Weightman,GBR,1991-01-07,8,Eugene,2014-05-31,242.72,2014,2010,23.394934976043807
1959,4:02.72,Diribe Welteji,ETH,2002-05-13,2h2,Budapest,2023-08-19,242.72,2023,2020,21.267624914442163
1963,4:02.73,Lyudmila Rogachova,RUS,1966-10-30,3,Nice,1994-07-18,242.73,1994,1990,27.71526351813826
1963,4:02.73,Gudaf Tsegay,ETH,1997-06-23,5,Shanghai,2016-05-14,242.73,2016,2010,18.8911704312115
1963,4:02.73,Sofia Ennaoui,POL,1995-08-30,1h2,München,2022-08-16,242.73,2022,2020,26.962354551676935
1966,4:02.74,Lyubov Kremlyova,RUS,1961-12-21,2,Noisy-le-Grand,1992-07-04,242.74,1992,1990,30.535249828884325
1966,4:02.74,Violeta Szekely,ROU,1965-03-26,4,Nice,1998-07-16,242.74,1998,1990,33.30595482546201
1966,4:02.74,Naomi Mugo,KEN,1977-01-02,8,Bruxelles,1998-08-28,242.74,1998,1990,21.650924024640656
1966,4:02.74,Alesya Turova,BLR,1979-12-06,4,Paris,2002-09-14,242.74,2002,2000,22.77344284736482
1966,4:02.74,Kutre Dulecha,ETH,1978-08-22,9,Roma,2003-07-11,242.74,2003,2000,24.88432580424367
1966,4:02.74,Hind Dehiba,FRA,1979-03-17,6,Athínai,2006-07-03,242.74,2006,2000,27.29637234770705
1966,4:02.74,Winnie Nanyondo,UGA,1993-08-23,7,Rabat,2022-06-05,242.74,2022,2020,28.78302532511978
1966,4:02.74,Cory Ann McGee,USA,1992-05-29,5s1,Eugene,2022-07-16,242.74,2022,2020,30.130047912388775
1966,4:02.74,Erin Wallace,GBR,2000-05-18,1,Troyes,2025-06-22,242.74,2025,2020,25.09514031485284
1975,4:02.75,Natalya Yevdokimova,RUS,1978-03-17,2,Lausanne,2005-07-05,242.75,2005,2000,27.301848049281315
1975,4:02.75,Siham Hilali,MAR,1986-05-02,4,Monaco,2011-07-22,242.75,2011,2010,25.22108145106092
1975,4:02.75,Nelly Jepkosgei,BRN,1991-07-14,5,Hengelo,2017-06-11,242.75,2017,2010,25.911019849418206
1975,4:02.75,Brenda Martinez,USA,1987-09-08,3,Rabat,2017-07-16,242.75,2017,2010,29.853524982888434
1975,4:02.75,Axumawit Embaye,ETH,1994-10-18,5,Bruxelles,2018-08-31,242.75,2018,2010,23.86858316221766
1975,4:02.75,Laura Muir,GBR,1993-05-09,1,Birmingham,2022-08-07,242.75,2022,2020,29.245722108145106
1975,4:02.75,Esther Guerrero,ESP,1990-02-07,1,La Nucía,2024-06-30,242.75,2024,2020,34.392881587953454
1975,4:02.75,Saron Berhe,ETH,2007-08-22,13,Shaoxing,2026-05-16,242.75,2026,2020,18.732375085557837
1983,4:02.76,Viorica Ghican,ROU,1965-06-09,1,Bucuresti,1988-06-11,242.76,1988,1980,23.006160164271048
1983,4:02.76,Yekaterina Podkopayeva,RUS,1952-06-11,4,Sankt Peterburg,1996-07-04,242.76,1996,1990,44.062970568104035
1983,4:02.76,Olga Yegorova,RUS,1972-03-28,1,Glasgow,2001-07-01,242.76,2001,2000,29.259411362080765
1983,4:02.76,Jennifer Simpson,USA,1986-08-23,2,London,2017-08-07,242.76,2017,2010,30.95687885010267
1987,4:02.77,Tatyana Dorovskikh,UKR,1961-08-12,2,Sochi,1984-06-10,242.77,1984,1980,22.82819986310746
1987,4:02.77,Dolores Checa,ESP,1982-12-27,4,Athínai,2008-07-13,242.77,2008,2000,25.544147843942504
1987,4:02.77,Faith Kipyegon,KEN,1994-01-10,2h3,Beijing,2015-08-22,242.77,2015,2010,21.61259411362081
1987,4:02.77,Angelika Cichocka,POL,1988-03-15,8,Bruxelles,2017-09-01,242.77,2017,2010,29.464750171115675
1987,4:02.77,Winny Chebet,KEN,1990-12-20,7,Monaco,2021-07-09,242.77,2021,2020,30.55167693360712
1987,4:02.77,Katie Snowden,GBR,1994-03-09,6h3,Tokyo,2021-08-02,242.77,2021,2020,27.40041067761807
1987,4:02.77,Marta Zenoni,ITA,1999-03-09,4h4,Tokyo,2025-09-13,242.77,2025,2020,26.5160848733744
1994,4:02.78,Yekaterina Podkopayeva,RUS,1952-06-11,2,Moskva,1992-06-11,242.78,1992,1990,40.0
1994,4:02.78,Sonia O'Sullivan,IRL,1969-11-28,9,Roma,1998-07-14,242.78,1998,1990,28.62422997946612
1994,4:02.78,Svetlana Masterkova,RUS,1968-01-17,1rA,Barcelona,2000-07-25,242.78,2000,2000,32.5201916495551
1994,4:02.78,Tatyana Tomashova,RUS,1975-07-01,7,Monaco,2003-09-13,242.78,2003,2000,28.202600958247775
1994,4:02.78,Axumawit Embaye,ETH,1994-10-18,3,Glasgow,2014-07-11,242.78,2014,2010,19.72895277207392
1994,4:02.78,Helen Schlachtenhaufen,USA,1995-03-14,8,Eugene,2021-08-21,242.78,2021,2020,26.439425051334702
1994,4:02.78,Axumawit Embaye,ETH,1994-10-18,1,Marseille,2022-06-15,242.78,2022,2020,27.65776865160849
1994,4:02.78,Addison Wiley,USA,2003-10-24,3,Atlanta,2024-05-31,242.78,2024,2020,20.602327173169062
2002,4:02.79,Zamira Zaytseva,UZB,1953-02-16,1,Kyiv,1981-08-26,242.79,1981,1980,28.522929500342233
2002,4:02.79,Brigitte Kraus,FRG,1956-08-12,1,Rhede,1983-07-29,242.79,1983,1980,26.9596167008898
2002,4:02.79,Anna Mishchenko,UKR,1983-08-25,2r1,Rieti,2011-09-10,242.79,2011,2010,28.043805612594113
2002,4:02.79+,Angelika Cichocka,POL,1988-03-15,5,London,2017-07-09,242.79,2017,2010,29.31690622861054
2002,4:02.79,Hirut Meshesha,ETH,2001-01-20,5,Hengelo,2021-06-08,242.79,2021,2020,20.380561259411362
2002,4:02.79,Diribe Welteji,ETH,2002-05-13,2,Stockholm,2023-07-02,242.79,2023,2020,21.136208076659823
2002,4:02.79,Melissa Courtney-Bryant,GBR,1993-08-30,5s1,Budapest,2023-08-20,242.79,2023,2020,29.971252566735114
2002,4:02.79,Maggi Congdon,USA,2002-07-23,4s2,Eugene,2024-06-28,242.79,2024,2020,21.932922655715263
2002,4:02.79,Karissa Schweizer,USA,1996-05-04,2rA,Eagle Rock,2024-07-20,242.79,2024,2020,28.210814510609172
2002,4:02.79,Cory Ann McGee,USA,1992-05-29,13,Chorzów,2024-08-25,242.79,2024,2020,32.24093086926762
2002,4:02.79,Kate Current,CAN,1998-02-16,13,Budapest,2025-08-12,242.79,2025,2020,27.485284052019164
2013,4:02.8,Olga Dvirna,RUS,1953-02-11,1,Tbilisi,1978-09-17,242.8,1978,1970,25.596167008898014
2013,4:02.8+,Mary Slaney,USA,1958-08-04,1,London,1985-08-02,242.8,1985,1980,26.99520876112252
2013,4:02.80,Fita Lovin,ROU,1951-01-14,3,Udine,1983-06-12,242.8,1983,1980,32.407939767282684
2013,4:02.80,Violeta Szekely,ROU,1965-03-26,1,Berlin,2000-09-01,242.8,2000,2000,35.436002737850785
2013,4:02.80,Maria Cioncan,ROU,1977-06-19,9,Saint-Denis,2003-08-31,242.8,2003,2000,26.198494182067076
2013,4:02.80,Olga Yegorova,RUS,1972-03-28,4,Lausanne,2006-07-11,242.8,2006,2000,34.286105407255306
2013,4:02.80,Netsanet Desta,ETH,2000-10-26,4,Ostrava,2024-05-28,242.8,2024,2020,23.586584531143053
2013,4:02.80,Marta Pérez,ESP,1993-04-19,15,Roma,2024-08-30,242.8,2024,2020,31.364818617385353
2021,4:02.81,Tatyana Kazankina,RUS,1951-12-17,1,Helsinki,1976-06-22,242.81,1976,1970,24.514715947980836
2021,4:02.81,Tamara Sorokina,RUS,1950-08-15,6,Leningrad,1983-07-26,242.81,1983,1980,32.94455852156057
2021,4:02.81,Lidia Chojecka,POL,1977-01-25,3,Monaco,1999-08-04,242.81,1999,1990,22.521560574948666
2021,4:02.81,Dawit Seyaum,ETH,1996-07-27,8,Eugene,2018-05-26,242.81,2018,2010,21.828884325804243
2021,4:02.81,Besu Sado,ETH,1996-01-12,6,Stockholm,2018-06-10,242.81,2018,2010,22.409308692676248
2021,4:02.81,Karissa Schweizer,USA,1996-05-04,2,Portland,2020-06-30,242.81,2020,2020,24.15605749486653
2021,4:02.81,Laura Muir,GBR,1993-05-09,1,Birmingham,2022-05-21,242.81,2022,2020,29.032169746748803
2021,4:02.81,Melissa Courtney-Bryant,GBR,1993-08-30,5,Hengelo,2023-06-04,242.81,2023,2020,29.760438056125942
2021,4:02.81,Gabija Galvydyte,LTU,2000-01-17,5h4,Tokyo,2025-09-13,242.81,2025,2020,25.65639972621492
2030,4:02.82,Natalya Gorelova,RUS,1973-04-18,8,Zürich,2000-08-11,242.82,2000,2000,27.315537303216974
2030,4:02.82,Yekaterina Rozenberg,RUS,1980-01-23,8,Monaco,2003-09-13,242.82,2003,2000,23.638603696098563
2030,4:02.82,Sarah Jamieson,AUS,1975-03-24,3,Athínai,2006-09-17,242.82,2006,2000,31.485284052019164
2030,4:02.82,Abbey Caldwell,AUS,2001-07-03,1,Perth,2026-02-14,242.82,2026,2020,24.618754277891856
2034,4:02.83,Gunhild Hoffmeister,GDR,1944-07-06,2,München,1972-09-09,242.83,1972,1970,28.177960301163587
2034,4:02.83+,Kirsty Wade,GBR,1962-08-06,2,Oslo,1985-07-27,242.83,1985,1980,22.973305954825463
2034,4:02.83,Getenesh Wami,ETH,1974-12-11,8,Zürich,1998-08-12,242.83,1998,1990,23.668720054757017
2034,4:02.83,Lidia Chojecka,POL,1977-01-25,3rA,Lausanne,2004-07-06,242.83,2004,2000,27.444216290212182
2034,4:02.83,Yuliya Chizhenko,RUS,1979-08-30,6,Monaco,2005-09-09,242.83,2005,2000,26.028747433264886
2034,4:02.83,Gudaf Tsegay,ETH,1997-06-23,2,Beijing,2014-05-21,242.83,2014,2010,16.908966461327857
2034,4:02.83,Danielle Jones,USA,1996-08-21,1rA,Memphis,2023-08-05,242.83,2023,2020,26.954140999315538
2034,4:02.83,Ludovica Cavalli,ITA,2000-12-20,6s1,Budapest,2023-08-20,242.83,2023,2020,22.663928815879533
2034,4:02.83,Maia Ramsden,NZL,2002-03-23,6h2,Saint-Denis,2024-08-06,242.83,2024,2020,22.373716632443532
2034,4:02.83,Marta Pérez,ESP,1993-04-19,3rA,Tomblaine,2025-07-04,242.83,2025,2020,32.20807665982204
2044,4:02.84,Andrea Hahmann,GER,1966-06-03,1,Dresden,1988-06-11,242.84,1988,1980,22.023271731690624
2044,4:02.84,Marina Yachmeneva,RUS,1961-07-14,4,Kyiv,1988-08-02,242.84,1988,1980,27.052703627652292
2044,4:02.84,Natalia Rodríguez,ESP,1979-06-02,5,Roma,2002-07-12,242.84,2002,2000,23.110198494182068
2044,4:02.84,Gelete Burka,ETH,1986-01-23,5,Stockholm,2010-08-06,242.84,2010,2010,24.53388090349076
2044,4:02.84,Maryam Yusuf Jamal,BRN,1984-09-16,7,Saint-Denis,2012-07-06,242.84,2012,2010,27.802874743326488
2044,4:02.84,Caster Semenya,RSA,1991-01-07,2h1,London,2017-08-04,242.84,2017,2010,26.573579739904176
2044,4:02.84,Winny Chebet,KEN,1990-12-20,5,Nanjing,2019-05-21,242.84,2019,2010,28.416153319644078
2044,4:02.84+,Erin Wallace,GBR,2000-05-18,11,London,2025-07-19,242.84,2025,2020,25.169062286105408
2052,4:02.85,Paola Cacchi,ITA,1945-12-30,3,München,1972-09-09,242.85,1972,1970,26.694045174537987
2052,4:02.85,Marla Runyan,USA,1969-01-04,6,Roma,2002-07-12,242.85,2002,2000,33.516769336071185
2052,4:02.85,Treniere Moser,USA,1981-10-27,5,Eugene,2013-06-01,242.85,2013,2010,31.59479808350445
2052,4:02.85,Cory Ann McGee,USA,1992-05-29,9,Chorzów,2022-08-06,242.85,2022,2020,30.187542778918548
2056,4:02.86,Margarita Marusova,RUS,1967-11-25,5,Nice,1998-07-16,242.86,1998,1990,30.639288158795345
2056,4:02.86,Rababe Arafi,MAR,1991-01-12,6,Shanghai,2014-05-18,242.86,2014,2010,23.345653661875428
2056,4:02.86,Sarah Healy,IRL,2001-02-13,6rA,Ostrava,2022-05-31,242.86,2022,2020,21.29226557152635
2059,4:02.87,Tatyana Dorovskikh,UKR,1961-08-12,h,Kyiv,1984-06-22,242.87,1984,1980,22.861054072553046
2059,4:02.87,Sinclaire Johnson,USA,1998-04-13,9,Monaco,2022-08-10,242.87,2022,2020,24.32580424366872
2059,4:02.87,Erin Wallace,GBR,2000-05-18,3rA,Stockholm,2026-06-07,242.87,2026,2020,26.053388090349078
2062,4:02.88,Ulrike Bruns,GDR,1953-11-17,1,Vilnius,1978-06-24,242.88,1978,1970,24.59958932238193
2062,4:02.88,Natalya Gorelova,RUS,1973-04-18,2,Tula,2000-07-26,242.88,2000,2000,27.27173169062286
2062,4:02.88,Esther Guerrero,ESP,1990-02-07,1,Zagreb,2023-09-10,242.88,2023,2020,33.58795345653662
2062,4:02.88+,Linden Hall,AUS,1991-06-20,12,London,2025-07-19,242.88,2025,2020,34.0807665982204
2066,4:02.89,Doina Melinte,ROU,1956-12-27,9,Seoul,1988-10-01,242.89,1988,1980,31.761806981519506
2066,4:02.89,Suzy Favor Hamilton,USA,1968-08-08,1,Madrid,2003-07-19,242.89,2003,2000,34.94318959616701
2066,4:02.89,Linden Hall,AUS,1991-06-20,7,Stockholm,2018-06-10,242.89,2018,2010,26.973305954825463
2069,4:02.9,Giana Romanova,RUS,1955-03-10,1,Sochi,1979-06-09,242.9,1979,1970,24.249144421629023
2069,4:02.9,Raisa Belousova,RUS,1952-02-29,6r1,Sochi,1980-05-23,242.9,1980,1980,28.229979466119097
2069,4:02.9,Valentina Ilyinykh,RUS,1956-12-12,7,Moskva,1980-06-12,242.9,1980,1980,23.498973305954827
2069,4:02.90,Heike Oehme,GER,1963-11-11,1,Tallinn,1986-06-21,242.9,1986,1980,22.60917180013689
2069,4:02.90,Elena Antoci,ROU,1975-01-16,6,Monaco,2002-07-19,242.9,2002,2000,27.50444900752909
2069,4:02.90,Judit Varga,HUN,1976-04-16,5,Paris,2002-09-14,242.9,2002,2000,26.412046543463383
2069,4:02.90,Oleysa Mikheyeva,RUS,1981-07-23,5r3,Tula,2005-07-13,242.9,2005,2000,23.972621492128678
2069,4:02.90,Dawit Seyaum,ETH,1996-07-27,3,Oslo,2015-06-11,242.9,2015,2010,18.872005475701574
2069,4:02.90,Caster Semenya,RSA,1991-01-07,3,London,2017-08-07,242.9,2017,2010,26.581793292265573
2069,4:02.90,Laura Weightman,GBR,1991-01-07,8,Stockholm,2018-06-10,242.9,2018,2010,27.422313483915126
2069,4:02.90,Esther Chebor,KEN,1981-04-21,6,Nanjing,2019-05-21,242.9,2019,2010,38.0807665982204
2069,4:02.90,Heather MacLean,USA,1995-08-31,7,Zürich,2022-09-08,242.9,2022,2020,27.02258726899384
2081,4:02.91,Tamara Sorokina,RUS,1950-08-15,1,Celje,1981-08-18,242.91,1981,1980,31.00889801505818
2081,4:02.91,Gabriela Szabo,ROU,1975-11-14,1,Hengelo,1998-06-01,242.91,1998,1990,22.546201232032853
2081,4:02.91,Maria Cioncan,ROU,1977-06-19,1,Bucuresti,2003-06-07,242.91,2003,2000,25.965776865160848
2081,4:02.91,Laura Muir,GBR,1993-05-09,2,Hengelo,2014-06-08,242.91,2014,2010,21.08145106091718
2081,4:02.91,Sarah Healy,IRL,2001-02-13,7h2,Saint-Denis,2024-08-06,242.91,2024,2020,23.477070499657767
2081,4:02.91,Simone Plourde,CAN,2000-08-08,3rA,Eagle Rock,2025-07-12,242.91,2025,2020,24.92539356605065
2087,4:02.92,Laimute Baikauskaite,LTU,1956-06-10,5,Kyiv,1986-07-17,242.92,1986,1980,30.099931553730322
2087,4:02.92,Kutre Dulecha,ETH,1978-08-22,1,Roma,2000-06-30,242.92,2000,2000,21.856262833675565
2087,4:02.92,Lisa Dobriskey,GBR,1983-12-23,4,Zürich,2010-08-19,242.92,2010,2010,26.65571526351814
2087,4:02.92,Sifan Hassan,NED,1993-01-01,1h1,Budapest,2023-08-19,242.92,2023,2020,30.628336755646817
2087,4:02.92,Addison Wiley,USA,2003-10-24,5s2,Eugene,2024-06-28,242.92,2024,2020,20.67898699520876
2087,4:02.92,Erin Wallace,GBR,2000-05-18,1,Nice,2025-05-31,242.92,2025,2020,25.034907597535934
2093,4:02.93,Olga Yegorova,RUS,1972-03-28,1,Villeneuve d'Ascq,2004-06-26,242.93,2004,2000,32.24640657084189
2093,4:02.93,Sofia Ennaoui,POL,1995-08-30,2rA,Madrid,2018-06-22,242.93,2018,2010,22.811772758384667
2093,4:02.93,Katie Snowden,GBR,1994-03-09,9s1,Tokyo,2021-08-04,242.93,2021,2020,27.405886379192335
2093,4:02.93,Sarah Billings,AUS,1998-03-07,7,Rabat,2025-05-25,242.93,2025,2020,27.21697467488022
2097,4:02.94,Natalya Gorelova,RUS,1973-04-18,3,Rieti,2002-09-08,242.94,2002,2000,29.39082819986311
2097,4:02.94,Olga Yegorova,RUS,1972-03-28,3,Bruxelles,2004-09-03,242.94,2004,2000,32.435318275154
2097,4:02.94,Sarah Jamieson,AUS,1975-03-24,3,Saint-Denis,2008-07-18,242.94,2008,2000,33.319644079397676
2097,4:02.94,Rababe Arafi,MAR,1991-01-12,7,Roma,2015-06-04,242.94,2015,2010,24.39151266255989
2097,4:02.94,Winny Chebet,KEN,1990-12-20,7,Shanghai,2019-05-18,242.94,2019,2010,28.407939767282684
2097,4:02.94,Dominique Hiltz,USA,1994-10-23,3,Trabuco Hills,2021-07-18,242.94,2021,2020,26.73511293634497
2103,4:02.95,Zamira Zaytseva,UZB,1953-02-16,h,Kyiv,1984-06-22,242.95,1984,1980,31.345653661875428
2103,4:02.95,Jackline Maranga,KEN,1977-12-16,9,Zürich,1998-08-12,242.95,1998,1990,20.654346338124572
2103,4:02.95,Shannon Rowbury,USA,1984-09-19,6,Stockholm,2010-08-06,242.95,2010,2010,25.87816563997262
2103,4:02.95,Rababe Arafi,MAR,1991-01-12,3,Birmingham,2017-08-20,242.95,2017,2010,26.60369609856263
2103,4:02.95,Gudaf Tsegay,ETH,1997-06-23,1rA,Ostrava,2019-06-20,242.95,2019,2010,21.99041752224504
2103,4:02.95,Linden Hall,AUS,1991-06-20,2,Lausanne,2021-08-26,242.95,2021,2020,30.184804928131417
2109,4:02.96,Lyudmila Veselkova,RUS,1950-10-25,1r1,Moskva,1981-09-19,242.96,1981,1980,30.902121834360027
2109,4:02.96,Nadezhda Ralldugina,RUS,1957-11-15,3,Sochi,1984-06-10,242.96,1984,1980,26.56810403832991
2109,4:02.96,Natalya Boborova,RUS,1959-02-12,h,Kyiv,1984-06-22,242.96,1984,1980,25.357973990417523
2109,4:02.96,Nouria Mérah-Benida,ALG,1970-10-19,2,Roma,2000-06-30,242.96,2000,2000,29.697467488021903
2109,4:02.96,Nancy Jebet Langat,KEN,1981-08-22,2,Shanghai,2009-09-20,242.96,2009,2000,28.079397672826833
2109,4:02.96,Sheila Reid,CAN,1989-08-02,6,Eugene,2013-06-01,242.96,2013,2010,23.83025325119781
2109,4:02.96,Shannon Rowbury,USA,1984-09-19,4rA,Stockholm,2014-08-21,242.96,2014,2010,29.919233401779604
2109,4:02.96,Georgia Griffith,AUS,1996-12-05,8,Bruxelles,2022-09-02,242.96,2022,2020,25.741273100616016
2109,4:02.96,Marta Pérez,ESP,1993-04-19,7s1,Budapest,2023-08-20,242.96,2023,2020,30.33538672142368
2109,4:02.96,Claudia Hollingsworth,AUS,2005-04-12,1rA,Melbourne,2024-04-04,242.96,2024,2020,18.978781656399725
2109,4:02.96,Cory Ann McGee,USA,1992-05-29,12,Westwood,2024-05-18,242.96,2024,2020,31.969883641341546
2120,4:02.97,Daniela Yordanova,BUL,1976-03-08,4,Athínai,2006-09-17,242.97,2006,2000,30.527036276522928
2120,4:02.97,Laura Muir,GBR,1993-05-09,4,London,2017-08-07,242.97,2017,2010,24.246406570841888
2120,4:02.97,Lemlem Hailu,ETH,2001-05-25,11,Rabat,2019-06-16,242.97,2019,2010,18.05886379192334
2120,4:02.97,Diane van Es,NED,1999-03-22,3,Cork,2025-07-11,242.97,2025,2020,26.305270362765228
2124,4:02.98,Ileana Silai,ROU,1941-10-14,8,Moskva,1980-08-01,242.98,1980,1980,38.79808350444901
2124,4:02.98,Kalkidan Gezahegne,ETH,1991-05-08,3,Athínai,2009-07-13,242.98,2009,2000,18.182067077344286
2124,4:02.98,Katie Snowden,GBR,1994-03-09,1r1,Irvine,2021-05-15,242.98,2021,2020,27.184120465434635
2124,4:02.98,Laura Muir,GBR,1993-05-09,9,Stockholm,2024-06-02,242.98,2024,2020,31.066392881587955
2128,4:02.99,Laura Weightman,GBR,1991-01-07,4s2,London,2012-08-08,242.99,2012,2010,21.585215605749486
2128,4:02.99,Lucia Hrivnák Klocová,SVK,1983-11-20,5s2,London,2012-08-08,242.99,2012,2010,28.71731690622861
2128,4:02.99,Jennifer Simpson,USA,1986-08-23,2,Moskva,2013-08-15,242.99,2013,2010,26.978781656399725
2128,4:02.99,Kate Grace,USA,1988-10-24,8,Palo Alto,2019-06-30,242.99,2019,2010,30.680355920602327
2128,4:02.99+,Axumawit Embaye,ETH,1994-10-18,2,Bruxelles,2021-09-03,242.99,2021,2020,26.87748117727584
2128,4:02.99+,Gaia Sabbatini,ITA,1999-06-10,13,London,2025-07-19,242.99,2025,2020,26.10814510609172
2134,4:03.0,Giana Romanova,RUS,1955-03-10,1,Vilnius,1978-07-22,243.0,1978,1970,23.367556468172484
2134,4:03.0,Lyudmila Medvedyeva,RUS,1957-01-18,1,Moskva,1985-08-24,243.0,1985,1980,28.5968514715948
2134,4:03.0,Lyubov Kremlyova,RUS,1961-12-21,1,Kyiv,1988-06-24,243.0,1988,1980,26.507871321013006
2134,4:03.00,Natalya Artyomova,RUS,1963-01-05,1,Nice,1991-07-15,243.0,1991,1990,28.522929500342233
2134,4:03.00,Anna Mishchenko,UKR,1983-08-25,1,Ad-Dawhah,2011-05-06,243.0,2011,2010,27.696098562628336
2134,4:03.00,Axumawit Embaye,ETH,1994-10-18,5,Eugene,2015-05-30,243.0,2015,2010,20.61327857631759
2134,4:03.00,Gudaf Tsegay,ETH,1997-06-23,4,Birmingham,2017-08-20,243.0,2017,2010,20.15879534565366
2134,4:03.00A,Brenda Chebet,KEN,2004-03-06,2,Nairobii,2023-07-08,243.0,2023,2020,19.33744010951403
2134,4:03.00,Sarah Healy,IRL,2001-02-13,3h2,Budapest,2023-08-19,243.0,2023,2020,22.510609171800137
2134,4:03.00,Marta Zenoni,ITA,1999-03-09,7,Bydgoszcz,2024-06-20,243.0,2024,2020,25.284052019164957
2134,4:03.00,Salomé Afonso,POR,1997-11-19,8,Roma,2026-06-04,243.0,2026,2020,28.539356605065024
2145,4:03.01,Margarita Marusova,RUS,1967-11-25,3,Nice,1996-07-10,243.01,1996,1990,28.62422997946612
2145,4:03.01,Suzy Favor Hamilton,USA,1968-08-08,5,Bruxelles,2002-08-30,243.01,2002,2000,34.05886379192334
2145,4:03.01,Natalia Rodríguez,ESP,1979-06-02,10,Athínai,2004-08-28,243.01,2004,2000,25.240246406570844
2145,4:03.01,Maryam Yusuf Jamal,BRN,1984-09-16,5,Monaco,2006-08-20,243.01,2006,2000,21.924709103353866
2145,4:03.01,Christin Wurth-Thomas,USA,1980-07-11,1,Stockholm,2009-07-31,243.01,2009,2000,29.05407255304586
2145,4:03.01,Luiza Gega,ALB,1988-11-05,8,Roma,2015-06-04,243.01,2015,2010,26.576317590691307
2145,4:03.01A,Hirut Meshesha,ETH,2001-01-20,2,Nairobi,2021-09-18,243.01,2021,2020,20.659822039698838
2145,4:03.01,Hirut Meshesha,ETH,2001-01-20,3,Stockholm,2023-07-02,243.01,2023,2020,22.444900752908968
2153,4:03.02,Theresia Kiesl,AUT,1963-10-26,3,Atlanta,1996-08-03,243.02,1996,1990,32.772073921971256
2153,4:03.02,Lidia Chojecka,POL,1977-01-25,3,Roma,2000-06-30,243.02,2000,2000,23.42778918548939
2153,4:03.02,Süreyya Ayhan-Kop,TUR,1978-09-06,5,Bruxelles,2000-08-25,243.02,2000,2000,21.968514715947983
2153,4:03.02,Nancy Jebet Langat,KEN,1981-08-22,1h3,Beijing,2008-08-21,243.02,2008,2000,26.99794661190965
2153,4:03.02,Hind Dehiba,FRA,1979-03-17,3r1,Rieti,2011-09-10,243.02,2011,2010,32.48459958932238
2153,4:03.02,Colleen Quigley,USA,1992-11-20,1,Chorzów,2018-08-22,243.02,2018,2010,25.752224503764545
2159,4:03.03,Alla Yushina,RUS,1958-08-20,7,Podolsk,1982-08-22,243.03,1982,1980,24.005475701574266
2159,4:03.03,Doina Melinte,ROU,1956-12-27,1,Göteborg,1987-06-28,243.03,1987,1980,30.49965776865161
2159,4:03.03,Svetlana Kitova,TJK,1960-06-25,2,Zagreb,1987-07-16,243.03,1987,1980,27.055441478439427
2159,4:03.03,Daniela Yordanova,BUL,1976-03-08,5,München,2002-08-11,243.03,2002,2000,26.425735797399042
2159,4:03.03,Joanne Pavey,GBR,1973-09-20,10,Saint-Denis,2003-08-31,243.03,2003,2000,29.94387405886379
2159,4:03.03,Sarah Jamieson,AUS,1975-03-24,2,Monaco,2008-07-29,243.03,2008,2000,33.34976043805612
2159,4:03.03,Ciara Mageean,IRL,1992-03-12,2h2,München,2022-08-16,243.03,2022,2020,30.428473648186174
2159,4:03.03,Sarah McDonald,GBR,1993-08-02,1rA,Stretford,2023-08-12,243.03,2023,2020,30.026009582477755
2167,4:03.04,Mitica Constantin,ROU,1962-08-18,3,Zagreb,1987-07-16,243.04,1987,1980,24.908966461327857
2167,4:03.04,Kelly Holmes,GBR,1970-04-19,2,Göteborg,1995-08-09,243.04,1995,1990,25.305954825462013
2167,4:03.04,Laura Weightman,GBR,1991-01-07,6,Eugene,2016-05-28,243.04,2016,2010,25.388090349075977
2167,4:03.04,Meraf Bahta,SWE,1989-06-24,5,Birmingham,2017-08-20,243.04,2017,2010,28.15605749486653
2167,4:03.04,Shannon Rowbury,USA,1984-09-19,6,Stockholm,2020-08-23,243.04,2020,2020,35.92607802874743
2167,4:03.04,Eliza Megger,POL,1999-08-29,10,Chorzów,2022-08-06,243.04,2022,2020,22.937713894592743
2167,4:03.04,Ludovica Cavalli,ITA,2000-12-20,11,Firenze,2023-06-02,243.04,2023,2020,22.4476386036961
2167,4:03.04,Gaia Sabbatini,ITA,1999-06-10,4h2,Budapest,2023-08-19,243.04,2023,2020,24.191649555099247
2175,4:03.05,Tatyana Leonova,MDA,1956-07-26,9r1,Kyiv,1982-07-27,243.05,1982,1980,26.001368925393567
2175,4:03.05,Olga Zhuravlyova,RUS,,11,Kyiv,1984-06-24,243.05,1984,1980,
2175,4:03.05,Svetlana Guskova,MDA,1959-08-19,1,Budapest,1984-08-20,243.05,1984,1980,25.00479123887748
2175,4:03.05,Kirsty Wade,GBR,1962-08-06,5,Oslo,1987-07-04,243.05,1987,1980,24.908966461327857
2175,4:03.05,Hind Dehiba,FRA,1979-03-17,2,Saint-Denis,2005-07-01,243.05,2005,2000,26.29158110882957
2175,4:03.05,Axumawit Embaye,ETH,1994-10-18,5,London,2016-07-22,243.05,2016,2010,21.760438056125942
2175,4:03.05,Marusa Mismas-Zrimsek,SLO,1994-11-24,3,Marseille,2020-09-03,243.05,2020,2020,25.776865160848732
2182,4:03.06,Natalia Rodríguez,ESP,1979-06-02,6,Helsinki,2005-08-14,243.06,2005,2000,26.20123203285421
2182,4:03.06,Iryna Lishchynska,UKR,1976-01-15,6,Monaco,2006-08-20,243.06,2006,2000,30.595482546201232
2182,4:03.06,Angelika Cichocka,POL,1988-03-15,9,Roma,2015-06-04,243.06,2015,2010,27.21971252566735
2182,4:03.06,Genzebe Dibaba,ETH,1991-02-08,1s2,Rio de Janeiro,2016-08-14,243.06,2016,2010,25.51403148528405
2182,4:03.06,Meraf Bahta,SWE,1989-06-24,8,Zürich,2016-09-01,243.06,2016,2010,27.189596167008897
2182,4:03.06,Laura Galván,MEX,1991-10-05,2rA,Stretford,2023-08-12,243.06,2023,2020,31.852156057494867
2182,4:03.06,Kate Current,CAN,1998-02-16,2,Poznan,2025-07-06,243.06,2025,2020,27.38398357289528
2189,4:03.07,Lyudmila Rogachova,RUS,1966-10-30,1,Kyiv,1990-07-07,243.07,1990,1990,23.685147159479808
2189,4:03.07,Lyudmila Rogachova,RUS,1966-10-30,1,Sevilla,1992-06-06,243.07,1992,1990,25.60164271047228
2189,4:03.07,Yelena Romanova,RUS,1963-03-20,3,Moskva,1992-06-11,243.07,1992,1990,29.229295003422312
2189,4:03.07,Elena Antoci,ROU,1975-01-16,2,Bucuresti,2002-06-08,243.07,2002,2000,27.392197125256672
2189,4:03.07,Carla Sacramento,POR,1971-12-10,5,Berlin,2002-09-06,243.07,2002,2000,30.740588637919235
2189,4:03.07,Abeba Aregawi,SWE,1990-07-05,4,Oslo,2015-06-11,243.07,2015,2010,24.933607118412045
2189,4:03.07,Laura Weightman,GBR,1991-01-07,4,Rabat,2017-07-16,243.07,2017,2010,26.521560574948666
2189,4:03.07,Karoline Bjerkeli Grøvdal,NOR,1990-06-14,5,Stockholm,2021-07-04,243.07,2021,2020,31.055441478439427
2189,4:03.07,Esther Guerrero,ESP,1990-02-07,6,Hengelo,2023-06-04,243.07,2023,2020,33.319644079397676
2198,4:03.08,Tatyana Pozdnyakova,UKR,1956-03-04,h,Kyiv,1984-06-22,243.08,1984,1980,28.301163586584533
2198,4:03.08,Lidiya Volodina,RUS,1953-05-21,h,Kyiv,1984-06-22,243.08,1984,1980,31.08829568788501
2198,4:03.08,Maria Radu,ROU,1959-05-25,3,Bucuresti,1984-07-12,243.08,1984,1980,25.13347022587269
2198,4:03.08,Sandra Gasser,SUI,1962-07-27,1,Zürich,1987-08-19,243.08,1987,1980,25.062286105407257
2198,4:03.08,Geraldine Hendricken,IRL,1970-04-19,6,Bruxelles,2002-08-30,243.08,2002,2000,32.36413415468857
2198,4:03.08,Sofia Ennaoui,POL,1995-08-30,2,Berlin,2018-08-12,243.08,2018,2010,22.951403148528406
2198,4:03.08,Winnie Nanyondo,UGA,1993-08-23,5,Zürich,2019-08-29,243.08,2019,2010,26.015058179329227
2198,4:03.08,Winny Chebet,KEN,1990-12-20,6s1,Eugene,2022-07-16,243.08,2022,2020,31.57015742642026
2198,4:03.08,Nelly Chepchirchir,KEN,2003-06-04,1,Montreuil,2023-05-31,243.08,2023,2020,19.98904859685147
2198,4:03.08,Nelly Chepchirchir,KEN,2003-06-04,1,Montreuil,2023-05-31,243.08,2023,2020,19.98904859685147
2198,4:03.08,Dominique Hiltz,USA,1994-10-23,2,Montreuil,2023-05-31,243.08,2023,2020,28.602327173169062
2198,4:03.08,Elise Cranny,USA,1996-05-09,13,Eugene,2024-05-25,243.08,2024,2020,28.043805612594113
2210,4:03.09,Natalya Boborova,RUS,1959-02-12,6,Kyiv,1986-07-17,243.09,1986,1980,27.42505133470226
2210,4:03.09,Ivana Kubesová,CZE,1962-05-26,4,Stuttgart,1986-08-31,243.09,1986,1980,24.265571526351813
2210,4:03.09,Wioletta Frankiewicz,POL,1977-06-09,1,Zürich,2004-08-06,243.09,2004,2000,27.159479808350444
2210,4:03.09,Gudaf Tsegay,ETH,1997-06-23,1,Kawasaki,2015-05-10,243.09,2015,2010,17.87816563997262
2210,4:03.09,Nancy Chepkwemoi,KEN,1993-10-08,1rA,Watford,2015-06-27,243.09,2015,2010,21.71663244353183
2210,4:03.09,Faith Kipyegon,KEN,1994-01-10,1h3,London,2017-08-04,243.09,2017,2010,23.564681724845997
2210,4:03.09,Beatrice Chepkoech,KEN,1991-07-06,2,Gold Coast,2018-04-10,243.09,2018,2010,26.76249144421629
2210,4:03.09,Cory Ann McGee,USA,1992-05-29,5,Rabat,2023-05-28,243.09,2023,2020,30.99520876112252
2210,4:03.09,Ciara Mageean,IRL,1992-03-12,11,Eugene,2023-09-16,243.09,2023,2020,31.512662559890487
2219,4:03.1,Gabriele Lehmann,GDR,1956-10-24,2,Erfurt,1978-05-28,243.1,1978,1970,21.590691307323752
2219,4:03.1,Valentina Ilyinykh,RUS,1956-12-12,2,Vilnius,1978-07-22,243.1,1978,1970,21.607118412046542
2219,4:03.1+,Hassiba Boulmerka,ALG,1968-07-10,1,Oslo,1991-07-06,243.1,1991,1990,22.986995208761122
2219,4:03.10,Lyubov Kremlyova,RUS,1961-12-21,3,Tula,2000-07-26,243.1,2000,2000,38.59548254620123
2219,4:03.10,Suzy Favor Hamilton,USA,1968-08-08,3,Roma,2001-06-29,243.1,2001,2000,32.889801505817935
2219,4:03.10,Yelena Zadorozhnaya,RUS,1977-12-03,4,Bruxelles,2004-09-03,243.1,2004,2000,26.751540041067763
2219,4:03.10,Carmen Douma-Hussar,CAN,1977-03-12,7,Monaco,2005-09-09,243.1,2005,2000,28.49555099247091
2219,4:03.10+,Anna Alminova,RUS,1985-01-17,1,Moskva,2007-06-29,243.1,2007,2000,22.444900752908968
2219,4:03.10,Besu Sado,ETH,1996-01-12,3,Shanghai,2017-05-13,243.1,2017,2010,21.333333333333332
2219,4:03.10,Dominique Hiltz,USA,1994-10-23,1,Eugene,2023-07-08,243.1,2023,2020,28.706365503080082
2229,4:03.11,Maria Cioncan,ROU,1977-06-19,1,Lausanne,2002-07-02,243.11,2002,2000,25.034907597535934
2229,4:03.11,Winny Chebet,KEN,1990-12-20,6,Zürich,2019-08-29,243.11,2019,2010,28.689938398357288
2229,4:03.11,Netsanet Desta,ETH,2000-10-26,2,Chorzów,2024-05-18,243.11,2024,2020,23.55920602327173
2229,4:03.11,Birke Haylom,ETH,2006-01-06,10s1,Saint-Denis,2024-08-08,243.11,2024,2020,18.587268993839835
2233,4:03.12,Gulbira Nurtdinova,RUS,,10r1,Kyiv,1982-07-27,243.12,1982,1980,
2233,4:03.12,Luiza Gega,ALB,1988-11-05,3,Beijing,2014-05-21,243.12,2014,2010,25.53867214236824
2233,4:03.12,Winny Chebet,KEN,1990-12-20,2h3,Eugene,2022-07-15,243.12,2022,2020,31.567419575633128
2236,4:03.13,Totka Petrova,BUL,1956-12-17,1,Torino,1979-08-05,243.13,1979,1970,22.63107460643395
2236,4:03.13,Natalia Marasescu,ROU,1952-10-03,1,Debrecen,1982-06-12,243.13,1982,1980,29.689253935660506
2236,4:03.13,Yvonne Murray,GBR,1964-10-04,3,Bruxelles,1989-08-25,243.13,1989,1980,24.889801505817932
2236,4:03.13,Sarah Jamieson,AUS,1975-03-24,4,Eugene,2006-05-28,243.13,2006,2000,31.17864476386037
2236,4:03.13,Mimi Belete,BRN,1988-06-09,9,Bruxelles,2011-09-16,243.13,2011,2010,23.26899383983573
2236,4:03.13,Eunice Sum,KEN,1988-04-10,7,Eugene,2013-06-01,243.13,2013,2010,25.141683778234086
2236,4:03.13,Esther Guerrero,ESP,1990-02-07,7,Stockholm,2020-08-23,243.13,2020,2020,30.54072553045859
2236,4:03.13,Ayal Dagnachew,ETH,2002-01-18,9,Bruxelles,2022-09-02,243.13,2022,2020,20.621492128678987
2236,4:03.13,Adele Gay,FRA,2004-10-16,14,Paris,2026-06-28,243.13,2026,2020,21.697467488021903
2245,4:03.14,Vanya Stoyanova,BUL,1958-12-12,1h,Sochi,1984-06-09,243.14,1984,1980,25.492128678986994
2245,4:03.14,Violeta Szekely,ROU,1965-03-26,1,Bucuresti,1990-06-10,243.14,1990,1990,25.207392197125255
2245,4:03.14,Getenesh Wami,ETH,1974-12-11,1,Hengelo,1999-05-30,243.14,1999,1990,24.465434633812457
2245,4:03.14,Anna Mishchenko,UKR,1983-08-25,6,Rieti,2010-08-29,243.14,2010,2010,27.01163586584531
2245,4:03.14,Melissa Courtney-Bryant,GBR,1993-08-30,5h2,Budapest,2023-08-19,243.14,2023,2020,29.968514715947983
2250,4:03.15,Mary Slaney,USA,1958-08-04,3,Roma,1980-08-05,243.15,1980,1980,22.0041067761807
2250,4:03.15,Yvonne Graham,GER,1965-08-22,1,Rostock,1988-06-22,243.15,1988,1980,22.833675564681723
2250,4:03.15,Svetlana Kitova,TJK,1960-06-25,2,Edinburgh,1989-07-07,243.15,1989,1980,29.032169746748803
2250,4:03.15,Theresia Kiesl,AUT,1963-10-26,4,Nice,1996-07-10,243.15,1996,1990,32.70636550308008
2250,4:03.15,Maria Cioncan,ROU,1977-06-19,7,Roma,2002-07-12,243.15,2002,2000,25.062286105407257
2250,4:03.15,Helen Obiri,KEN,1989-12-13,4,Shanghai,2012-05-19,243.15,2012,2010,22.431211498973305
2250,4:03.15,Yuliya Chizhenko,RUS,1979-08-30,1,Yerino,2012-07-14,243.15,2012,2010,32.87337440109514
2250,4:03.15,Shannon Rowbury,USA,1984-09-19,4rA,Stockholm,2012-08-17,243.15,2012,2010,27.90965092402464
2250,4:03.15,Brenda Martinez,USA,1987-09-08,1r1,Portland,2017-06-11,243.15,2017,2010,29.75770020533881
2250,4:03.15,Weronika Lizakowska,POL,1998-11-02,8,Bydgoszcz,2024-06-20,243.15,2024,2020,25.631759069130734
2250,4:03.15,Esther Guerrero,ESP,1990-02-07,31,Saint-Denis,2024-08-07,243.15,2024,2020,34.496919917864474
2250,4:03.15,Dominique Hiltz,USA,1994-10-23,1h1,Eugene,2025-07-31,243.15,2025,2020,30.770704996577688
2250,4:03.15,Dominique Hiltz,USA,1994-10-23,1,Eugene,2025-08-02,243.15,2025,2020,30.77618069815195
2263,4:03.16,Alla Yushina,RUS,1958-08-20,2,Budapest,1984-08-20,243.16,1984,1980,26.001368925393567
2263,4:03.16,Christina Cahill,GBR,1957-03-25,1,London,1985-08-26,243.16,1985,1980,28.421629021218344
2263,4:03.16,Liu Li,CHN,1971-03-12,2,Nanjing,1992-05-18,243.16,1992,1990,21.1854893908282
2263,4:03.16,Olga Yegorova,RUS,1972-03-28,9,Bruxelles,2003-09-05,243.16,2003,2000,31.43874058863792
2263,4:03.16,Mimi Belete,BRN,1988-06-09,4,Barcelona,2011-07-22,243.16,2011,2010,23.11567419575633
2263,4:03.16,Meraf Bahta,SWE,1989-06-24,3,Hengelo,2014-06-08,243.16,2014,2010,24.955509924709105
2263,4:03.16,Besu Sado,ETH,1996-01-12,7,Roma,2017-06-08,243.16,2017,2010,21.404517453798768
2270,4:03.17,Alison Wyeth,GBR,1964-05-26,5,Monaco,1993-08-07,243.17,1993,1990,29.19917864476386
2270,4:03.17,Sarah McDonald,GBR,1993-08-02,5,Birmingham,2018-08-18,243.17,2018,2010,25.04312114989733
2272,4:03.18,Natalya Artyomova,RUS,1963-01-05,h,Sochi,1984-06-09,243.18,1984,1980,21.426420260095824
2272,4:03.18,Angela Chalmers,CAN,1963-09-06,4,Bruxelles,1989-08-25,243.18,1989,1980,25.968514715947983
2272,4:03.18,Gabriela Szabo,ROU,1975-11-14,1,Paris,1996-06-28,243.18,1996,1990,20.621492128678987
2272,4:03.18,Gabriela Szabo,ROU,1975-11-14,3,Oslo,1998-07-09,243.18,1998,1990,22.650239561943874
2272,4:03.18,Olga Kuznetsova,RUS,1967-10-23,10,Oslo,2000-07-28,243.18,2000,2000,32.76386036960986
2272,4:03.18,Carla Sacramento,POR,1971-12-10,7,Monaco,2002-07-19,243.18,2002,2000,30.60643394934976
2272,4:03.18,Geraldine Hendricken,IRL,1970-04-19,8,Monaco,2002-07-19,243.18,2002,2000,32.24914442162902
2272,4:03.18,Mary Kuria,KEN,1987-11-29,1,Rovereto,2012-09-04,243.18,2012,2010,24.76659822039699
2272,4:03.18,Angelika Cichocka,POL,1988-03-15,6,Birmingham,2017-08-20,243.18,2017,2010,29.43189596167009
2272,4:03.18,Shelby Houlihan,USA,1993-02-08,1,Des Moines,2019-07-27,243.18,2019,2010,26.46132785763176
2282,4:03.19,Doina Melinte,ROU,1956-12-27,4,Tokyo,1991-08-31,243.19,1991,1990,34.67488021902806
2282,4:03.19,Svetlana Masterkova,RUS,1968-01-17,1,Berlin,1998-09-01,243.19,1998,1990,30.622861054072555
2282,4:03.19,Irina Krakoviak,LTU,1977-11-16,5,Athínai,2005-06-14,243.19,2005,2000,27.575633127994525
2282,4:03.19,Natalya Tobias,UKR,1980-11-22,2h3,Beijing,2008-08-21,243.19,2008,2000,27.745379876796715
2282,4:03.19,Natalia Rodríguez,ESP,1979-06-02,6,Beijing,2008-08-23,243.19,2008,2000,29.22655715263518
2282,4:03.19,Winny Chebet,KEN,1990-12-20,3h1,London,2017-08-04,243.19,2017,2010,26.622861054072555
2288,4:03.2,Giana Romanova,RUS,1955-03-10,8,Moskva,1980-07-06,243.2,1980,1980,25.32511978097194
2288,4:03.2,Ulrike Bruns,GDR,1953-11-17,2,Tbilisi,1981-06-26,243.2,1981,1980,27.60574948665298
2288,4:03.2,Irina Lebedinskaya,RUS,1961-06-16,2,Ryazan,1984-08-12,243.2,1984,1980,23.156741957563312
2288,4:03.2+,Doina Melinte,ROU,1956-12-27,2,Oslo,1991-07-06,243.2,1991,1990,34.521560574948666
2288,4:03.2,Natalya Pantelyeva,RUS,1983-08-18,3,Athínai,2007-07-02,243.2,2007,2000,23.871321013004792
2288,4:03.2A,Beatrice Chepkoech,KEN,1991-07-06,1,Nairobi,2017-06-10,243.2,2017,2010,25.930184804928132
2288,4:03.20,Raisa Smekhnova,BLR,1950-09-16,6s1,Montréal,1976-07-29,243.2,1976,1970,25.867214236824093
2288,4:03.20,Kirsty Wade,GBR,1962-08-06,2,London,1985-08-26,243.2,1985,1980,23.055441478439427
2288,4:03.20,Lyubov Kremlyova,RUS,1961-12-21,2,Moskva,1990-06-10,243.2,1990,1990,28.468172484599588
2288,4:03.20,Jacinta Muraguri,KEN,1970-05-28,5,Monaco,2001-07-20,243.2,2001,2000,31.145790554414784
2288,4:03.20,Yelena Zadorozhnaya,RUS,1977-12-03,2,Lausanne,2002-07-02,243.2,2002,2000,24.577686516084874
2288,4:03.20,Sarah Brown,USA,1986-10-15,6,Eugene,2015-05-30,243.2,2015,2010,28.621492128678987
2288,4:03.20,Gabriela DeBues-Stafford,CAN,1995-09-13,1r2,San Juan Capistrano,2022-05-06,243.2,2022,2020,26.64476386036961
2301,4:03.21,Nadezhda Ralldugina,RUS,1957-11-15,2,Verona,1984-06-01,243.21,1984,1980,26.543463381245722
2301,4:03.21,Gudaf Tsegay,ETH,1997-06-23,4,Hengelo,2014-06-08,243.21,2014,2010,16.958247775496236
2301,4:03.21,Linden Hall,AUS,1991-06-20,3h3,Eugene,2022-07-15,243.21,2022,2020,31.069130732375086
2301,4:03.21,Sinclaire Johnson,USA,1998-04-13,12,Eugene,2023-09-16,243.21,2023,2020,25.426420260095824
2305,4:03.22,Lisa Dobriskey,GBR,1983-12-23,3h3,Beijing,2008-08-21,243.22,2008,2000,24.66255989048597
2305,4:03.22,Viola Kibiwott,KEN,1985-12-22,5,Roma,2009-07-10,243.22,2009,2000,23.548254620123203
2305,4:03.22,Zoe Buckman,AUS,1988-12-21,11,Saint-Denis,2016-08-27,243.22,2016,2010,27.682409308692677
2305,4:03.22A,Faith Kipyegon,KEN,1994-01-10,1,Nairobi,2019-09-13,243.22,2019,2010,25.672826830937716
2305,4:03.22,Addison Wiley,USA,2003-10-24,1,Nashville,2023-06-03,243.22,2023,2020,19.60848733744011
2305,4:03.22,Hirut Meshesha,ETH,2001-01-20,5,Ad-Dawhah,2024-05-10,243.22,2024,2020,23.301848049281315
2305,4:03.22,Elinor St. Pierre,USA,1995-02-20,3h3,Saint-Denis,2024-08-06,243.22,2024,2020,29.45927446954141
2312,4:03.23,Ibtissam Lakhouad,MAR,1980-12-07,7,Monaco,2009-07-28,243.23,2009,2000,28.637919233401778
2312,4:03.23+,Laura Weightman,GBR,1991-01-07,6,London,2017-07-09,243.23,2017,2010,26.50239561943874
2312,4:03.23,Meraf Bahta,SWE,1989-06-24,2h3,London,2017-08-04,243.23,2017,2010,28.112251882272417
2312,4:03.23A,Winny Chebet,KEN,1990-12-20,2,Nairobi,2019-09-13,243.23,2019,2010,28.73100616016427
2316,4:03.24,Olga Nelyubova,RUS,1964-06-12,4,Roma,2001-06-29,243.24,2001,2000,37.045859000684466
2316,4:03.24,Meraf Bahta,SWE,1989-06-24,12,Saint-Denis,2016-08-27,243.24,2016,2010,27.175906913073238
2316,4:03.24,Lemlem Hailu,ETH,2001-05-25,8,Firenze,2021-06-10,243.24,2021,2020,20.043805612594113
2316,4:03.24,Nelly Chepchirchir,KEN,2003-06-04,11s1,Saint-Denis,2024-08-08,243.24,2024,2020,21.180013689253936
2320,4:03.25,Gabriella Dorio,ITA,1957-06-27,1,Los Angeles,1984-08-11,243.25,1984,1980,27.123887748117728
2320,4:03.25,Elena Antoci,ROU,1975-01-16,1,Bucuresti,2004-06-12,243.25,2004,2000,29.404517453798768
2320,4:03.25,Angelika Cichocka,POL,1988-03-15,1,Stockholm,2016-06-16,243.25,2016,2010,28.254620123203285
2320,4:03.25,Amanda Eccleston,USA,1990-06-18,6,London,2016-07-22,243.25,2016,2010,26.094455852156056
2320,4:03.25,Rababe Arafi,MAR,1991-01-12,9,Roma,2019-06-06,243.25,2019,2010,28.396988364134156
2320,4:03.25,Jemma Reekie,GBR,1998-03-06,3,Ostrava,2020-09-08,243.25,2020,2020,22.510609171800137
2326,4:03.26,Lyudmila Veselkova,RUS,1950-10-25,1,Tashkent,1982-09-18,243.26,1982,1980,31.89869952087611
2326,4:03.26,Doina Melinte,ROU,1956-12-27,2,Rieti,1989-09-03,243.26,1989,1980,32.68446269678302
2326,4:03.26,Doina Melinte,ROU,1956-12-27,1,Helsinki,1990-06-27,243.26,1990,1990,33.497604380561256
2326,4:03.26,Hassiba Boulmerka,ALG,1968-07-10,1,Zürich,1994-08-17,243.26,1994,1990,26.102669404517453
2326,4:03.26,Tatyana Tomashova,RUS,1975-07-01,2,Stuttgart,2006-09-09,243.26,2006,2000,31.19233401779603
2326,4:03.26,Georgia Griffith,AUS,1996-12-05,9,Eugene,2022-07-18,243.26,2022,2020,25.61533196440794
2326,4:03.26+,Agathe Guillemot,FRA,1999-07-11,10,Monaco,2023-07-21,243.26,2023,2020,24.027378507871322
2326,4:03.26,Klaudia Kazimierska,POL,2001-09-03,1r1,Eagle Rock,2025-05-24,243.26,2025,2020,23.720739219712527
2334,4:03.27,Gabriella Dorio,ITA,1957-06-27,1,Torino,1981-07-15,243.27,1981,1980,24.04928131416838
2334,4:03.27,Galina Zakharova,RUS,1956-09-07,1r2,Potsdam,1984-07-21,243.27,1984,1980,27.86858316221766
2334,4:03.27,Angelika Cichocka,POL,1988-03-15,4h1,London,2017-08-04,243.27,2017,2010,29.388090349075977
2334,4:03.27,Josette Andrews,USA,1995-12-15,3,Lausanne,2021-08-26,243.27,2021,2020,25.697467488021903
2334,4:03.27,Kristiina Sasinek Mäki,CZE,1991-09-22,10,Chorzów,2023-07-16,243.27,2023,2020,31.813826146475016
2334,4:03.27,Tigist Girma,ETH,1993-07-12,9,Xiamen,2023-09-02,243.27,2023,2020,30.140999315537304
2340,4:03.28,Maryam Yusuf Jamal,BRN,1984-09-16,7,Saint-Denis,2006-07-08,243.28,2006,2000,21.806981519507186
2340,4:03.28,Gelete Burka,ETH,1986-01-23,3,Roma,2011-05-26,243.28,2011,2010,25.336071184120467
2340,4:03.28,Genzebe Dibaba,ETH,1991-02-08,2,Oslo,2012-06-07,243.28,2012,2010,21.32785763175907
2340,4:03.28,Beatrice Chepkoech,KEN,1991-07-06,1,Heusden-Zolder,2015-07-18,243.28,2015,2010,24.032854209445585
2340,4:03.28,Sofia Ennaoui,POL,1995-08-30,2,Chorzów,2018-08-22,243.28,2018,2010,22.978781656399725
2340,4:03.28+,Weronika Lizakowska,POL,1998-11-02,14,London,2025-07-19,243.28,2025,2020,26.71047227926078
2340,4:03.28,Sadie Engelhardt,USA,2006-08-21,2r6,Winston-Salem,2026-04-17,243.28,2026,2020,19.655030800821354
2347,4:03.29,Lyubov Kremlyova,RUS,1961-12-21,h,Kyiv,1984-06-22,243.29,1984,1980,22.50239561943874
2347,4:03.29,Kim Gallagher,USA,1964-06-11,1,Westwood,1988-09-03,243.29,1988,1980,24.229979466119097
2347,4:03.29,Hassiba Boulmerka,ALG,1968-07-10,2,Nice,1991-07-15,243.29,1991,1990,23.01163586584531
2347,4:03.29,Violeta Szekely,ROU,1965-03-26,7,Monaco,1992-08-11,243.29,1992,1990,27.378507871321013
2347,4:03.29,Maryam Yusuf Jamal,BRN,1984-09-16,7,Stockholm,2010-08-06,243.29,2010,2010,25.88637919233402
2347,4:03.29,Mebhrit Mekonen,ETH,2005-02-12,7rA,Ostrava,2022-05-31,243.29,2022,2020,17.295003422313485
2347,4:03.29,Linden Hall,AUS,1991-06-20,9,Rabat,2022-06-05,243.29,2022,2020,30.9596167008898
2347,4:03.29,Sinclaire Johnson,USA,1998-04-13,1,Eugene,2022-06-25,243.29,2022,2020,24.199863107460644
2355,4:03.3,Olga Dvirna,RUS,1953-02-11,4,Podolsk,1976-06-28,243.3,1976,1970,23.37577002053388
2355,4:03.3,Maricica Puica,ROU,1950-07-29,1,Bucuresti,1979-06-02,243.3,1979,1970,28.843258042436688
2355,4:03.3,Valentina Ilyinykh,RUS,1956-12-12,6h1,Moskva,1980-07-04,243.3,1980,1980,23.55920602327173
2355,4:03.3+,Maricica Puica,ROU,1950-07-29,1,Paris,1986-07-22,243.3,1986,1980,35.98083504449008
2355,4:03.30,Zamira Zaytseva,UZB,1953-02-16,2r1,Moskva,1981-09-19,243.3,1981,1980,28.588637919233403
2355,4:03.30,Konstanze Klosterhalfen,GER,1997-02-18,1r1,Portland,2019-06-09,243.3,2019,2010,22.302532511978097
2361,4:03.31,Yvonne Graham,GER,1965-08-22,1,Berlin,1989-07-05,243.31,1989,1980,23.86858316221766
2361,4:03.31,Hassiba Boulmerka,ALG,1968-07-10,4,Zürich,1992-08-19,243.31,1992,1990,24.109514031485283
2361,4:03.31,Natalya Gorelova,RUS,1973-04-18,1,Heusden-Zolder,2000-08-05,243.31,2000,2000,27.299110198494184
2361,4:03.31,Tatyana Tomashova,RUS,1975-07-01,2,Tula,2001-06-09,243.31,2001,2000,25.94113620807666
2361,4:03.31,Wioletta Frankiewicz,POL,1977-06-09,5,Bruxelles,2004-09-03,243.31,2004,2000,27.236139630390145
2361,4:03.31+,Gulnara Galkina,RUS,1978-07-09,2,Moskva,2007-06-29,243.31,2007,2000,28.971937029431896
2361,4:03.31,Gulnara Galkina,RUS,1978-07-09,1,Irkutsk,2008-08-02,243.31,2008,2000,30.067077344284737
2361,4:03.31,Melissa Courtney-Bryant,GBR,1993-08-30,12,Budapest,2023-08-22,243.31,2023,2020,29.976728268309376
2361,4:03.31,Elise Cranny,USA,1996-05-09,13,Eugene,2025-07-05,243.31,2025,2020,29.155373032169745
2370,4:03.32,Tatyana Pozdnyakova,UKR,1956-03-04,5r1,Leningrad,1985-08-02,243.32,1985,1980,29.412731006160165
2370,4:03.32,Lyubov Kremlyova,RUS,1961-12-21,4,Moskva,1992-06-11,243.32,1992,1990,30.472279260780287
2370,4:03.32,Lyubov Gurina,RUS,1957-08-06,3,Noisy-le-Grand,1992-07-04,243.32,1992,1990,34.91033538672142
2370,4:03.32,Lidia Chojecka,POL,1977-01-25,11,Monaco,1998-08-08,243.32,1998,1990,21.533196440793976
2370,4:03.32,Yelena Zadorozhnaya,RUS,1977-12-03,4,Tula,2000-07-26,243.32,2000,2000,22.64476386036961
2370,4:03.32,Alesya Turova,BLR,1979-12-06,10,Roma,2003-07-11,243.32,2003,2000,23.59479808350445
2370,4:03.32,Tara Clack,USA,1980-03-07,8,Rieti,2006-08-27,243.32,2006,2000,26.472279260780287
2377,4:03.33,Tamara Sorokina,RUS,1950-08-15,1,Roma,1981-09-04,243.33,1981,1980,31.055441478439427
2377,4:03.33,Paula Ivan,ROU,1963-07-20,1h2,Seoul,1988-09-29,243.33,1988,1980,25.196440793976727
2377,4:03.33,Natalia Rodríguez,ESP,1979-06-02,1,Saint-Denis,2003-07-04,243.33,2003,2000,24.087611225188226
2377,4:03.33,Anna Mishchenko,UKR,1983-08-25,3,Oslo,2012-06-07,243.33,2012,2010,28.78576317590691
2377,4:03.33,Sinclaire Johnson,USA,1998-04-13,2r2,San Juan Capistrano,2022-05-06,243.33,2022,2020,24.06297056810404
2377,4:03.33,Sarah McDonald,GBR,1993-08-02,2,Marseille,2023-07-17,243.33,2023,2020,29.95482546201232
2377,4:03.33,Emily MacKay,USA,1998-04-30,2r1,Eagle Rock,2025-05-24,243.33,2025,2020,27.066392881587955
2377,4:03.33,Marina Martínez,ESP,2002-01-13,1r1,Oordegem,2025-08-09,243.33,2025,2020,23.57015742642026
2385,4:03.34,Paula Ivan,ROU,1963-07-20,1,Bucuresti,1988-06-18,243.34,1988,1980,24.914442162902123
2385,4:03.34,Kutre Dulecha,ETH,1978-08-22,1,Lausanne,2000-07-05,243.34,2000,2000,21.869952087611225
2385,4:03.34,Rababe Arafi,MAR,1991-01-12,2rA,Ostrava,2017-06-28,243.34,2017,2010,26.458590006844627
2385,4:03.34,Sifan Hassan,NED,1993-01-01,5,London,2017-08-07,243.34,2017,2010,24.5968514715948
2385,4:03.34,Nadia Battocletti,ITA,2000-04-12,1rA,Padova,2023-09-03,243.34,2023,2020,23.392197125256672
2390,4:03.35,Natalia Marasescu,ROU,1952-10-03,2,Milano,1980-07-03,243.35,1980,1980,27.748117727583846
2390,4:03.35,Gabriella Dorio,ITA,1957-06-27,4,Rieti,1981-09-09,243.35,1981,1980,24.202600958247775
2390,4:03.35,Ravilya Agletdinova,BLR,1960-02-10,2,Moskva,1983-06-22,243.35,1983,1980,23.362080766598222
2390,4:03.35,Yuliya Chizhenko,RUS,1979-08-30,1,Sochi,2005-05-26,243.35,2005,2000,25.738535249828885
2390,4:03.35,Gelete Burka,ETH,1986-01-23,3,New York City,2010-06-12,243.35,2010,2010,24.383299110198493
2390,4:03.35,Jennifer Simpson,USA,1986-08-23,1,Des Moines,2013-04-26,243.35,2013,2010,26.67488021902806
2390,4:03.35,Sofia Ennaoui,POL,1995-08-30,3h3,London,2017-08-04,243.35,2017,2010,21.930184804928132
2390,4:03.35,Aurore Fleury,FRA,1993-12-04,8,Monaco,2021-07-09,243.35,2021,2020,27.59479808350445
2390,4:03.35+,Linden Hall,AUS,1991-06-20,1,Zagreb,2022-09-11,243.35,2022,2020,31.227926078028748
2390,4:03.35,Sintayehu Vissa,ITA,1996-07-29,1,Lignano Sabbiadoro,2024-07-14,243.35,2024,2020,27.958932238193018
2390,4:03.35,Danielle Jones,USA,1996-08-21,4,Rovereto,2025-06-02,243.35,2025,2020,28.78028747433265
2401,4:03.36,Svetlana Guskova,MDA,1959-08-19,1,Indianapolis,1982-07-03,243.36,1982,1980,22.872005475701574
2401,4:03.36,Brit McRoberts,CAN,1957-02-10,4,Köln,1983-08-28,243.36,1983,1980,26.543463381245722
2401,4:03.36+,Zola Pieterse,GBR,1966-05-26,1,Gateshead,1985-08-09,243.36,1985,1980,19.20602327173169
2401,4:03.36+,Oleysa Mikheyeva,RUS,1981-07-23,3,Moskva,2007-06-29,243.36,2007,2000,25.932922655715263
2401,4:03.36,Shannon Rowbury,USA,1984-09-19,4,New York City,2014-06-14,243.36,2014,2010,29.73305954825462
2401,4:03.36,Malika Akkaoui,MAR,1987-12-25,5,Rabat,2017-07-16,243.36,2017,2010,29.557837097878167
2401,4:03.36,Sarah McDonald,GBR,1993-08-02,3,Chorzów,2018-08-22,243.36,2018,2010,25.05407255304586
2401,4:03.36,Agathe Guillemot,FRA,1999-07-11,5,Ostrava,2024-05-28,243.36,2024,2020,24.88158795345654
2401,4:03.36,Laura Muir,GBR,1993-05-09,10,Stockholm,2024-06-02,243.36,2024,2020,31.066392881587955
2410,4:03.37,Mary Slaney,USA,1958-08-04,1,Knoxville,1982-06-22,243.37,1982,1980,23.88227241615332
2410,4:03.37,Tatyana Pozdnyakova,UKR,1956-03-04,1h,Kyiv,1982-07-26,243.37,1982,1980,26.392881587953458
2410,4:03.37,Lyubov Kremlyova,RUS,1961-12-21,1,Nice,1992-07-05,243.37,1992,1990,30.537987679671456
2410,4:03.37,Nuria Fernández,ESP,1976-08-16,9,Rieti,2006-08-27,243.37,2006,2000,30.028747433264886
2410,4:03.37,Winny Chebet,KEN,1990-12-20,6,Bruxelles,2018-08-31,243.37,2018,2010,27.696098562628336
2415,4:03.38,Giana Romanova,RUS,1955-03-10,2,Torino,1979-08-05,243.38,1979,1970,24.40520191649555
2415,4:03.38,Cornelia Bürki,SUI,1953-10-03,2,Köln,1986-08-17,243.38,1986,1980,32.87063655030801
2415,4:03.38,Yvonne Murray,GBR,1964-10-04,3,Edinburgh,1989-07-07,243.38,1989,1980,24.75564681724846
2415,4:03.38,Angela Chalmers,CAN,1963-09-06,2,Nice,1992-07-05,243.38,1992,1990,28.829568788501028
2415,4:03.38,Lyudmila Rogachova,RUS,1966-10-30,5,Zürich,1992-08-19,243.38,1992,1990,25.804243668720055
2415,4:03.38,Sonia O'Sullivan,IRL,1969-11-28,1,Rotterdam,1993-06-13,243.38,1993,1990,23.540041067761805
2415,4:03.38,Anna Jakubczak,POL,1973-02-02,7,Helsinki,2005-08-14,243.38,2005,2000,32.5284052019165
2415,4:03.38,Kalkidan Gezahegne,ETH,1991-05-08,10,Bruxelles,2011-09-16,243.38,2011,2010,20.358658453114305
2415,4:03.38,Hannah England,GBR,1987-03-06,8,Eugene,2013-06-01,243.38,2013,2010,26.239561943874058
2415,4:03.38,Faith Kipyegon,KEN,1994-01-10,2,Lausanne,2015-07-09,243.38,2015,2010,21.492128678986994
2415,4:03.38+,Winnie Nanyondo,UGA,1993-08-23,9,Oslo,2023-06-15,243.38,2023,2020,29.809719370294317
2426,4:03.39,Viola Kibiwott,KEN,1985-12-22,7,Lausanne,2010-07-08,243.39,2010,2010,24.542094455852155
2426,4:03.39,Alexa Efraimson,USA,1997-02-20,7,Eugene,2015-05-30,243.39,2015,2010,18.269678302532512
2426,4:03.39,Shelby Houlihan,USA,1993-02-08,7,Eugene,2016-05-28,243.39,2016,2010,23.299110198494184
2426,4:03.39,Weronika Lizakowska,POL,1998-11-02,9s1,Tokyo,2025-09-14,243.39,2025,2020,26.86652977412731
2430,4:03.4,Giana Romanova,RUS,1955-03-10,2,Podolsk,1978-08-13,243.4,1978,1970,23.42778918548939
2430,4:03.4,Ibtissam Lakhouad,MAR,1980-12-07,4,Athínai,2007-07-02,243.4,2007,2000,26.56536618754278
2430,4:03.40,Yan Wei,CHN,1973-10-04,2,Beijing,1994-06-05,243.4,1994,1990,20.66803559206023
2430,4:03.40,Maria Mutola,MOZ,1972-10-27,2,Paris,1996-06-28,243.4,1996,1990,23.668720054757017
2430,4:03.40,Olga Nelyubova,RUS,1964-06-12,6,Nice,1998-07-16,243.4,1998,1990,34.091718001368925
2430,4:03.40,Maria Cioncan,ROU,1977-06-19,1s1,Saint-Denis,2003-08-29,243.4,2003,2000,26.193018480492814
2430,4:03.40,Abeba Aregawi,SWE,1990-07-05,8,Zürich,2014-08-28,243.4,2014,2010,24.147843942505133
2430,4:03.40,Axumawit Embaye,ETH,1994-10-18,8,Ad-Dawhah,2023-05-05,243.4,2023,2020,28.54483230663929
2438,4:03.41,Kelly Holmes,GBR,1970-04-19,1,Cape Town,1997-04-08,243.41,1997,1990,26.97056810403833
2438,4:03.41,Tugba Koyuncu,TUR,1991-02-16,1,Samsun,2011-08-15,243.41,2011,2010,20.49281314168378
2438,4:03.41,Jennifer Simpson,USA,1986-08-23,2,Des Moines,2019-07-27,243.41,2019,2010,32.92539356605065
2438,4:03.41,Danielle Jones,USA,1996-08-21,6,Ostrava,2024-05-28,243.41,2024,2020,27.76728268309377
2442,4:03.42,Patti Sue Plumer,USA,1962-04-27,10,Barcelona,1992-08-08,243.42,1992,1990,30.28336755646817
2442,4:03.42,Lyubov Gurina,RUS,1957-08-06,1,Hechtel,1993-07-31,243.42,1993,1990,35.983572895277206
2442,4:03.42,Carla Sacramento,POR,1971-12-10,5,Oslo,1996-07-05,243.42,1996,1990,24.569472963723477
2442,4:03.42,Regina Jacobs,USA,1963-08-28,1,Indianapolis,1997-06-15,243.42,1997,1990,33.79876796714579
2442,4:03.42+,Lisa Dobriskey,GBR,1983-12-23,4,Rieti,2008-09-07,243.42,2008,2000,24.709103353867214
2442,4:03.42,Hanna Klein,GER,1993-04-06,9,Monaco,2021-07-09,243.42,2021,2020,28.257357973990416
2442,4:03.42,Jessica Hull,AUS,1996-10-22,2,Birmingham,2022-05-21,243.42,2022,2020,25.57700205338809
2442,4:03.42,Tigist Girma,ETH,2002-11-07,7,Ostrava,2024-05-28,243.42,2024,2020,21.555099247091032
2450,4:03.43,Maricica Puica,ROU,1950-07-29,1,Basel,1980-05-26,243.43,1980,1980,29.82614647501711
2450,4:03.43,Yekaterina Podkopayeva,RUS,1952-06-11,3,Monaco,1995-07-25,243.43,1995,1990,43.11841204654346
2450,4:03.43,Maria Cioncan,ROU,1977-06-19,9,Monaco,2002-07-19,243.43,2002,2000,25.08145106091718
2450,4:03.43,Jackline Maranga,KEN,1977-12-16,8,Zürich,2002-08-16,243.43,2002,2000,24.6652977412731
2450,4:03.43,Regina Jacobs,USA,1963-08-28,1,Carson,2003-06-01,243.43,2003,2000,39.75906913073238
2450,4:03.43,Hind Dehiba,FRA,1979-03-17,4,Athínai,2009-07-13,243.43,2009,2000,30.324435318275153
2450,4:03.43,Yolanda Ngarambe,SWE,1991-09-14,9s2,Ad-Dawhah,2019-10-03,243.43,2019,2010,28.05201916495551
2450,4:03.43,Haregeweyn Kalayu,ETH,2009-05-29,9,Roma,2026-06-04,243.43,2026,2020,17.01574264202601
2458,4:03.44,Tatyana Tomashova,RUS,1975-07-01,11,Roma,2003-07-11,243.44,2003,2000,28.027378507871322
2458,4:03.44,Anna Alminova,RUS,1985-01-17,1,Kalamáta,2008-06-04,243.44,2008,2000,23.378507871321013
2458,4:03.44,Christin Wurth-Thomas,USA,1980-07-11,8,Lausanne,2010-07-08,243.44,2010,2010,29.99041752224504
2458,4:03.44,Melissa Courtney-Bryant,GBR,1993-08-30,3,Gold Coast,2018-04-10,243.44,2018,2010,24.61054072553046
2458,4:03.44+,Laura Weightman,GBR,1991-01-07,6,London,2018-07-22,243.44,2018,2010,27.537303216974674
2458,4:03.44,Rababe Arafi,MAR,1991-01-12,7,Zürich,2019-08-29,243.44,2019,2010,28.62696783025325
2458,4:03.44,Athing Mu-Nikolayev,USA,2002-06-08,2,Eugene,2023-07-08,243.44,2023,2020,21.08145106091718
2458,4:03.44,Kate Current,CAN,1998-02-16,4,Cork,2025-07-11,243.44,2025,2020,27.397672826830938
2458,4:03.44,Adele Gay,FRA,2004-10-16,2r1,Oordegem,2025-08-09,243.44,2025,2020,20.813141683778234
2467,4:03.45,Ileana Silai,ROU,1941-10-14,1,Köln,1978-06-22,243.45,1978,1970,36.68720054757016
2467,4:03.45,Anita Weyermann,SUI,1977-12-08,1,Lausanne,1996-07-03,243.45,1996,1990,18.56810403832991
2467,4:03.45,Federica Del Buono,ITA,1994-12-12,3rA,Castellón,2022-06-16,243.45,2022,2020,27.509924709103355
2467,4:03.45,Addison Wiley,USA,2003-10-24,11,Xiamen,2024-04-20,243.45,2024,2020,20.490075290896645
2471,4:03.46,Olga Parlyuk,RUS,1963-05-03,7,Kyiv,1986-07-17,243.46,1986,1980,23.20602327173169
2471,4:03.46,Hassiba Boulmerka,ALG,1968-07-10,2,Monaco,1991-08-03,243.46,1991,1990,23.06365503080082
2471,4:03.46,Violeta Szekely,ROU,1965-03-26,1,Melbourne,2001-09-09,243.46,2001,2000,36.45722108145106
2471,4:03.46,Natalya Gorelova,RUS,1973-04-18,7,Bruxelles,2002-08-30,243.46,2002,2000,29.366187542778917
2471,4:03.46,Shannon Rowbury,USA,1984-09-19,3,Rieti,2009-09-06,243.46,2009,2000,24.9637234770705
2471,4:03.46,Abeba Aregawi,SWE,1990-07-05,10,Saint-Denis,2014-07-05,243.46,2014,2010,24.0
2471,4:03.46+,Alemaz Samuel,ETH,1999-07-05,10,Monaco,2019-07-12,243.46,2019,2010,20.019164955509925
2471,4:03.46,Edinah Jebitok,KEN,2001-11-10,1,Leverkusen,2021-06-27,243.46,2021,2020,19.627652292950035
2471,4:03.46,Hanna Klein,GER,1993-04-06,3h2,München,2022-08-16,243.46,2022,2020,29.360711841204655
2471,4:03.46,Ciara Mageean,IRL,1992-03-12,4,Stockholm,2023-07-02,243.46,2023,2020,31.304585900068446
2471,4:03.46,Marta Pérez,ESP,1993-04-19,8,Ostrava,2024-05-28,243.46,2024,2020,31.107460643394933
2471,4:03.46,Laurie Barton,USA,1998-02-13,1,Memphis,2025-07-12,243.46,2025,2020,27.408624229979466
2483,4:03.47,Olga Kuznetsova,RUS,1967-10-23,1,Sankt Peterburg,2000-06-18,243.47,2000,2000,32.65434633812457
2483,4:03.47,Suzy Favor Hamilton,USA,1968-08-08,2,Eugene,2003-05-24,243.47,2003,2000,34.789869952087614
2483,4:03.47,Hayley Tullett,GBR,1973-02-17,5,Roma,2004-07-02,243.47,2004,2000,31.370294318959616
2483,4:03.47,Kalkidan Gezahegne,ETH,1991-05-08,3,Shanghai,2009-09-20,243.47,2009,2000,18.3709787816564
2487,4:03.48,Tatyana Kazankina,RUS,1951-12-17,2,Birmingham,1983-06-05,243.48,1983,1980,31.46611909650924
2487,4:03.48,Sonia O'Sullivan,IRL,1969-11-28,2,Stuttgart,1993-08-22,243.48,1993,1990,23.731690622861056
2487,4:03.48,Kelly Holmes,GBR,1970-04-19,2,Zürich,2004-08-06,243.48,2004,2000,34.299794661190965
2487,4:03.48,Stephanie Twell,GBR,1989-08-17,8,Monaco,2009-07-28,243.48,2009,2000,19.94524298425736
2487,4:03.48,Cory McGee,USA,1992-05-29,3,Eugene,2023-07-08,243.48,2023,2020,31.107460643394933
2487,4:03.48,Helen Schlachtenhaufen,USA,1995-03-14,3,Marseille,2023-07-17,243.48,2023,2020,28.34223134839151
2493,4:03.49,Mitica Constantin,ROU,1962-08-18,1,Monaco,1988-08-02,243.49,1988,1980,25.95756331279945
2493,4:03.49,Yelena Soboleva,RUS,1982-10-03,3,Stuttgart,2006-09-09,243.49,2006,2000,23.93429158110883
2493,4:03.49,Erin Donohue,USA,1983-05-08,7,Rieti,2010-08-29,243.49,2010,2010,27.310061601642712
2493,4:03.49,Sofia Ennaoui,POL,1995-08-30,7,Bruxelles,2018-08-31,243.49,2018,2010,23.003422313483917
2493,4:03.49,Sinclaire Johnson,USA,1998-04-13,4,Eugene,2023-07-08,243.49,2023,2020,25.234770704996578
2493,4:03.49,Klaudia Kazimierska,POL,2001-09-03,4h3,Saint-Denis,2024-08-06,243.49,2024,2020,22.924024640657084
2499,4:03.5,Natalya Kuznetsova,RUS,1954-03-22,3,Vilnius,1978-07-22,243.5,1978,1970,24.334017796030118
2499,4:03.5,Svetlana Guskova,MDA,1959-08-19,3,Podolsk,1978-08-13,243.5,1978,1970,18.98425735797399
2499,4:03.5,Valentina Ilyinykh,RUS,1956-12-12,2r2,Sochi,1980-05-23,243.5,1980,1980,23.444216290212182
2499,4:03.5,Nadezhda Olizarenko,UKR,1953-11-28,1h3,Moskva,1980-07-04,243.5,1980,1980,26.598220396988363
2499,4:03.5,Laimute Baikauskaite,LTU,1956-06-10,2,Moskva,1985-08-24,243.5,1985,1980,29.204654346338124
2499,4:03.5+,Natalya Artyomova,RUS,1963-01-05,2,Oslo,1990-07-14,243.5,1990,1990,27.520876112251884
2499,4:03.5+,Konstanze Klosterhalfen,GER,1997-02-18,1,Birmingham,2019-08-18,243.5,2019,2010,22.494182067077343
2499,4:03.50,Zamira Zaytseva,UZB,1953-02-16,h,Kyiv,1982-07-26,243.5,1982,1980,29.437371663244353
2499,4:03.50,Mary Slaney,USA,1958-08-04,1,Indianapolis,1983-06-19,243.5,1983,1980,24.87337440109514
2499,4:03.50,Suzy Favor Hamilton,USA,1968-08-08,2,Sheffield,1997-06-29,243.5,1997,1990,28.889801505817932
2499,4:03.50,Olga Kuznetsova,RUS,1967-10-23,1,Nice,2000-07-08,243.5,2000,2000,32.709103353867214
2499,4:03.50,Renata Plis,POL,1985-02-05,11,Bruxelles,2011-09-16,243.5,2011,2010,26.60917180013689
2499,4:03.50,Laura Weightman,GBR,1991-01-07,4h3,London,2017-08-04,243.5,2017,2010,26.573579739904176
2499,4:03.50,Nelly Jepkosgei,BRN,1991-07-14,4,Berlin,2017-08-27,243.5,2017,2010,26.12183436002738
2499,4:03.50,Jennifer Simpson,USA,1986-08-23,8,Zürich,2019-08-29,243.5,2019,2010,33.01574264202601
2499,4:03.50,Linden Hall,AUS,1991-06-20,6,Zürich,2021-09-09,243.5,2021,2020,30.223134839151268
2499,4:03.50,Laura Muir,GBR,1993-05-09,2h1,Budapest,2023-08-19,243.5,2023,2020,30.27789185489391
2499,4:03.50,Nadia Battocletti,ITA,2000-04-12,1,Modena,2024-05-01,243.5,2024,2020,24.05201916495551
2499,4:03.50,Melissa Courtney-Bryant,GBR,1993-08-30,1,Madrid,2024-06-21,243.5,2024,2020,30.809034907597535
2518,4:03.51,Olga Dvirna,RUS,1953-02-11,7,Leningrad,1983-07-26,243.51,1983,1980,30.45037645448323
2518,4:03.51,Katalin Szalai,HUN,1961-03-04,3,Budapest,1984-08-20,243.51,1984,1980,23.463381245722108
2518,4:03.51+,Doina Melinte,ROU,1956-12-27,1,Oslo,1992-07-04,243.51,1992,1990,35.51813826146475
2518,4:03.51,Svetlana Masterkova,RUS,1968-01-17,1,Tula,1997-07-10,243.51,1997,1990,29.478439425051334
2518,4:03.51,Lidia Chojecka,POL,1977-01-25,5,Bruxelles,2001-08-24,243.51,2001,2000,24.577686516084874
2518,4:03.51,Sarah Jamieson,AUS,1975-03-24,1,Osaka,2006-05-06,243.51,2006,2000,31.11841204654346
2518,4:03.51,Sarah Jamieson,AUS,1975-03-24,5,Lausanne,2006-07-11,243.51,2006,2000,31.299110198494184
2518,4:03.51,Marwa Bouzayani,TUN,1997-03-26,3r1,Oordegem,2025-08-09,243.51,2025,2020,28.372347707049965
2526,4:03.52,Anna Mishchenko,UKR,1983-08-25,1,Daegu,2011-05-12,243.52,2011,2010,27.71252566735113
2526,4:03.52,Lucia Stafford,CAN,1998-08-17,7h3,Tokyo,2021-08-02,243.52,2021,2020,22.9596167008898
2526,4:03.52,Sofia Ennaoui,POL,1995-08-30,4h3,Eugene,2022-07-15,243.52,2022,2020,26.874743326488705
2529,4:03.53,Doina Melinte,ROU,1956-12-27,2,Monaco,1988-08-02,243.53,1988,1980,31.59753593429158
2529,4:03.53,Tatyana Tomashova,RUS,1975-07-01,4rA,Lausanne,2004-07-06,243.53,2004,2000,29.01574264202601
2529,4:03.53,Yelena Kanales,RUS,1976-02-07,3,Kazan,2005-06-25,243.53,2005,2000,29.37987679671458
2529,4:03.53,Anna Mishchenko,UKR,1983-08-25,4,Roma,2011-05-26,243.53,2011,2010,27.750855578370977
2529,4:03.53+,Winny Chebet,KEN,1990-12-20,7,London,2018-07-22,243.53,2018,2010,27.586584531143053
2529,4:03.53,Rababe Arafi,MAR,1991-01-12,9,London,2019-07-20,243.53,2019,2010,28.517453798767967
2529,4:03.53,Katharina Trost,GER,1995-06-28,5h3,Eugene,2022-07-15,243.53,2022,2020,27.04722792607803
2529,4:03.53,Habitam Alemu,ETH,1997-07-09,11,Chorzów,2022-08-06,243.53,2022,2020,25.075975359342916
2529,4:03.53,Lucia Stafford,CAN,1998-08-17,2rA,Memphis,2023-08-05,243.53,2023,2020,24.966461327857633
2529,4:03.53,Georgia Griffith,AUS,1996-12-05,4rA,Tomblaine,2025-07-04,243.53,2025,2020,28.577686516084874
2539,4:03.54,Ruth Wysocki,USA,1957-03-08,5,Rieti,1984-09-02,243.54,1984,1980,27.488021902806295
2539,4:03.54,Sonia O'Sullivan,IRL,1969-11-28,5,Monaco,1994-08-02,243.54,1994,1990,24.67624914442163
2539,4:03.54,Natalya Gorelova,RUS,1973-04-18,1,Moskva,2000-07-12,243.54,2000,2000,27.23340177960301
2539,4:03.54,Hayley Tullett,GBR,1973-02-17,6,Monaco,2001-07-20,243.54,2001,2000,28.418891170431213
2539,4:03.54,Jennifer Simpson,USA,1986-08-23,5,Monaco,2011-07-22,243.54,2011,2010,24.91170431211499
2539,4:03.54,Jennifer Simpson,USA,1986-08-23,3,Lausanne,2015-07-09,243.54,2015,2010,28.876112251882272
2539,4:03.54,Faith Kipyegon,KEN,1994-01-10,1s1,London,2017-08-05,243.54,2017,2010,23.567419575633128
2539,4:03.54,Kate Grace,USA,1988-10-24,2r1,Irvine,2021-05-15,243.54,2021,2020,32.55578370978782
2539,4:03.54,Lucia Stafford,CAN,1998-08-17,8,Rabat,2025-05-25,243.54,2025,2020,26.770704996577688
2548,4:03.55,Hildegard Körner,GDR,1959-12-20,3,Moskva,1985-08-18,243.55,1985,1980,25.661875427789184
2548,4:03.55,Maricica Puica,ROU,1950-07-29,2,Roma,1986-09-10,243.55,1986,1980,36.11772758384668
2548,4:03.55,Maria Cioncan,ROU,1977-06-19,1,Oslo,2002-06-28,243.55,2002,2000,25.023956194387406
2548,4:03.55,Helen Obiri,KEN,1989-12-13,1,Rabat,2013-06-09,243.55,2013,2010,23.488021902806295
2548,4:03.55,Winny Chebet,KEN,1990-12-20,6,Paris,2017-07-01,243.55,2017,2010,26.529774127310063
2548,4:03.55,Besu Sado,ETH,1996-01-12,5h3,London,2017-08-04,243.55,2017,2010,21.560574948665298
2548,4:03.55,Gabriela DeBues-Stafford,CAN,1995-09-13,5,Berlin,2017-08-27,243.55,2017,2010,21.95482546201232
2548,4:03.55,Dominique Hiltz,USA,1994-10-23,3,Des Moines,2019-07-27,243.55,2019,2010,24.758384668035593
2548,4:03.55,Aleksandra Plocinska,POL,1999-10-05,9,Bydgoszcz,2024-06-20,243.55,2024,2020,24.709103353867214
2557,4:03.56,Paula Ivan,ROU,1963-07-20,1,Pitesti,1987-08-09,243.56,1987,1980,24.05475701574264
2557,4:03.56,Leah Pells,CAN,1964-11-09,4,Atlanta,1996-08-03,243.56,1996,1990,31.731690622861056
2557,4:03.56,Suzy Favor Hamilton,USA,1968-08-08,4,Monaco,1997-08-16,243.56,1997,1990,29.021218343600275
2557,4:03.56,Mary Kuria,KEN,1987-11-29,6,Ad-Dawhah,2013-05-10,243.56,2013,2010,25.44558521560575
2557,4:03.56,Kerri Gallagher,USA,1989-05-31,1,Lignano Sabbiadoro,2015-07-07,243.56,2015,2010,26.099931553730322
2557,4:03.56,Brenda Martinez,USA,1987-09-08,6,Eugene,2017-05-27,243.56,2017,2010,29.71663244353183
2557,4:03.56,Linden Hall,AUS,1991-06-20,6,Rabat,2023-05-28,243.56,2023,2020,31.93702943189596
2557,4:03.56,Haregeweyn Kalayu,ETH,2009-05-29,3,Ad-Dawhah,2026-06-19,243.56,2026,2020,17.05681040383299
2565,4:03.57,Svetlana Guskova,MDA,1959-08-19,h,Kyiv,1982-07-26,243.57,1982,1980,22.934976043805612
2565,4:03.57,Yelena Zadorozhnaya,RUS,1977-12-03,2,Saint-Denis,2003-07-04,243.57,2003,2000,25.582477754962355
2565,4:03.57,Nuria Fernández,ESP,1976-08-16,12,Roma,2003-07-11,243.57,2003,2000,26.899383983572896
2565,4:03.57,Brenda Martinez,USA,1987-09-08,8,Eugene,2016-05-28,243.57,2016,2010,28.720054757015742
2565,4:03.57+,Ciara Mageean,IRL,1992-03-12,7,London,2017-07-09,243.57,2017,2010,25.32511978097194
2565,4:03.57,Sarah Healy,IRL,2001-02-13,7,Rabat,2023-05-28,243.57,2023,2020,22.28336755646817
2565,4:03.57,Nele Weßel,GER,1999-11-06,6h4,Tokyo,2025-09-13,243.57,2025,2020,25.853524982888434
2572,4:03.58,Mitica Constantin,ROU,1962-08-18,2,Bucuresti,1988-06-18,243.58,1988,1980,25.83436002737851
2572,4:03.58,Yvonne Graham,GER,1965-08-22,4,Edinburgh,1989-07-07,243.58,1989,1980,23.874058863791923
2572,4:03.58,Sonia O'Sullivan,IRL,1969-11-28,4,Oslo,1998-07-09,243.58,1998,1990,28.61054072553046
2572,4:03.58,Yelena Zadorozhnaya,RUS,1977-12-03,1,Tula,2003-06-08,243.58,2003,2000,25.51129363449692
2572,4:03.58,Shannon Rowbury,USA,1984-09-19,7,Beijing,2008-08-23,243.58,2008,2000,23.926078028747433
2572,4:03.58,Darya Barysevich,BLR,1990-04-06,10,London,2019-07-20,243.58,2019,2010,29.286789869952088
2572,4:03.58,Melissa Courtney-Bryant,GBR,1993-08-30,1,Hengelo,2024-07-07,243.58,2024,2020,30.85284052019165
2572,4:03.58,Bérénice Cleyet-Merle,FRA,1994-10-24,15,Paris,2026-06-28,243.58,2026,2020,31.67693360711841
2580,4:03.59,Natalya Boborova,RUS,1959-02-12,4,Moskva,1981-08-07,243.59,1981,1980,22.483230663928815
2580,4:03.59,Natalya Yevdokimova,RUS,1978-03-17,3,Saint-Denis,2005-07-01,243.59,2005,2000,27.290896646132786
2580,4:03.59,Anastasiya Vosmerikova,RUS,1988-07-15,2,Cheboksary,2011-07-24,243.59,2011,2010,23.02258726899384
2580,4:03.59,Kate Grace,USA,1988-10-24,7,Eugene,2017-05-27,243.59,2017,2010,28.588637919233403
2580,4:03.59,Helen Schlachtenhaufen,USA,1995-03-14,1,Memphis,2019-08-10,243.59,2019,2010,24.407939767282684
2580,4:03.59,Sofia Ennaoui,POL,1995-08-30,3,München,2022-08-19,243.59,2022,2020,26.97056810403833
2580,4:03.59,Ludovica Cavalli,ITA,2000-12-20,12s1,Saint-Denis,2024-08-08,243.59,2024,2020,23.633127994524298
2580,4:03.59,Erin Wallace,GBR,2000-05-18,3,Turku,2025-06-17,243.59,2025,2020,25.08145106091718
2588,4:03.6,Laimute Baikauskaite,LTU,1956-06-10,1,Podolsk,1980-08-24,243.6,1980,1980,24.205338809034906
2588,4:03.6,Lyudmila Veselkova,RUS,1950-10-25,1,Donetsk,1980-09-07,243.6,1980,1980,29.869952087611225
2588,4:03.6+,Mary Slaney,USA,1958-08-04,1,New York City,1982-02-12,243.6,1982,1980,23.526351813826146
2588,4:03.6,Tatyana Pozdnyakova,UKR,1956-03-04,2,Tashkent,1982-09-18,243.6,1982,1980,26.54072553045859
2588,4:03.60,Suzy Favor Hamilton,USA,1968-08-08,2,Oslo,2001-07-13,243.6,2001,2000,32.92813141683778
2588,4:03.60,Süreyya Ayhan-Kop,TUR,1978-09-06,2s1,Saint-Denis,2003-08-29,243.6,2003,2000,24.97741273100616
2588,4:03.60,Konstanze Klosterhalfen,GER,1997-02-18,6h3,London,2017-08-04,243.6,2017,2010,20.45722108145106
2588,4:03.60,Mebhrit Mekonen,ETH,2005-02-12,2,Montreuil,2022-06-02,243.6,2022,2020,17.300479123887747
2588,4:03.60,Hirut Meshesha,ETH,2001-01-20,13,Roma,2025-06-06,243.6,2025,2020,24.3750855578371
2597,4:03.61,Mary Slaney,USA,1958-08-04,2h2,Seoul,1988-09-29,243.61,1988,1980,30.154688569472963
2597,4:03.61,Natalya Tobias,UKR,1980-11-22,7,Monaco,2006-08-20,243.61,2006,2000,25.741273100616016
2597,4:03.61,Maryam Yusuf Jamal,BRN,1984-09-16,1r2,Lausanne,2007-07-10,243.61,2007,2000,22.811772758384667
2597,4:03.61,Cory Ann McGee,USA,1992-05-29,6h3,Eugene,2022-07-15,243.61,2022,2020,30.127310061601644
2597,4:03.61,Nele Weßel,GER,1999-11-06,3,Poznan,2025-07-06,243.61,2025,2020,25.66461327857632
2602,4:03.62,Yekaterina Podkopayeva,RUS,1952-06-11,2,Kyiv,1990-07-07,243.62,1990,1990,38.06981519507187
2602,4:03.62,Bouchra Chaabi,MAR,1980-09-22,2,Monaco,2007-07-25,243.62,2007,2000,26.836413415468858
2602,4:03.62,Gulnara Galkina,RUS,1978-07-09,1,Sochi,2009-05-29,243.62,2009,2000,30.888432580424368
2602,4:03.62,Stephanie Twell,GBR,1989-08-17,1,Warszawa,2009-06-07,243.62,2009,2000,19.805612594113622
2602,4:03.62,Irene Jelagat,KEN,1988-12-10,4,Rieti,2009-09-06,243.62,2009,2000,20.739219712525667
2602,4:03.62,Sifan Hassan,NED,1993-01-01,2s2,Rio de Janeiro,2016-08-14,243.62,2016,2010,23.616700889801507
2602,4:03.62,Shannon Rowbury,USA,1984-09-19,1,Newberg,2020-07-31,243.62,2020,2020,35.8631074606434
2602,4:03.62,Águeda Marqués,ESP,1999-03-19,10,Roma,2026-06-04,243.62,2026,2020,27.211498973305954
2610,4:03.63,Elly van Hulst,NED,1959-06-09,8,Roma,1987-09-05,243.63,1987,1980,28.240930869267626
2610,4:03.63,Anna Jakubczak,POL,1973-02-02,9,Bruxelles,1998-08-28,243.63,1998,1990,25.56605065023956
2610,4:03.63,Elena Antoci,ROU,1975-01-16,2,Oslo,2002-06-28,243.63,2002,2000,27.446954140999317
2610,4:03.63,Viola Kibiwott,KEN,1985-12-22,1,Rieti,2007-09-09,243.63,2007,2000,21.713894592744694
2610,4:03.63+,Nuria Fernández,ESP,1976-08-16,5,Rieti,2008-09-07,243.63,2008,2000,32.06023271731691
2610,4:03.63,Jennifer Simpson,USA,1986-08-23,4,New York City,2010-06-12,243.63,2010,2010,23.802874743326488
2610,4:03.63,Meskerem Legesse,ETH,1986-09-28,2,Daegu,2011-05-12,243.63,2011,2010,24.618754277891856
2610,4:03.63,Mimi Belete,BRN,1988-06-09,7,Monaco,2013-07-19,243.63,2013,2010,25.1088295687885
2610,4:03.63,Heather MacLean,USA,1995-08-31,10,Monaco,2021-07-09,243.63,2021,2020,25.856262833675565
2610,4:03.63,Claudia Mihaela Bobocea,ROU,1992-06-11,4h2,München,2022-08-16,243.63,2022,2020,30.17932922655715
2620,4:03.64,Svetlana Popova,UKR,1959-02-03,8,Leningrad,1983-07-26,243.64,1983,1980,24.473648186173854
2620,4:03.64+,Yvonne Murray,GBR,1964-10-04,1,Oslo,1994-07-22,243.64,1994,1990,29.796030116358658
2620,4:03.64,Maryam Yusuf Jamal,BRN,1984-09-16,1s1,Berlin,2009-08-21,243.64,2009,2000,24.928131416837783
2620,4:03.64,Laura Muir,GBR,1993-05-09,2s1,London,2017-08-05,243.64,2017,2010,24.240930869267626
2620,4:03.64,Winny Chebet,KEN,1990-12-20,6,Birmingham,2018-08-18,243.64,2018,2010,27.66050650239562
2620,4:03.64,Cory McGee,USA,1992-05-29,1,Nashville,2020-08-15,243.64,2020,2020,28.213552361396303
2620,4:03.64,Gabriela DeBues-Stafford,CAN,1995-09-13,12,Firenze,2023-06-02,243.64,2023,2020,27.718001368925393
2620,4:03.64,Gabriela DeBues-Stafford,CAN,1995-09-13,2,Troyes,2025-06-22,243.64,2025,2020,29.7741273100616
2628,4:03.65,Andrea Hahmann,GER,1966-06-03,3h2,Seoul,1988-09-29,243.65,1988,1980,22.324435318275153
2628,4:03.65,Jackline Maranga,KEN,1977-12-16,4,Monaco,1999-08-04,243.65,1999,1990,21.631759069130734
2628,4:03.65,Yelena Zadorozhnaya,RUS,1977-12-03,6,Athínai,2005-06-14,243.65,2005,2000,27.529089664613277
2628,4:03.65,Kristlin Gear,USA,1999-07-20,1r1,Los Angeles,2024-05-11,243.65,2024,2020,24.810403832991103
2628,4:03.65,Helen Lobun,KEN,1999-03-18,1,Kitami,2024-07-06,243.65,2024,2020,25.30321697467488
2628,4:03.65,Weronika Lizakowska,POL,1998-11-02,12,Chorzów,2025-08-16,243.65,2025,2020,26.78713210130048
2634,4:03.66,Lyudmila Borisova,RUS,1966-03-08,5,Moskva,1992-06-11,243.66,1992,1990,26.261464750171115
2634,4:03.66,Yuliya Kosenkova,RUS,1973-03-28,10,Monaco,2002-07-19,243.66,2002,2000,29.308692676249144
2634,4:03.66,Nancy Jebet Langat,KEN,1981-08-22,5,Roma,2011-05-26,243.66,2011,2010,29.75770020533881
2634,4:03.66,Winnie Nanyondo,UGA,1993-08-23,2,Stockholm,2022-06-30,243.66,2022,2020,28.851471594798085
2634,4:03.66,Linden Hall,AUS,1991-06-20,7,Hengelo,2023-06-04,243.66,2023,2020,31.956194387405887
2639,4:03.67,Wang Xiaoxia,CHN,1976-08-21,7h1,Shanghai,1997-10-17,243.67,1997,1990,21.155373032169745
2639,4:03.67,Rababe Arafi,MAR,1991-01-12,5h1,London,2017-08-04,243.67,2017,2010,26.559890485968516
2639,4:03.67,Linden Hall,AUS,1991-06-20,4,Gold Coast,2018-04-10,243.67,2018,2010,26.806297056810404
2639,4:03.67,Esther Guerrero,ESP,1990-02-07,9,Firenze,2021-06-10,243.67,2021,2020,31.33744010951403
2639,4:03.67,Sarah Billings,AUS,1998-03-07,3,Melbourne,2026-03-28,243.67,2026,2020,28.057494866529773
2644,4:03.68,Beate Liebich,GDR,1958-02-21,3,Jena,1981-08-09,243.68,1981,1980,23.463381245722108
2644,4:03.68,Natalya Artyomova,RUS,1963-01-05,1,Jerez de la Frontera,1991-09-17,243.68,1991,1990,28.698151950718685
2644,4:03.68,Wioletta Frankiewicz,POL,1977-06-09,4,Saint-Denis,2005-07-01,243.68,2005,2000,28.060232717316907
2644,4:03.68,Natalia Rodríguez,ESP,1979-06-02,3,Monaco,2008-07-29,243.68,2008,2000,29.15811088295688
2644,4:03.68,Jennifer Simpson,USA,1986-08-23,12,Bruxelles,2011-09-16,243.68,2011,2010,25.065023956194388
2644,4:03.68,Sofia Ennaoui,POL,1995-08-30,4,Madrid,2023-07-22,243.68,2023,2020,27.89322381930185
2644,4:03.68,Georgia Griffith,AUS,1996-12-05,2,Adelaide,2024-04-14,243.68,2024,2020,27.356605065023956
2651,4:03.69,Yvonne Murray,GBR,1964-10-04,2,Gateshead,1987-07-26,243.69,1987,1980,22.806297056810404
2651,4:03.69,Olga Nelyubova,RUS,1964-06-12,8,Roma,2002-07-12,243.69,2002,2000,38.0807665982204
2651,4:03.69,Irina Krakoviak,LTU,1977-11-16,8,Saint-Denis,2006-07-08,243.69,2006,2000,28.640657084188913
2651,4:03.69,Lisa Dobriskey,GBR,1983-12-23,1,Gateshead,2010-07-10,243.69,2010,2010,26.546201232032853
2651,4:03.69,Tatyana Tomashova,RUS,1975-07-01,4r1,Rieti,2011-09-10,243.69,2011,2010,36.19438740588638
2651,4:03.69,Abeba Aregawi,SWE,1990-07-05,1,New York City,2013-05-25,243.69,2013,2010,22.888432580424368
2651,4:03.69,Rababe Arafi,MAR,1991-01-12,7,Ad-Dawhah,2018-05-04,243.69,2018,2010,27.307323750855577
2651,4:03.69,Melissa Courtney-Bryant,GBR,1993-08-30,1,Turku,2020-08-11,243.69,2020,2020,26.94866529774127
2651,4:03.69,Weronika Lizakowska,POL,1998-11-02,3,Montreuil,2026-06-17,243.69,2026,2020,27.62217659137577
2660,4:03.7,Raisa Belousova,RUS,1952-02-29,7,Moskva,1979-07-29,243.7,1979,1970,27.411362080766597
2660,4:03.7,Fita Lovin,ROU,1951-01-14,1,Bucuresti,1980-05-31,243.7,1980,1980,29.377138945927445
2660,4:03.7,Mary Slaney,USA,1958-08-04,1,Victoria,1991-08-11,243.7,1991,1990,33.01848049281314
2660,4:03.7,Elena Antoci,ROU,1975-01-16,2,Bucuresti,2002-06-15,243.7,2002,2000,27.411362080766597
2660,4:03.7,Bouchra Chaabi,MAR,1980-09-22,5,Athínai,2007-07-02,243.7,2007,2000,26.77344284736482
2660,4:03.70,Ulrike Bruns,GDR,1953-11-17,1,Berlin,1981-06-10,243.7,1981,1980,27.561943874058862
2660,4:03.70,Doina Melinte,ROU,1956-12-27,4,Budapest,1981-07-29,243.7,1981,1980,24.58590006844627
2660,4:03.70,Tatyana Dorovskikh,UKR,1961-08-12,1,Sochi,1984-05-26,243.7,1984,1980,22.78713210130048
2660,4:03.70,Anzhela Romanova,MDA,1961-05-06,h,Kyiv,1984-06-22,243.7,1984,1980,23.129363449691994
2660,4:03.70,Regina Jacobs,USA,1963-08-28,1,San José,1987-06-27,243.7,1987,1980,23.83025325119781
2660,4:03.70,Lyubov Gurina,RUS,1957-08-06,4,Nice,1994-07-18,243.7,1994,1990,36.94729637234771
2660,4:03.70,Yan Wei,CHN,1973-10-04,1,Beijing,1998-09-04,243.7,1998,1990,24.917180013689254
2660,4:03.70,Suzy Favor Hamilton,USA,1968-08-08,1,Palo Alto,2003-06-21,243.7,2003,2000,34.86652977412731
2660,4:03.70,Abeba Aregawi,SWE,1990-07-05,1,Birmingham,2013-06-30,243.7,2013,2010,22.986995208761122
2660,4:03.70,Betlehem Desalegn,UAE,1991-11-13,2,Beijing,2016-05-18,243.7,2016,2010,24.511978097193705
2660,4:03.70,Ciara Mageean,IRL,1992-03-12,11,London,2019-07-20,243.7,2019,2010,27.353867214236825
2660,4:03.70,Gabriela DeBues-Stafford,CAN,1995-09-13,1h1,Tokyo,2021-08-02,243.7,2021,2020,25.88637919233402
2660,4:03.70,Diana Mezuliániková,CZE,1992-04-10,8s2,Tokyo,2021-08-04,243.7,2021,2020,29.31690622861054
2660,4:03.70,Cory Ann McGee,USA,1992-05-29,10,Eugene,2022-07-18,243.7,2022,2020,30.135523613963038
2660,4:03.70,Saron Berhe,ETH,2007-08-22,5,Tomblaine,2023-06-18,243.7,2023,2020,15.822039698836413
2680,4:03.71,Natalia Marasescu,ROU,1952-10-03,1,Sofia,1981-06-06,243.71,1981,1980,28.673511293634498
2680,4:03.71,Laimute Baikauskaite,LTU,1956-06-10,6,Leningrad,1981-07-26,243.71,1981,1980,25.125256673511295
2680,4:03.71,Yelena Zadorozhnaya,RUS,1977-12-03,9,Monaco,2003-09-13,243.71,2003,2000,25.776865160848732
2680,4:03.71,Yelena Soboleva,RUS,1982-10-03,2,Sochi,2005-05-26,243.71,2005,2000,22.64476386036961
2680,4:03.71,Sarah Jamieson,AUS,1975-03-24,3,Saint-Denis,2007-07-06,243.71,2007,2000,32.284736481861735
2680,4:03.71+,Natalia Rodríguez,ESP,1979-06-02,6,Rieti,2008-09-07,243.71,2008,2000,29.267624914442163
2680,4:03.71,Stephanie Twell,GBR,1989-08-17,7,Saint-Denis,2010-07-16,243.71,2010,2010,20.91170431211499
2680,4:03.71,Anna Mishchenko,UKR,1983-08-25,1r2,Yalta,2011-05-30,243.71,2011,2010,27.761806981519506
2680,4:03.71,Ingvill Måkestad Bovim,NOR,1981-08-07,8,Saint-Denis,2012-07-06,243.71,2012,2010,30.913073237508556
2680,4:03.71,Jennifer Simpson,USA,1986-08-23,7,Birmingham,2017-08-20,243.71,2017,2010,30.99247091033539
2690,4:03.72,Regina Jacobs,USA,1963-08-28,1,New Orleans,1992-06-28,243.72,1992,1990,28.83504449007529
2690,4:03.72,Lidia Chojecka,POL,1977-01-25,2,Hengelo,1999-05-30,243.72,1999,1990,22.340862422997947
2690,4:03.72,Margarita Marusova,RUS,1967-11-25,3,Hengelo,1999-05-30,243.72,1999,1990,31.509924709103355
2690,4:03.72,Hind Dehiba,FRA,1979-03-17,6,Roma,2004-07-02,243.72,2004,2000,25.295003422313485
2690,4:03.72,Natalia Rodríguez,ESP,1979-06-02,8,Monaco,2005-09-09,243.72,2005,2000,26.272416153319643
2690,4:03.72,Christin Wurth-Thomas,USA,1980-07-11,6,Roma,2011-05-26,243.72,2011,2010,30.872005475701574
2690,4:03.72,Sinclaire Johnson,USA,1998-04-13,4,Des Moines,2019-07-27,243.72,2019,2010,21.286789869952088
2690,4:03.72,Georgia Hunter Bell,GBR,1993-10-17,6,Ad-Dawhah,2024-05-10,243.72,2024,2020,30.562628336755647
2690,4:03.72,Esther Guerrero,ESP,1990-02-07,9,Ostrava,2024-05-28,243.72,2024,2020,34.3025325119781
2699,4:03.73,Cornelia Bürki,SUI,1953-10-03,2,Lausanne,1985-07-10,243.73,1985,1980,31.76728268309377
2699,4:03.73,Violeta Szekely,ROU,1965-03-26,12,Monaco,1998-08-08,243.73,1998,1990,33.36892539356605
2699,4:03.73,Kutre Dulecha,ETH,1978-08-22,1,Saint-Denis,2000-06-23,243.73,2000,2000,21.83709787816564
2699,4:03.73,Kelly Holmes,GBR,1970-04-19,2,Eugene,2004-06-19,243.73,2004,2000,34.168377823408626
2699,4:03.73,Nelya Neporadnaya,UKR,1985-07-29,7,Athínai,2005-06-14,243.73,2005,2000,19.876796714579054
2699,4:03.73,Natalia Rodríguez,ESP,1979-06-02,2s1,Berlin,2009-08-21,243.73,2009,2000,30.220396988364133
2699,4:03.73,Sifan Hassan,ETH,1993-01-01,2,Lausanne,2013-07-04,243.73,2013,2010,20.503764544832308
2699,4:03.73,Jessica Warner-Judd,GBR,1995-01-07,6h1,London,2017-08-04,243.73,2017,2010,22.573579739904176
2699,4:03.73,Laura Muir,GBR,1993-05-09,1,Gateshead,2021-05-23,243.73,2021,2020,28.03832991101985
2699,4:03.73,Sophie O'Sullivan,IRL,2001-12-23,41,Saint-Denis,2024-08-07,243.73,2024,2020,22.622861054072555
2709,4:03.74,Natalia Marasescu,ROU,1952-10-03,3,Torino,1979-08-05,243.74,1979,1970,26.836413415468858
2709,4:03.74,Ruth Wysocki,USA,1957-03-08,1,Köln,1984-08-26,243.74,1984,1980,27.468856947296374
2709,4:03.74,Kirsty Wade,GBR,1962-08-06,3,Roma,1986-09-10,243.74,1986,1980,24.095824777549623
2709,4:03.74,Hildegard Körner,GDR,1959-12-20,2,Potsdam,1988-09-08,243.74,1988,1980,28.720054757015742
2709,4:03.74,Patti Sue Plumer,USA,1962-04-27,1,Portland,1992-05-24,243.74,1992,1990,30.075290896646134
2709,4:03.74,Maite Zúñiga,ESP,1964-12-28,13,Monaco,1998-08-08,243.74,1998,1990,33.609856262833674
2709,4:03.74,Maria Cioncan,ROU,1977-06-19,1,Annecy,2002-06-23,243.74,2002,2000,25.010266940451746
2709,4:03.74,Iryna Lishchynska,UKR,1976-01-15,1,Ostrava,2004-06-08,243.74,2004,2000,28.396988364134156
2709,4:03.74,Siham Hilali,MAR,1986-05-02,5,Athínai,2009-07-13,243.74,2009,2000,23.197809719370294
2709,4:03.74,Maryam Yusuf Jamal,BRN,1984-09-16,1,Berlin,2009-08-23,243.74,2009,2000,24.933607118412045
2709,4:03.74,Charlene Thomas,GBR,1982-05-06,1,Watford,2013-09-04,243.74,2013,2010,31.33196440793977
2709,4:03.74,Eilish McColgan,GBR,1990-11-25,7,London,2016-07-22,243.74,2016,2010,25.65639972621492
2709,4:03.74,Eilish McColgan,GBR,1990-11-25,8,Stockholm,2020-08-23,243.74,2020,2020,29.744010951403148
2709,4:03.74,Katie Snowden,GBR,1994-03-09,3r1,Eagle Rock,2025-05-24,243.74,2025,2020,31.208761122518823
2723,4:03.75,Gabriella Dorio,ITA,1957-06-27,2,Roma,1981-09-04,243.75,1981,1980,24.188911704312115
2723,4:03.75,Anna Brzezinska,POL,1971-01-09,4,Monaco,1995-07-25,243.75,1995,1990,24.539356605065024
2723,4:03.75,Iryna Lishchynska,UKR,1976-01-15,5,Zürich,2003-08-15,243.75,2003,2000,27.581108829568787
2723,4:03.75,Lisa Dobriskey,GBR,1983-12-23,2,Berlin,2009-08-23,243.75,2009,2000,25.66735112936345
2723,4:03.75,Luiza Gega,ALB,1988-11-05,11,Saint-Denis,2014-07-05,243.75,2014,2010,25.661875427789184
2723,4:03.75,Laura Weightman,GBR,1991-01-07,3,Berlin,2018-08-12,243.75,2018,2010,27.59479808350445
2723,4:03.75,Nadia Battocletti,ITA,2000-04-12,1,Firenze,2026-05-09,243.75,2026,2020,26.072553045859
2730,4:03.76,Doina Melinte,ROU,1956-12-27,2,Los Angeles,1984-08-11,243.76,1984,1980,27.62217659137577
2730,4:03.76,Violeta Szekely,ROU,1965-03-26,6,Monaco,1994-08-02,243.76,1994,1990,29.352498288843258
2730,4:03.76,Olga Nelyubova,RUS,1964-06-12,10,Zürich,1998-08-12,243.76,1998,1990,34.16563997262149
2730,4:03.76,Iryna Lishchynska,UKR,1976-01-15,1,Bergen,2004-06-11,243.76,2004,2000,28.40520191649555
2730,4:03.76,Mariem Alaoui Selsouli,MAR,1984-04-08,6,Roma,2009-07-10,243.76,2009,2000,25.253935660506503
2730,4:03.76,Irene Jelagat,KEN,1988-12-10,5,Zürich,2010-08-19,243.76,2010,2010,21.689253935660506
2730,4:03.76,Lemlem Hailu,ETH,2001-05-25,9s2,Tokyo,2021-08-04,243.76,2021,2020,20.194387405886378
2730,4:03.76,Katie Snowden,GBR,1994-03-09,5h2,München,2022-08-16,243.76,2022,2020,28.438056125941138
2730,4:03.76,Dominique Hiltz,USA,1994-10-23,3h1,Budapest,2023-08-19,243.76,2023,2020,28.82135523613963
2730,4:03.76+,Abbey Caldwell,AUS,2001-07-03,15,London,2025-07-19,243.76,2025,2020,24.043805612594113
2740,4:03.77,Svetlana Kitova,TJK,1960-06-25,2,Tallinn,1986-06-21,243.77,1986,1980,25.987679671457904
2740,4:03.77,Katrin Wühn,GDR,1965-11-19,3,Potsdam,1987-06-06,243.77,1987,1980,21.544147843942504
2740,4:03.77,Olga Churbanova,RUS,1965-07-16,5,Sankt Peterburg,1996-07-04,243.77,1996,1990,30.967830253251197
2740,4:03.77,Maureen Koster,NED,1992-03-07,8,Roma,2017-06-08,243.77,2017,2010,25.253935660506503
2740,4:03.77,Sifan Hassan,NED,1993-01-01,1s2,London,2017-08-05,243.77,2017,2010,24.591375770020534
2740,4:03.77,Gudaf Tsegay,ETH,1997-06-23,9,Zürich,2019-08-29,243.77,2019,2010,22.182067077344286
2740,4:03.77,Sinclaire Johnson,USA,1998-04-13,2,Eugene,2025-08-02,243.77,2025,2020,27.304585900068446
2747,4:03.78,Elly van Hulst,NED,1959-06-09,2,Zürich,1982-08-18,243.78,1982,1980,23.19233401779603
2747,4:03.78,Kirsty Wade,GBR,1962-08-06,1,London,1987-09-13,243.78,1987,1980,25.10335386721424
2747,4:03.78,Malgorzata Rydz,POL,1967-01-18,7,Monaco,1994-08-02,243.78,1994,1990,27.537303216974674
2747,4:03.78,Iryna Lishchynska,UKR,1976-01-15,4,Rieti,2002-09-08,243.78,2002,2000,26.647501711156742
2747,4:03.78,Joanne Pavey,GBR,1973-09-20,3s1,Saint-Denis,2003-08-29,243.78,2003,2000,29.93839835728953
2747,4:03.78,Liliya Shobukhova,RUS,1977-11-13,4,Kazan,2004-07-09,243.78,2004,2000,26.652977412731005
2747,4:03.78,Águeda Marqués,ESP,1999-03-19,6,Székesfehérvár,2023-07-18,243.78,2023,2020,24.331279945242983
2747,4:03.78,Danielle Jones,USA,1996-08-21,2,Hengelo,2024-07-07,243.78,2024,2020,27.876796714579054
2747,4:03.78,Taryn Rawlings,USA,1996-04-17,1rA,Trier,2025-09-02,243.78,2025,2020,29.377138945927445
2756,4:03.79,Tatyana Dorovskikh,UKR,1961-08-12,1s2,Barcelona,1992-08-06,243.79,1992,1990,30.98425735797399
2756,4:03.79,Carla Sacramento,POR,1971-12-10,3,Göteborg,1995-08-09,243.79,1995,1990,23.66324435318275
2756,4:03.79,Margaret Crowley,AUS,1967-05-25,5,Atlanta,1996-08-03,243.79,1996,1990,29.193702943189596
2756,4:03.79,Svetlana Masterkova,RUS,1968-01-17,1,Moskva,1998-09-05,243.79,1998,1990,30.633812457221083
2756,4:03.79,Ingvill Måkestad Bovim,NOR,1981-08-07,13,Bruxelles,2011-09-16,243.79,2011,2010,30.10814510609172
2756,4:03.79,Alemaz Samuel,ETH,1999-07-05,8,Shanghai,2019-05-18,243.79,2019,2010,19.86858316221766
2756,4:03.79,Sarah McDonald,GBR,1993-08-02,2rA,Ostrava,2019-06-20,243.79,2019,2010,25.880903490759753
2756,4:03.79,Marta Pérez,ESP,1993-04-19,4,Lausanne,2021-08-26,243.79,2021,2020,28.35318275154004
2756,4:03.79,Hirut Meshesha,ETH,2001-01-20,1,Roma,2022-06-09,243.79,2022,2020,21.38261464750171
2756,4:03.79,Marta Pen,POR,1993-07-31,2,Memphis,2022-07-29,243.79,2022,2020,28.993839835728952
2756,4:03.79+,Josette Andrews,USA,1995-12-15,10,Oslo,2023-06-15,243.79,2023,2020,27.498973305954827
2756,4:03.79,Lauren Ryan,AUS,1998-03-15,1r1,Pfungstadt,2025-08-20,243.79,2025,2020,27.433264887063654
2756,4:03.79,Linden Hall,AUS,1991-06-20,4,Melbourne,2026-03-28,243.79,2026,2020,34.770704996577685
2769,4:03.8,Ileana Silai,ROU,1941-10-14,9,Moskva,1980-07-06,243.8,1980,1980,38.72689938398357
2769,4:03.80,Paula Ivan,ROU,1963-07-20,2,Zürich,1987-08-19,243.8,1987,1980,24.082135523613964
2769,4:03.80,Nancy Jebet Langat,KEN,1981-08-22,2r2,Eugene,2008-06-08,243.8,2008,2000,26.795345653661876
2769,4:03.80,Caster Semenya,RSA,1991-01-07,3s1,London,2017-08-05,243.8,2017,2010,26.576317590691307
2769,4:03.80,Claudia Mihaela Bobocea,ROU,1992-06-11,11,Chorzów,2023-07-16,243.8,2023,2020,31.093771389459274
2774,4:03.81,Hassiba Boulmerka,ALG,1968-07-10,1s1,Barcelona,1992-08-06,243.81,1992,1990,24.073921971252567
2774,4:03.81,Katie Mackey,USA,1987-11-12,8,Eugene,2015-05-30,243.81,2015,2010,27.54551676933607
2774,4:03.81,Linden Hall,AUS,1991-06-20,8,London,2016-07-22,243.81,2016,2010,25.089664613278575
2774,4:03.81,Winnie Nanyondo,UGA,1993-08-23,7h3,Eugene,2022-07-15,243.81,2022,2020,28.892539356605067
2774,4:03.81,Melissa Courtney-Bryant,GBR,1993-08-30,5,Stockholm,2023-07-02,243.81,2023,2020,29.83709787816564
2774,4:03.81+,Esther Guerrero,ESP,1990-02-07,11,Monaco,2023-07-21,243.81,2023,2020,33.44832306639288
2774,4:03.81,Gabriela DeBues-Stafford,CAN,1995-09-13,1rA,Bruxelles,2025-05-25,243.81,2025,2020,29.697467488021903
2781,4:03.82,Zamira Zaytseva,UZB,1953-02-16,4,Sochi,1984-06-10,243.82,1984,1980,31.312799452429843
2781,4:03.82,Maite Zúñiga,ESP,1964-12-28,6,Zürich,1992-08-19,243.82,1992,1990,27.641341546885695
2781,4:03.82,Fabia Trabaldo,ITA,1972-03-05,6,Monaco,1993-08-07,243.82,1993,1990,21.423682409308693
2781,4:03.82,Carmen Douma-Hussar,CAN,1977-03-12,9,Saint-Denis,2006-07-08,243.82,2006,2000,29.322381930184804
2781,4:03.82,Faith Kipyegon,KEN,1994-01-10,5,Shanghai,2012-05-19,243.82,2012,2010,18.354551676933607
2781,4:03.82,Rababe Arafi,MAR,1991-01-12,8,Bruxelles,2018-08-31,243.82,2018,2010,27.633127994524298
2781,4:03.82,Kate Grace,USA,1988-10-24,5,Des Moines,2019-07-27,243.82,2019,2010,30.754277891854894
2781,4:03.82+,Kara McKenna,USA,1988-05-17,1,Marion,2020-07-15,243.82,2020,2020,32.16153319644079
2781,4:03.82,Emma Coburn,USA,1990-10-19,2,Nashville,2020-08-15,243.82,2020,2020,29.82340862422998
2790,4:03.83,Doina Melinte,ROU,1956-12-27,3,Nice,1991-07-15,243.83,1991,1990,34.54620123203286
2790,4:03.83,Malgorzata Rydz,POL,1967-01-18,2s2,Barcelona,1992-08-06,243.83,1992,1990,25.54962354551677
2790,4:03.83,Naomi Mugo,KEN,1977-01-02,10,Roma,1998-07-14,243.83,1998,1990,21.527720739219713
2790,4:03.83,Daniela Yordanova,BUL,1976-03-08,2,Bydgoszcz,2000-07-09,243.83,2000,2000,24.33675564681725
2790,4:03.83,Natalya Gorelova,RUS,1973-04-18,10,Bruxelles,2003-09-05,243.83,2003,2000,30.38193018480493
2790,4:03.83,Mouna Tabsaart,MAR,1987-04-07,1,Tangier,2010-07-10,243.83,2010,2010,23.2580424366872
2790,4:03.83,Besu Sado,ETH,1996-01-12,9,Bruxelles,2017-09-01,243.83,2017,2010,21.637234770704996
2790,4:03.83,Laura Muir,GBR,1993-05-09,6,Stockholm,2023-07-02,243.83,2023,2020,30.146475017111566
2790,4:03.83,Linden Hall,AUS,1991-06-20,2,Zagreb,2023-09-10,243.83,2023,2020,32.224503764544835
2790,4:03.83,Habitam Alemu,ETH,1997-07-09,4,Zagreb,2024-09-08,243.83,2024,2020,27.16769336071184
2790,4:03.83,Simone Plourde,CAN,2000-08-08,2,Portland,2025-06-15,243.83,2025,2020,24.851471594798085
2801,4:03.84,Christina Cahill,GBR,1957-03-25,5,Bruxelles,1985-08-30,243.84,1985,1980,28.432580424366872
2801,4:03.84,Violeta Szekely,ROU,1965-03-26,1,Köln,1999-08-08,243.84,1999,1990,34.36824093086927
2801,4:03.84,Viola Kibiwott,KEN,1985-12-22,3,Oslo,2007-06-15,243.84,2007,2000,21.478439425051334
2801,4:03.84,Ibtissam Lakhouad,MAR,1980-12-07,3,Monaco,2007-07-25,243.84,2007,2000,26.628336755646817
2801,4:03.84,Iryna Lishchynska,UKR,1976-01-15,1s2,Osaka,2007-08-31,243.84,2007,2000,31.6249144421629
2801,4:03.84,Lisa Dobriskey,GBR,1983-12-23,3s1,Berlin,2009-08-21,243.84,2009,2000,25.661875427789184
2801,4:03.84,Tatyana Tomashova,RUS,1975-07-01,3,Cheboksary,2011-07-24,243.84,2011,2010,36.062970568104035
2801,4:03.84,Maureen Koster,NED,1992-03-07,9,London,2016-07-22,243.84,2016,2010,24.3750855578371
2801,4:03.84,Gaia Sabbatini,ITA,1999-06-10,6,Ostrava,2023-06-27,243.84,2023,2020,24.046543463381244
2801,4:03.84,Revee Walcott-Nolan,GBR,1995-03-06,3,Zagreb,2023-09-10,243.84,2023,2020,28.514715947980836
2811,4:03.85,Yelena Sipatova,RUS,1955-06-07,4,Moskva,1982-06-12,243.85,1982,1980,27.014373716632445
2811,4:03.85,Lyudmila Rogachova,RUS,1966-10-30,2s1,Barcelona,1992-08-06,243.85,1992,1990,25.76865160848734
2811,4:03.85,Hayley Tullett,GBR,1973-02-17,4s1,Saint-Denis,2003-08-29,243.85,2003,2000,30.527036276522928
2811,4:03.85,Hanna Klein,GER,1993-04-06,2,Marseille,2022-06-15,243.85,2022,2020,29.190965092402465
2811,4:03.85,Sarah Healy,IRL,2001-02-13,1,Turku,2023-06-13,243.85,2023,2020,22.327173169062284
2816,4:03.86,Qu Yunxia,CHN,1972-12-25,3s2,Barcelona,1992-08-06,243.86,1992,1990,19.613963039014372
2816,4:03.86,Olga Yegorova,RUS,1972-03-28,1,Bydgoszcz,2006-06-01,243.86,2006,2000,34.17659137577002
2816,4:03.86,Helen Obiri,KEN,1989-12-13,3,Moskva,2013-08-15,243.86,2013,2010,23.67145790554415
2816,4:03.86,Winny Chebet,KEN,1990-12-20,10,Roma,2019-06-06,243.86,2019,2010,28.459958932238195
2816,4:03.86,Katie Snowden,GBR,1994-03-09,10,Firenze,2021-06-10,243.86,2021,2020,27.255304585900067
2816,4:03.86A,Kassie Wubrist,ETH,2005-03-10,4,Nairobi,2022-05-07,243.86,2022,2020,17.15811088295688
2816,4:03.86,Haregeweyn Kalayu,ETH,2009-05-29,4rA,Stockholm,2026-06-07,243.86,2026,2020,17.023956194387406
2823,4:03.87,Andrea Hahmann,GER,1966-06-03,1,Düsseldorf,1988-06-20,243.87,1988,1980,22.04791238877481
2823,4:03.87,Hassiba Boulmerka,ALG,1968-07-10,4,Noisy-le-Grand,1992-07-04,243.87,1992,1990,23.983572895277206
2823,4:03.87,Olga Rosseyeva,RUS,1981-08-01,1,Moskva,2001-07-27,243.87,2001,2000,19.98631074606434
2823,4:03.87,Olga Nelyubova,RUS,1964-06-12,1,Thessaloníki,2002-07-24,243.87,2002,2000,38.11362080766598
2823,4:03.87,Hayley Tullett,GBR,1973-02-17,3,Saint-Denis,2003-07-04,243.87,2003,2000,30.373716632443532
2823,4:03.87,Mary Kuria,KEN,1987-11-29,1rA,Huelva,2012-06-07,243.87,2012,2010,24.522929500342233
2823,4:03.87,Judith Jemutai,KEN,1993-12-10,8,Ad-Dawhah,2018-05-04,243.87,2018,2010,24.396988364134156
2823,4:03.87A,Judith Jemutai,KEN,1993-12-10,5,Nairobi,2022-05-07,243.87,2022,2020,28.40520191649555
2823,4:03.87,Lucia Stafford,CAN,1998-08-17,2r1,Los Angeles,2024-05-11,243.87,2024,2020,25.73305954825462
2832,4:03.88,Silvana Cruciata,ITA,1953-02-15,2,Torino,1981-07-15,243.88,1981,1980,28.410677618069816
2832,4:03.88,Carla Sacramento,POR,1971-12-10,4,Roma,2000-06-30,243.88,2000,2000,28.555783709787818
2832,4:03.88,Liliya Shobukhova,RUS,1977-11-13,5,Tula,2004-08-01,243.88,2004,2000,26.715947980835043
2832,4:03.88,Meraf Bahta,SWE,1989-06-24,1,Heusden-Zolder,2014-07-19,243.88,2014,2010,25.06776180698152
2832,4:03.88,Sifan Hassan,NED,1993-01-01,1h1,Ad-Dawhah,2019-10-02,243.88,2019,2010,26.748802190280628
2832,4:03.88,Gaia Sabbatini,ITA,1999-06-10,2,Turku,2023-06-13,243.88,2023,2020,24.008213552361397
2838,4:03.89,Lyubov Kremlyova,RUS,1961-12-21,1,Moskva,1988-09-05,243.89,1988,1980,26.70773442847365
2838,4:03.89,Daniela Yordanova,BUL,1976-03-08,1,Sofia,2000-06-10,243.89,2000,2000,24.257357973990416
2838,4:03.89,Iryna Lishchynska,UKR,1976-01-15,10,Monaco,2003-09-13,243.89,2003,2000,27.66050650239562
2838,4:03.89,Nancy Jebet Langat,KEN,1981-08-22,3,Lausanne,2005-07-05,243.89,2005,2000,23.86858316221766
2838,4:03.89,Shannon Rowbury,USA,1984-09-19,4h3,Beijing,2008-08-21,243.89,2008,2000,23.920602327173167
2838,4:03.89,Siham Hilali,MAR,1986-05-02,3,Ad-Dawhah,2010-05-14,243.89,2010,2010,24.032854209445585
2838,4:03.89,Eilish McColgan,GBR,1990-11-25,4rA,Walnut,2021-05-09,243.89,2021,2020,30.45311430527036
2838,4:03.89,Laura Muir,GBR,1993-05-09,2h1,Tokyo,2021-08-02,243.89,2021,2020,28.23271731690623
2838,4:03.89,Helen Schlachtenhaufen,USA,1995-03-14,10,Xiamen,2023-09-02,243.89,2023,2020,28.470910335386723
2838,4:03.89,Linden Hall,AUS,1991-06-20,8h2,Saint-Denis,2024-08-06,243.89,2024,2020,33.13073237508556
2848,4:03.9,Zoya Rigel,RUS,1952-10-15,2,Tbilisi,1978-09-17,243.9,1978,1970,25.921971252566735
2848,4:03.9,Birgit Barth,GDR,1962-06-19,1,Potsdam,1987-06-14,243.9,1987,1980,24.985626283367555
2848,4:03.90,Maricica Puica,ROU,1950-07-29,5,Stuttgart,1986-08-31,243.9,1986,1980,36.09034907597536
2848,4:03.90,Liliya Shobukhova,RUS,1977-11-13,5,Tula,2006-06-15,243.9,2006,2000,28.58590006844627
2848,4:03.90,Tigist Ketema,ETH,1998-09-15,1,Bydgoszcz,2021-06-30,243.9,2021,2020,22.78986995208761
2848,4:03.90,Katie Snowden,GBR,1994-03-09,3r2,San Juan Capistrano,2022-05-06,243.9,2022,2020,28.15879534565366
2848,4:03.90,Águeda Marqués,ESP,1999-03-19,2,La Nucía,2024-06-30,243.9,2024,2020,25.284052019164957
2848,4:03.90,Nancy Jepngetich,KEN,2007-10-25,10,Rabat,2026-05-31,243.9,2026,2020,18.598220396988363
2856,4:03.91,Ileana Silai,ROU,1941-10-14,2,Bucuresti,1978-08-11,243.91,1978,1970,36.824093086926766
2856,4:03.91,Carla Sacramento,POR,1971-12-10,6,Atlanta,1996-08-03,243.91,1996,1990,24.648870636550306
2856,4:03.91,Joanne Pavey,GBR,1973-09-20,2,Madrid,2003-07-19,243.91,2003,2000,29.82614647501711
2856,4:03.91,Erin Donohue,USA,1983-05-08,2rA,Heusden-Zolder,2010-07-10,243.91,2010,2010,27.173169062286107
2856,4:03.91,Morgan Uceny,USA,1985-03-10,1,Eugene,2011-06-25,243.91,2011,2010,26.29158110882957
2856,4:03.91,Hannah England,GBR,1987-03-06,4,Roma,2013-06-06,243.91,2013,2010,26.253251197809718
2856,4:03.91,Nancy Jebet Langat,KEN,1981-08-22,8,Monaco,2013-07-19,243.91,2013,2010,31.906913073237508
2856,4:03.91,Jennifer Simpson,USA,1986-08-23,1,Tokyo,2014-05-11,243.91,2014,2010,27.71526351813826
2856,4:03.91+,Bérénice Cleyet-Merle,FRA,1994-10-24,12,Monaco,2023-07-21,243.91,2023,2020,28.739219712525667
2856,4:03.91,Caren Chepchirchir,KEN,2008-12-25,11,Rabat,2026-05-31,243.91,2026,2020,17.429158110882955
2866,4:03.92,Ulrike Bruns,GDR,1953-11-17,1,Dresden,1984-07-26,243.92,1984,1980,30.688569472963724
2866,4:03.92,Elena Fidatov,ROU,1960-07-24,2,Pitesti,1986-06-28,243.92,1986,1980,25.927446954141
2866,4:03.92,Olga Kuznetsova,RUS,1967-10-23,5,Tula,2000-07-26,243.92,2000,2000,32.75838466803559
2866,4:03.92,Judit Varga,HUN,1976-04-16,1,Saint-Denis,2004-07-23,243.92,2004,2000,28.268309377138944
2866,4:03.92,Shannon Rowbury,USA,1984-09-19,5,Eugene,2009-06-07,243.92,2009,2000,24.71457905544148
2866,4:03.92,Natalya Pantelyeva,RUS,1983-08-18,4,Cheboksary,2009-07-26,243.92,2009,2000,25.93839835728953
2866,4:03.92,Anna Konovalova,RUS,1988-07-04,4,Cheboksary,2011-07-24,243.92,2011,2010,23.052703627652292
2866,4:03.92,Siham Hilali,MAR,1986-05-02,7,Ad-Dawhah,2013-05-10,243.92,2013,2010,27.02258726899384
2874,4:03.93,Yekaterina Podkopayeva,RUS,1952-06-11,4s2,Barcelona,1992-08-06,243.93,1992,1990,40.153319644079396
2874,4:03.93,Kutre Dulecha,ETH,1978-08-22,2,Hengelo,1998-06-01,243.93,1998,1990,19.77549623545517
2874,4:03.93,Kelly Holmes,GBR,1970-04-19,1,Hengelo,2002-06-02,243.93,2002,2000,32.120465434633815
2874,4:03.93,Natalia Rodríguez,ESP,1979-06-02,5r1,Rieti,2011-09-10,243.93,2011,2010,32.27378507871321
2874,4:03.93,Colleen Quigley,USA,1992-11-20,1,Heusden-Zolder,2017-07-22,243.93,2017,2010,24.66803559206023
2874,4:03.93,Faith Kipyegon,KEN,1994-01-10,2h1,Ad-Dawhah,2019-10-02,243.93,2019,2010,25.724845995893222
2874,4:03.93,Winny Chebet,KEN,1990-12-20,3h1,Tokyo,2021-08-02,243.93,2021,2020,30.61738535249829
2874,4:03.93,Sofia Ennaoui,POL,1995-08-30,8rA,Ostrava,2022-05-31,243.93,2022,2020,26.751540041067763
2874,4:03.93,Esther Guerrero,ESP,1990-02-07,1rA,Marseille,2025-07-13,243.93,2025,2020,35.42778918548939
2883,4:03.94,Nina Yapeyeva,RUS,1956-01-03,3r1,Moskva,1981-09-19,243.94,1981,1980,25.711156741957563
2883,4:03.94,Violeta Szekely,ROU,1965-03-26,2,Sevilla,1992-06-06,243.94,1992,1990,27.197809719370294
2883,4:03.94,Olga Nelyubova,RUS,1964-06-12,5,Monaco,1997-08-16,243.94,1997,1990,33.177275838466805
2883,4:03.94,Lidia Chojecka,POL,1977-01-25,2,Berlin,2000-09-01,243.94,2000,2000,23.600273785078713
2883,4:03.94,Tizita Bogale,ETH,1993-07-13,5,Barcelona,2011-07-22,243.94,2011,2010,18.023271731690624
2883,4:03.94,Morgan Uceny,USA,1985-03-10,1,Greenville,2016-06-04,243.94,2016,2010,31.236139630390145
2889,4:03.95,Maricica Puica,ROU,1950-07-29,1,Lausanne,1982-07-14,243.95,1982,1980,31.958932238193018
2889,4:03.95,Ravilya Agletdinova,BLR,1960-02-10,2,Erfurt,1985-06-22,243.95,1985,1980,25.363449691991786
2889,4:03.95,Hassiba Boulmerka,ALG,1968-07-10,2,Jerez de la Frontera,1991-09-17,243.95,1991,1990,23.186858316221766
2889,4:03.95,Lan Lixin,CHN,1979-02-14,1,Jinzhou,2000-06-08,243.95,2000,2000,21.31416837782341
2889,4:03.95,Nancy Jebet Langat,KEN,1981-08-22,5,Rieti,2009-09-06,243.95,2009,2000,28.041067761806982
2889,4:03.95,Rababe Arafi,MAR,1991-01-12,2,Durban,2016-06-24,243.95,2016,2010,25.44832306639288
2889,4:03.95,Faith Kipyegon,KEN,1994-01-10,1s1,Rio de Janeiro,2016-08-14,243.95,2016,2010,22.5927446954141
2889,4:03.95,Georgia Griffith,AUS,1996-12-05,1rA,Jessheim,2022-06-02,243.95,2022,2020,25.489390828199863
2889,4:03.95,Ellie Baker,GBR,1998-06-03,3,Turku,2023-06-13,243.95,2023,2020,25.026694045174537
2889,4:03.95,Claudia Hollingsworth,AUS,2005-04-12,2,Lignano Sabbiadoro,2024-07-14,243.95,2024,2020,19.255304585900067
2899,4:03.96,Tatyana Tomashova,RUS,1975-07-01,1,Tula,2001-07-13,243.96,2001,2000,26.034223134839152
2899,4:03.96,Carla Sacramento,POR,1971-12-10,4,Edmonton,2001-08-07,243.96,2001,2000,29.659137577002053
2899,4:03.96,Olga Nelyubova,RUS,1964-06-12,9,Zürich,2002-08-16,243.96,2002,2000,38.17659137577002
2899,4:03.96,Meskerem Legesse,ETH,1986-09-28,3,Eugene,2003-05-24,243.96,2003,2000,16.65160848733744
2899,4:03.96,Lidia Chojecka,POL,1977-01-25,8,Monaco,2006-08-20,243.96,2006,2000,29.56605065023956
2899,4:03.96,Christin Wurth-Thomas,USA,1980-07-11,1,New York City,2009-05-30,243.96,2009,2000,28.88432580424367
2899,4:03.96,Sheila Reid,CAN,1989-08-02,9,Eugene,2016-05-28,243.96,2016,2010,26.819986310746064
2899,4:03.96,Morgan Uceny,USA,1985-03-10,10,London,2016-07-22,243.96,2016,2010,31.367556468172484
2899,4:03.96,Angelika Cichocka,POL,1988-03-15,4s1,London,2017-08-05,243.96,2017,2010,29.39082819986311
2899,4:03.96,Edinah Jebitok,KEN,2001-11-10,8,Rabat,2022-06-05,243.96,2022,2020,20.566735112936346
2899,4:03.96,Linden Hall,AUS,1991-06-20,8s1,Budapest,2023-08-20,243.96,2023,2020,32.167008898015055
2910,4:03.97,Viola Kibiwott,KEN,1985-12-22,2s2,Osaka,2007-08-31,243.97,2007,2000,21.689253935660506
2910,4:03.97,Nicole Sifuentes,CAN,1986-06-30,2,Greenville,2016-06-04,243.97,2016,2010,29.930184804928132
2912,4:03.98,Nikolina Shtereva,BUL,1955-01-21,3,Budapest,1986-08-11,243.98,1986,1980,31.55373032169747
2912,4:03.98,Olga Komyagina,RUS,1974-02-10,1,Leverkusen,2001-08-26,243.98,2001,2000,27.540041067761805
2912,4:03.98,Nuria Fernández,ESP,1976-08-16,1,San Sebastián,2004-07-03,243.98,2004,2000,27.87953456536619
2912,4:03.98,Laura Weightman,GBR,1991-01-07,4,Glasgow,2014-07-11,243.98,2014,2010,23.50718685831622
2912,4:03.98,Perine Nengampi,KEN,,2,Heusden-Zolder,2014-07-19,243.98,2014,2010,
2912,4:03.98,Colleen Quigley,USA,1992-11-20,2,Portland,2020-07-21,243.98,2020,2020,27.665982203969882
2912,4:03.98,Susan Ejore-Sanders,KEN,1995-11-09,1rA,Nashville,2022-06-05,243.98,2022,2020,26.570841889117045
2912,4:03.98,Faith Kipyegon,KEN,1994-01-10,1s2,Eugene,2022-07-16,243.98,2022,2020,28.511978097193705
2912,4:03.98,Riley Chamberlain,USA,2004-07-21,3,Portland,2025-06-15,243.98,2025,2020,20.90075290896646
2921,4:03.99,Diana Richburg,USA,1963-07-02,2,Paris,1987-07-16,243.99,1987,1980,24.03832991101985
2921,4:03.99,Nuria Fernández,ESP,1976-08-16,9,Roma,2002-07-12,243.99,2002,2000,25.90280629705681
2921,4:03.99,Natalya Gorelova,RUS,1973-04-18,4rA,Tula,2003-08-10,243.99,2003,2000,30.310746064339494
2921,4:03.99,Carla Sacramento,POR,1971-12-10,7,Roma,2004-07-02,243.99,2004,2000,32.56125941136208
2921,4:03.99,Marta Pen,POR,1993-07-31,7,Birmingham,2018-08-18,243.99,2018,2010,25.048596851471594
2921,4:03.99,Revee Walcott-Nolan,GBR,1995-03-06,7,Ad-Dawhah,2024-05-10,243.99,2024,2020,29.180013689253936
2921,4:03.99,Yordanos Tesegab,ETH,2009-03-21,12,Rabat,2026-05-31,243.99,2026,2020,17.193702943189596
2928,4:04.0,Natalia Marasescu,ROU,1952-10-03,1,Athínai,1976-06-30,244.0,1976,1970,23.73990417522245
2928,4:04.0,Svetlana Guskova,MDA,1959-08-19,2,Sochi,1979-06-09,244.0,1979,1970,19.805612594113622
2928,4:04.0,Zoya Rigel,RUS,1952-10-15,2,Donetsk,1980-09-07,244.0,1980,1980,27.89596167008898
2928,4:04.0+,Mary Slaney,USA,1958-08-04,1,Westwood,1983-05-15,244.0,1983,1980,24.777549623545518
2928,4:04.0,Galina Zakharova,RUS,1956-09-07,1,Tallinn,1984-06-28,244.0,1984,1980,27.805612594113622
2928,4:04.00,Gabriele Martins,GDR,1962-06-01,2,Potsdam,1982-08-18,244.0,1982,1980,20.213552361396303
2928,4:04.00,Ulrike Bruns,GDR,1953-11-17,1,Berlin,1984-07-15,244.0,1984,1980,30.65845311430527
2928,4:04.00,Maite Zúñiga,ESP,1964-12-28,5s2,Barcelona,1992-08-06,244.0,1992,1990,27.60574948665298
2928,4:04.00,Patti Sue Plumer,USA,1962-04-27,8,Monaco,1992-08-11,244.0,1992,1990,30.29158110882957
2928,4:04.00,Yelena Kaledina,RUS,1966-05-18,6,Sankt Peterburg,1996-07-04,244.0,1996,1990,30.130047912388775
2928,4:04.00,Liu Qing,CHN,1986-04-28,1,Nanjing,2005-10-19,244.0,2005,2000,19.477070499657767
2928,4:04.00,Shannon Rowbury,USA,1984-09-19,5,New York City,2010-06-12,244.0,2010,2010,25.727583846680357
2928,4:04.00,Axumawit Embaye,ETH,1994-10-18,2,Barcelona,2016-07-09,244.0,2016,2010,21.724845995893222
2928,4:04.00,Dominique Hiltz,USA,1994-10-23,3h1,Ad-Dawhah,2019-10-02,244.0,2019,2010,24.941820670773442
2942,4:04.01,Carmen Douma-Hussar,CAN,1977-03-12,6=,Bruxelles,2004-09-03,244.01,2004,2000,27.479808350444902
2942,4:04.01,Natalia Rodríguez,ESP,1979-06-02,6=,Bruxelles,2004-09-03,244.01,2004,2000,25.256673511293634
2942,4:04.01,Nancy Jebet Langat,KEN,1981-08-22,1,Milano,2005-06-01,244.01,2005,2000,23.77549623545517
2942,4:04.01,Morgan Uceny,USA,1985-03-10,6,New York City,2010-06-12,244.01,2010,2010,25.256673511293634
2942,4:04.01,Irene Jelagat,KEN,1988-12-10,6,Monaco,2011-07-22,244.01,2011,2010,22.611909650924023
2942,4:04.01,Jessica Hull,AUS,1996-10-22,1,Vida,2021-06-22,244.01,2021,2020,24.6652977412731
2942,4:04.01,Nelly Jepkosgei,BRN,1991-07-14,9,Rabat,2025-05-25,244.01,2025,2020,33.86447638603696
2942,4:04.01,Erin Wallace,GBR,2000-05-18,2,Bydgoszcz,2026-05-29,244.01,2026,2020,26.028747433264886
2942,4:04.01+,Gabija Galvydyte,LTU,2000-01-17,9,Eugene,2026-07-04,244.01,2026,2020,26.46132785763176
2951,4:04.02,Gulbira Nurtdinova,RUS,,h,Kyiv,1982-07-26,244.02,1982,1980,
2951,4:04.02,Anzhela Romanova,MDA,1961-05-06,h,Sochi,1984-06-09,244.02,1984,1980,23.093771389459274
2951,4:04.02,Olga Komyagina,RUS,1974-02-10,1,Rieti,2000-09-03,244.02,2000,2000,26.562628336755647
2951,4:04.02,Sifan Hassan,ETH,1993-01-01,1,Ostrava,2013-06-27,244.02,2013,2010,20.484599589322382
2951,4:04.02,Michaela Meyer,USA,1998-07-04,4,Trabuco Hills,2021-07-18,244.02,2021,2020,23.039014373716633
2951,4:04.02,Allie Wilson,USA,1996-03-31,3,Memphis,2022-07-29,244.02,2022,2020,26.327173169062284
2957,4:04.03,Paula Ivan,ROU,1963-07-20,1,Rieti,1988-08-31,244.03,1988,1980,25.117043121149898
2957,4:04.03,Natalya Artyomova,RUS,1963-01-05,2,Moskva,1988-09-05,244.03,1988,1980,25.66735112936345
2957,4:04.03,Siham Hilali,MAR,1986-05-02,4,Monaco,2007-07-25,244.03,2007,2000,21.229295003422312
2957,4:04.03,Winnie Nanyondo,UGA,1993-08-23,8,Hengelo,2023-06-04,244.03,2023,2020,29.779603011635867
2961,4:04.04,Patti Sue Plumer,USA,1962-04-27,2,New Orleans,1992-06-28,244.04,1992,1990,30.171115674195757
2961,4:04.04,Olga Nelyubova,RUS,1964-06-12,11,Monaco,2002-07-19,244.04,2002,2000,38.09993155373032
2961,4:04.04,Olga Yegorova,RUS,1972-03-28,1,Réthymno,2004-06-23,244.04,2004,2000,32.238193018480494
2961,4:04.04,Lidia Chojecka,POL,1977-01-25,3,Zürich,2004-08-06,244.04,2004,2000,27.529089664613277
2961,4:04.04,Kalkidan Gezahegne,ETH,1991-05-08,7,Roma,2009-07-10,244.04,2009,2000,18.17385352498289
2961,4:04.04,Svetlana Karamasheva,RUS,1988-05-24,3,Cheboksary,2012-07-06,244.04,2012,2010,24.11772758384668
2961,4:04.04,Meraf Bahta,SWE,1989-06-24,2s2,London,2017-08-05,244.04,2017,2010,28.11498973305955
2961,4:04.04,Winnie Nanyondo,UGA,1993-08-23,4h1,Ad-Dawhah,2019-10-02,244.04,2019,2010,26.10814510609172
2961,4:04.04,Aleksandra Plocinska,POL,1999-10-05,3,Tomblaine,2024-05-25,244.04,2024,2020,24.637919233401778
2961,4:04.04,Taryn Rawlings,USA,1996-04-17,2r1,Pfungstadt,2025-08-20,244.04,2025,2020,29.34154688569473
2961,4:04.04,Melissa Courtney-Bryant,GBR,1993-08-30,3,Bydgoszcz,2026-05-29,244.04,2026,2020,32.74469541409993
2961,4:04.04,Maureen Koster,NED,1992-03-07,4,Bydgoszcz,2026-05-29,244.04,2026,2020,34.2258726899384
2973,4:04.05,Svetlana Kitova,TJK,1960-06-25,3,Rieti,1989-09-03,244.05,1989,1980,29.190965092402465
2973,4:04.05,Zhang Jinqing,CHN,1977-06-21,8h1,Shanghai,1997-10-17,244.05,1997,1990,20.32306639288159
2973,4:04.05,Olga Nelyubova,RUS,1964-06-12,2,Nice,2000-07-08,244.05,2000,2000,36.07118412046543
2973,4:04.05,Jackline Maranga,KEN,1977-12-16,5,Rieti,2002-09-08,244.05,2002,2000,24.72826830937714
2973,4:04.05,Hannah England,GBR,1987-03-06,1,Hengelo,2012-05-27,244.05,2012,2010,25.22655715263518
2973,4:04.05+,Kate Grace,USA,1988-10-24,8,London,2018-07-22,244.05,2018,2010,29.741273100616016
2973,4:04.05,Hirut Meshesha,ETH,2001-01-20,2s2,Eugene,2022-07-16,244.05,2022,2020,21.4839151266256
2973,4:04.05,Esther Guerrero,ESP,1990-02-07,5,Rovereto,2025-06-02,244.05,2025,2020,35.31553730321698
2973,4:04.05,Gracie Morris,USA,2001-12-17,2,Memphis,2025-07-12,244.05,2025,2020,23.567419575633128
2973,4:04.05,Salma Elbadra,MAR,2004-09-12,1rA,Portland,2026-06-21,244.05,2026,2020,21.77138945927447
2983,4:04.06,Grete Waitz,NOR,1953-10-01,1,Bruxelles,1979-09-04,244.06,1979,1970,25.924709103353866
2983,4:04.06,Ulrike Bruns,GDR,1953-11-17,2,Celje,1981-08-18,244.06,1981,1980,27.750855578370977
2983,4:04.06,Olga Nelyubova,RUS,1964-06-12,5,Monaco,1999-08-04,244.06,1999,1990,35.14305270362765
2983,4:04.06,Malindi Elmore,CAN,1980-03-13,3,Eugene,2004-06-19,244.06,2004,2000,24.268309377138944
2983,4:04.06,Kelly Holmes,GBR,1970-04-19,1,London,2004-07-30,244.06,2004,2000,34.280629705681044
2983,4:04.06,Siham Hilali,MAR,1986-05-02,1,Mersin,2013-06-26,244.06,2013,2010,27.15126625598905
2983,4:04.06,Alexa Efraimson,USA,1997-02-20,7,Nanjing,2019-05-21,244.06,2019,2010,22.245037645448324
2983,4:04.06,Sofia Ennaoui,POL,1995-08-30,12,London,2019-07-20,244.06,2019,2010,23.887748117727583
2991,4:04.07,Doina Melinte,ROU,1956-12-27,1,Milano,1982-07-07,244.07,1982,1980,25.52498288843258
2991,4:04.07,Diana Richburg,USA,1963-07-02,3,Los Angeles,1984-06-24,244.07,1984,1980,20.980150581793293
2991,4:04.07,Hind Dehiba,FRA,1979-03-17,10,Saint-Denis,2006-07-08,244.07,2006,2000,27.310061601642712
2991,4:04.07,Jennifer Simpson,USA,1986-08-23,2,Rovereto,2012-09-04,244.07,2012,2010,26.034223134839152
2991,4:04.07,Irene Jelagat,KEN,1988-12-10,5,New York City,2014-06-14,244.07,2014,2010,25.508555783709788
2996,4:04.08,Zamira Zaytseva,UZB,1953-02-16,6r1,Leningrad,1985-08-02,244.08,1985,1980,32.45722108145106
2996,4:04.08,Doina Melinte,ROU,1956-12-27,4,Roma,1986-09-10,244.08,1986,1980,29.702943189596166
2996,4:04.08,Nozomi Tanaka,JPN,1999-09-04,1,Chitose,2021-07-17,244.08,2021,2020,21.867214236824093
2999,4:04.09,Cindy Bremser,USA,1953-05-05,6,Bruxelles,1985-08-30,244.09,1985,1980,32.32032854209446
2999,4:04.09,Yekaterina Podkopayeva,RUS,1952-06-11,1,Rieti,1994-08-28,244.09,1994,1990,42.21218343600274
2999,4:04.09,Yelena Zadorozhnaya,RUS,1977-12-03,3,Oslo,2002-06-28,244.09,2002,2000,24.566735112936346
2999,4:04.09,Tatyana Tomashova,RUS,1975-07-01,4,Saint-Denis,2003-07-04,244.09,2003,2000,28.008213552361397
2999,4:04.09,Hind Dehiba,FRA,1979-03-17,10,Rieti,2006-08-27,244.09,2006,2000,27.446954140999317
2999,4:04.09,Zoe Buckman,AUS,1988-12-21,9,Eugene,2014-05-31,244.09,2014,2010,25.440109514031484
2999,4:04.09+,Linden Hall,AUS,1991-06-20,9,London,2018-07-22,244.09,2018,2010,27.08829568788501
2999,4:04.09,Edinah Jebitok,KEN,2001-11-10,4h1,Budapest,2023-08-19,244.09,2023,2020,21.77138945927447
2999,4:04.09,Marta Pérez,ESP,1993-04-19,2rA,Marseille,2025-07-13,244.09,2025,2020,32.23271731690623
3008,4:04.1,Alla Yushina,RUS,1958-08-20,1,Krasnodar,1983-08-07,244.1,1983,1980,24.9637234770705
3008,4:04.1,Marina Yachmeneva,RUS,1961-07-14,2,Kyiv,1988-06-24,244.1,1988,1980,26.94592744695414
3008,4:04.1+,Gabriela DeBues-Stafford,CAN,1995-09-13,2,Birmingham,2019-08-18,244.1,2019,2010,23.928815879534564
3008,4:04.10,Carla Sacramento,POR,1971-12-10,9,Monaco,1992-08-11,244.1,1992,1990,20.670773442847366
3008,4:04.10,Lidia Chojecka,POL,1977-01-25,8,Bruxelles,2004-09-03,244.1,2004,2000,27.60574948665298
3008,4:04.10,Helen Obiri,KEN,1989-12-13,1r2,Rieti,2011-09-10,244.1,2011,2010,21.741273100616016
3008,4:04.10,Axumawit Embaye,ETH,1994-10-18,5,Hengelo,2014-06-08,244.1,2014,2010,19.638603696098563
3008,4:04.10,Maryam Yusuf Jamal,BRN,1984-09-16,6,Hengelo,2014-06-08,244.1,2014,2010,29.724845995893222
3008,4:04.10,Violah Lagat,KEN,1989-03-13,2,Lignano Sabbiadoro,2015-07-07,244.1,2015,2010,26.316221765913756
3008,4:04.10,Sara Lappalainen,FIN,1991-08-17,4h1,Tokyo,2021-08-02,244.1,2021,2020,29.960301163586585
3008,4:04.10,Edinah Jebitok,KEN,2001-11-10,9,Hengelo,2023-06-04,244.1,2023,2020,21.56331279945243
3008,4:04.10,Sintayehu Vissa,ITA,1996-07-29,2rA,Padova,2023-09-03,244.1,2023,2020,27.096509240246405
3020,4:04.11,Karin Krebs,GDR,1943-08-18,4,München,1972-09-09,244.11,1972,1970,29.062286105407257
3020,4:04.11,Olga Yegorova,RUS,1972-03-28,3,Lausanne,2002-07-02,244.11,2002,2000,30.261464750171115
3020,4:04.11,Ingvill Måkestad Bovim,NOR,1981-08-07,3,Heusden-Zolder,2014-07-19,244.11,2014,2010,32.94729637234771
3020,4:04.11,Laura Weightman,GBR,1991-01-07,6,London,2017-08-07,244.11,2017,2010,26.581793292265573
3020,4:04.11,Ellie Baker,GBR,1998-06-03,3,Montreuil,2023-05-31,244.11,2023,2020,24.99110198494182
3020,4:04.11+,Ciara Mageean,IRL,1992-03-12,11,Oslo,2023-06-15,244.11,2023,2020,31.2580424366872
3020,4:04.11,Martyna Galant,POL,1995-01-26,7,Ostrava,2023-06-27,244.11,2023,2020,28.416153319644078
3020,4:04.11,Sintayehu Vissa,ITA,1996-07-29,4,Zagreb,2023-09-10,244.11,2023,2020,27.11567419575633
3028,4:04.12,Lynn Williams,CAN,1960-07-11,3,Lausanne,1985-07-10,244.12,1985,1980,24.996577686516083
3028,4:04.12,Ravilya Agletdinova,BLR,1960-02-10,3,Kyiv,1990-07-07,244.12,1990,1990,30.403832991101986
3028,4:04.12,Cristina Vasiloiu,ROU,1988-03-04,2,Kalamáta,2008-06-04,244.12,2008,2000,20.251882272416154
3028,4:04.12,Ingvill Måkestad Bovim,NOR,1981-08-07,6r1,Rieti,2011-09-10,244.12,2011,2010,30.091718001368925
3028,4:04.12,Rababe Arafi,MAR,1991-01-12,1,Beijing,2015-05-20,244.12,2015,2010,24.35044490075291
3028,4:04.12,Rachel Schneider,USA,1991-07-18,5,Trabuco Hills,2021-07-18,244.12,2021,2020,30.001368925393567
3028,4:04.12,Freweyni Hailu,ETH,2001-02-12,5h1,Tokyo,2021-08-02,244.12,2021,2020,20.468172484599588
3028,4:04.12,Wezam Arefeayane,ETH,2005-01-03,9rA,Ostrava,2022-05-31,244.12,2022,2020,17.404517453798768
3028,4:04.12,Adele Gay,FRA,2004-10-16,1,Talence,2025-08-02,244.12,2025,2020,20.79397672826831
3037,4:04.13,Nadezhda Olizarenko,UKR,1953-11-28,2,Dortmund,1978-07-01,244.13,1978,1970,24.588637919233403
3037,4:04.13,Fita Lovin,ROU,1951-01-14,1,Bucuresti,1981-06-19,244.13,1981,1980,30.428473648186174
3037,4:04.13,Svetlana Kitova,TJK,1960-06-25,3,Moskva,1990-06-10,244.13,1990,1990,29.95756331279945
3037,4:04.13,Natalya Gorelova,RUS,1973-04-18,6,Paris,2002-09-14,244.13,2002,2000,29.4072553045859
3037,4:04.13,Mary Kuria,KEN,1987-11-29,1,Huelva,2016-06-03,244.13,2016,2010,28.511978097193705
3037,4:04.13,Ciara Mageean,IRL,1992-03-12,1rA,Barcelona,2018-07-11,244.13,2018,2010,26.32991101984942
3037,4:04.13,Hawi Feysa,ETH,1999-02-01,3rA,Ostrava,2019-06-20,244.13,2019,2010,20.380561259411362
3037,4:04.13,Melissa Courtney-Bryant,GBR,1993-08-30,10rA,Ostrava,2022-05-31,244.13,2022,2020,28.750171115674195
3037,4:04.13,Águeda Marqués,ESP,1999-03-19,7h4,Tokyo,2025-09-13,244.13,2025,2020,26.48870636550308
3037,4:04.13,Abbey Caldwell,AUS,2001-07-03,1rA,Melbourne,2026-01-20,244.13,2026,2020,24.550308008213552
3047,4:04.14,Wendy Sly,GBR,1959-11-05,5,Helsinki,1983-08-14,244.14,1983,1980,23.772758384668034
3047,4:04.14,Nuria Fernández,ESP,1976-08-16,4,Zürich,2004-08-06,244.14,2004,2000,27.972621492128678
3047,4:04.14,Yuliya Chizhenko,RUS,1979-08-30,4,Cheboksary,2012-07-06,244.14,2012,2010,32.851471594798085
3047,4:04.14,Cory McGee,USA,1992-05-29,2,Memphis,2019-08-10,244.14,2019,2010,27.197809719370294
3047,4:04.14,Ciara Mageean,IRL,1992-03-12,2,Birmingham,2022-08-07,244.14,2022,2020,30.403832991101986
3047,4:04.14,Danielle Jones,USA,1996-08-21,9,Eugene,2024-06-30,244.14,2024,2020,27.857631759069132
3053,4:04.15,Maricica Puica,ROU,1950-07-29,3,Los Angeles,1984-08-11,244.15,1984,1980,34.03696098562629
3053,4:04.15,Andrea Hahmann,GER,1966-06-03,1,Potsdam,1988-06-08,244.15,1988,1980,22.015058179329227
3053,4:04.15,Lidia Chojecka,POL,1977-01-25,2,Ostrava,2004-06-08,244.15,2004,2000,27.367556468172484
3053,4:04.15,Hanna Klein,GER,1993-04-06,2,Heusden-Zolder,2017-07-22,244.15,2017,2010,24.292950034223136
3053,4:04.15,Marta Pen,POR,1993-07-31,10s2,Tokyo,2021-08-04,244.15,2021,2020,28.01095140314853
3053,4:04.15,Esther Guerrero,ESP,1990-02-07,4,Turku,2025-06-17,244.15,2025,2020,35.356605065023956
3059,4:04.16,Olga Parlyuk,RUS,1963-05-03,h,Kyiv,1984-06-22,244.16,1984,1980,21.138945927446954
3059,4:04.16,Christin Wurth-Thomas,USA,1980-07-11,4s1,Berlin,2009-08-21,244.16,2009,2000,29.111567419575632
3059,4:04.16,Ibtissam Lakhouad,MAR,1980-12-07,8,Saint-Denis,2010-07-16,244.16,2010,2010,29.60438056125941
3059,4:04.16,Fanjanteino Félix,FRA,1980-01-26,6,Barcelona,2010-08-01,244.16,2010,2010,30.51334702258727
3059,4:04.16,Gudaf Tsegay,ETH,1997-06-23,10,Roma,2015-06-04,244.16,2015,2010,17.946611909650922
3059,4:04.16,Laura Muir,GBR,1993-05-09,3s2,Rio de Janeiro,2016-08-14,244.16,2016,2010,23.266255989048595
3059,4:04.16,Jennifer Simpson,USA,1986-08-23,8,Eugene,2017-05-27,244.16,2017,2010,30.759753593429156
3059,4:04.16,Angelika Cichocka,POL,1988-03-15,7,London,2017-08-07,244.16,2017,2010,29.39630390143737
3059,4:04.16,Jessica Hull,AUS,1996-10-22,3r1,Irvine,2021-05-15,244.16,2021,2020,24.56125941136208
3059,4:04.16,Abbey Caldwell,AUS,2001-07-03,5h1,Budapest,2023-08-19,244.16,2023,2020,22.127310061601644
3059,4:04.16,Nozomi Tanaka,JPN,1999-09-04,1,Tokyo,2025-07-06,244.16,2025,2020,25.83709787816564
3059,4:04.16,Worknesh Mesele,ETH,2001-06-10,4,Los Angeles,2026-06-14,244.16,2026,2020,25.010266940451746
3071,4:04.17,Ileana Silai,ROU,1941-10-14,1,Ankara,1977-09-10,244.17,1977,1970,35.90691307323751
3071,4:04.17,Tatyana Sychova,RUS,1957-11-29,2,Kyiv,1981-08-26,244.17,1981,1980,23.73990417522245
3071,4:04.17,Lynn Williams,CAN,1960-07-11,3,Paris,1985-07-13,244.17,1985,1980,25.00479123887748
3071,4:04.17,Viorica Ghican,ROU,1965-06-09,3,Monaco,1988-08-02,244.17,1988,1980,23.148528405201915
3071,4:04.17,Naomi Mugo,KEN,1977-01-02,7,Nice,1998-07-16,244.17,1998,1990,21.533196440793976
3071,4:04.17,Maria Cioncan,ROU,1977-06-19,2,Bergen,2004-06-11,244.17,2004,2000,26.978781656399725
3071,4:04.17,Viola Kibiwott,KEN,1985-12-22,4,Saint-Denis,2008-07-18,244.17,2008,2000,22.570841889117045
3071,4:04.17,Janeth Jepkosgei,KEN,1983-12-13,6,Zürich,2010-08-19,244.17,2010,2010,26.68309377138946
3071,4:04.17,Viola Kibiwott,KEN,1985-12-22,5rA,Stockholm,2014-08-21,244.17,2014,2010,28.66255989048597
3071,4:04.17,Lauren Johnson,USA,1987-05-04,2,Heusden-Zolder,2015-07-18,244.17,2015,2010,28.205338809034906
3071,4:04.17,Rababe Arafi,MAR,1991-01-12,3h3,Beijing,2015-08-22,244.17,2015,2010,24.607802874743328
3071,4:04.17,Georgia Griffith,AUS,1996-12-05,5,Gold Coast,2018-04-10,244.17,2018,2010,21.34428473648186
3071,4:04.17,Kristiina Sasinek Mäki,CZE,1991-09-22,11rA,Ostrava,2022-05-31,244.17,2022,2020,30.688569472963724
3071,4:04.17,Augustine Haquet,FRA,2003-07-13,1,Troyes,2026-06-28,244.17,2026,2020,22.9596167008898
3085,4:04.18,Doina Melinte,ROU,1956-12-27,1,Nice,1990-07-10,244.18,1990,1990,33.53319644079398
3085,4:04.18,Regina Jacobs,USA,1963-08-28,5,Stockholm,1994-07-12,244.18,1994,1990,30.872005475701574
3085,4:04.18,Alison Wyeth,GBR,1964-05-26,5,Nice,1994-07-18,244.18,1994,1990,30.143737166324435
3085,4:04.18,Kelly Holmes,GBR,1970-04-19,3,Ostrava,2004-06-08,244.18,2004,2000,34.13826146475017
3085,4:04.18,Maria Cioncan,ROU,1977-06-19,5,Zürich,2004-08-06,244.18,2004,2000,27.132101300479125
3085,4:04.18,Cristina Vasiloiu,ROU,1988-03-04,2,Bucuresti,2008-06-06,244.18,2008,2000,20.257357973990416
3085,4:04.18,Shannon Rowbury,USA,1984-09-19,3,Berlin,2009-08-23,244.18,2009,2000,24.92539356605065
3085,4:04.18,Treniere Moser,USA,1981-10-27,5,Glasgow,2014-07-11,244.18,2014,2010,32.70362765229295
3085,4:04.18,Sifan Hassan,NED,1993-01-01,1,Zürich,2014-08-15,244.18,2014,2010,21.61806981519507
3085,4:04.18,Axumawit Embaye,ETH,1994-10-18,5,Ad-Dawhah,2015-05-15,244.18,2015,2010,20.57221081451061
3085,4:04.18,Ciara Mageean,IRL,1992-03-12,5h1,Ad-Dawhah,2019-10-02,244.18,2019,2010,27.5564681724846
3085,4:04.18,Axumawit Embaye,ETH,1994-10-18,7,Zürich,2021-09-09,244.18,2021,2020,26.89390828199863
3085,4:04.18,Abbey Caldwell,AUS,2001-07-03,1r2,Walnut,2022-05-18,244.18,2022,2020,20.87337440109514
3098,4:04.19,Yvonne Murray,GBR,1964-10-04,1,Gateshead,1994-07-20,244.19,1994,1990,29.790554414784395
3098,4:04.19,Lyudmila Rogachova,RUS,1966-10-30,1,Tula,1999-08-01,244.19,1999,1990,32.75290896646133
3098,4:04.19,Nicole Teter,USA,1973-11-08,10,Roma,2002-07-12,244.19,2002,2000,28.673511293634498
3098,4:04.19,Bouchra Ghézielle,MAR,1979-05-19,2,San Sebastián,2004-07-03,244.19,2004,2000,25.125256673511295
3098,4:04.19,Daniela Yordanova,BUL,1976-03-08,3s2,Osaka,2007-08-31,244.19,2007,2000,31.479808350444902
3098,4:04.19,Natalya Yevdokimova,RUS,1978-03-17,2,Kazan,2008-07-20,244.19,2008,2000,30.34360027378508
3098,4:04.19,Gaia Sabbatini,ITA,1999-06-10,6h2,München,2022-08-16,244.19,2022,2020,23.184120465434635
3098,4:04.19,Jessica Hull,AUS,1996-10-22,1,Brisbane,2023-04-01,244.19,2023,2020,26.439425051334702
3098,4:04.19,Kassie Wubrist,ETH,2005-03-10,3rA,Padova,2023-09-03,244.19,2023,2020,18.483230663928815
3107,4:04.2,Natalia Marasescu,ROU,1952-10-03,1,Düsseldorf,1976-06-08,244.2,1976,1970,23.679671457905545
3107,4:04.2,Tatyana Kazankina,RUS,1951-12-17,1,Moskva,1977-07-29,244.2,1977,1970,25.61533196440794
3107,4:04.2,Natalia Marasescu,ROU,1952-10-03,2,Köln,1978-06-22,244.2,1978,1970,25.71663244353183
3107,4:04.2+,Mary Slaney,USA,1958-08-04,1,Auckland,1980-01-26,244.2,1980,1980,21.478439425051334
3107,4:04.2,Zoya Rigel,RUS,1952-10-15,8,Moskva,1980-06-12,244.2,1980,1980,27.65776865160849
3107,4:04.2,Ileana Silai,ROU,1941-10-14,2h3,Moskva,1980-07-04,244.2,1980,1980,38.72142368240931
3107,4:04.2,Tatyana Dorovskikh,UKR,1961-08-12,1,Vladivostok,1988-09-13,244.2,1988,1980,27.08829568788501
3107,4:04.20,Lynn Williams,CAN,1960-07-11,4h2,Seoul,1988-09-29,244.2,1988,1980,28.21902806297057
3107,4:04.20,Maria Mutola,MOZ,1972-10-27,3s1,Barcelona,1992-08-06,244.2,1992,1990,19.77549623545517
3107,4:04.20,Kelly Holmes,GBR,1970-04-19,1,Gateshead,1995-07-02,244.2,1995,1990,25.201916495550993
3107,4:04.20,Yuliya Kosenkova,RUS,1973-03-28,6,Bruxelles,2001-08-24,244.2,2001,2000,28.407939767282684
3107,4:04.20,Luiza Gega,ALB,1988-11-05,2,Beijing,2015-05-20,244.2,2015,2010,26.535249828884325
3107,4:04.20,Freweyni Hailu,ETH,2001-02-12,1rA,Ostrava,2021-05-19,244.2,2021,2020,20.262833675564682
3107,4:04.20,Natalia Hawthorn,CAN,1995-01-12,1,Portland,2021-06-03,244.2,2021,2020,26.390143737166323
3107,4:04.20,Cory Ann McGee,USA,1992-05-29,11,Monaco,2021-07-09,244.2,2021,2020,29.111567419575632
3107,4:04.20,Esther Guerrero,ESP,1990-02-07,2,Madrid,2024-06-21,244.2,2024,2020,34.36824093086927
3123,4:04.21,Brigitte Kraus,FRG,1956-08-12,7s1,Montréal,1976-07-29,244.21,1976,1970,19.96167008898015
3123,4:04.21,Alla Yushina,RUS,1958-08-20,h,Kyiv,1982-07-26,244.21,1982,1980,23.9315537303217
3123,4:04.21,Tatyana Mishkel,UKR,1952-06-10,11r1,Kyiv,1982-07-27,244.21,1982,1980,30.127310061601644
3123,4:04.21,Alla Yushina,RUS,1958-08-20,2r2,Potsdam,1984-07-21,244.21,1984,1980,25.919233401779604
3123,4:04.21,Yelena Romanova,RUS,1963-03-20,3,Sevilla,1992-06-06,244.21,1992,1990,29.215605749486652
3123,4:04.21,Olga Nelyubova,RUS,1964-06-12,6,Zürich,1999-08-11,244.21,1999,1990,35.162217659137575
3123,4:04.21,Olga Nelyubova,RUS,1964-06-12,2,Leverkusen,2000-08-20,244.21,2000,2000,36.18891170431211
3123,4:04.21,Carla Sacramento,POR,1971-12-10,2,Melbourne,2001-09-09,244.21,2001,2000,29.749486652977414
3131,4:04.22,Lyubov Kremlyova,RUS,1961-12-21,5,Moskva,1984-07-20,244.22,1984,1980,22.579055441478438
3131,4:04.22,Sinéad Delahunty,IRL,1971-02-12,10,Bruxelles,1998-08-28,244.22,1998,1990,27.540041067761805
3131,4:04.22,Ingvill Måkestad Bovim,NOR,1981-08-07,9,Saint-Denis,2010-07-16,244.22,2010,2010,28.93908281998631
3131,4:04.22,Shannon Osika,USA,1993-06-15,3,Memphis,2019-08-10,244.22,2019,2010,26.151950718685832
3131,4:04.22,Linden Hall,AUS,1991-06-20,10,Zürich,2019-08-29,244.22,2019,2010,28.191649555099247
3131,4:04.22,Lore Hoffmann,SUI,1996-07-25,5rA,Tomblaine,2025-07-04,244.22,2025,2020,28.941820670773442
3131,4:04.22,Kristiina Sasinek Mäki,CZE,1991-09-22,4,Montreuil,2026-06-17,244.22,2026,2020,34.73511293634497
3138,4:04.23,Anna Bukis,POL,1953-09-08,1,Warszawa,1980-07-15,244.23,1980,1980,26.850102669404517
3138,4:04.23,Patti Sue Plumer,USA,1962-04-27,6s2,Barcelona,1992-08-06,244.23,1992,1990,30.27789185489391
3138,4:04.23,Lyudmila Borisova,RUS,1966-03-08,1,Moskva,1995-06-18,244.23,1995,1990,29.27857631759069
3138,4:04.23,Jackline Maranga,KEN,1977-12-16,5,Oslo,1998-07-09,244.23,1998,1990,20.56125941136208
3138,4:04.23,Hayley Tullett,GBR,1973-02-17,5,Roma,2001-06-29,244.23,2001,2000,28.361396303901437
3138,4:04.23,Ibtissam Lakhouad,MAR,1980-12-07,4,Ad-Dawhah,2010-05-14,244.23,2010,2010,29.43189596167009
3138,4:04.23,Liliana Popescu,ROU,1982-02-05,1,Barcelona,2010-07-09,244.23,2010,2010,28.421629021218344
3138,4:04.23,Meraf Bahta,SWE,1989-06-24,6,Glasgow,2014-07-11,244.23,2014,2010,25.045859000684462
3138,4:04.23,Dawit Seyaum,ETH,1996-07-27,2s1,Rio de Janeiro,2016-08-14,244.23,2016,2010,20.04928131416838
3138,4:04.23,Gaia Sabbatini,ITA,1999-06-10,11,Firenze,2021-06-10,244.23,2021,2020,22.001368925393567
3138,4:04.23A,Edinah Jebitok,KEN,2001-11-10,4,Nairobi,2024-06-15,244.23,2024,2020,22.595482546201232
3138,4:04.23,Emily MacKay,USA,1998-04-30,1h3,Eugene,2025-07-31,244.23,2025,2020,27.252566735112936
3150,4:04.24,Lu Yi,CHN,1974-04-10,3h,Jinan,1993-06-02,244.24,1993,1990,19.145790554414784
3150,4:04.24,Carla Sacramento,POR,1971-12-10,1,Athínai,1997-08-05,244.24,1997,1990,25.65366187542779
3150,4:04.24,Natalia Rodríguez,ESP,1979-06-02,2,Heusden-Zolder,2000-08-05,244.24,2000,2000,21.177275838466805
3150,4:04.24,Nelya Neporadnaya,UKR,1985-07-29,5s1,Saint-Denis,2003-08-29,244.24,2003,2000,18.083504449007528
3150,4:04.24,Alesya Turova,BLR,1979-12-06,11,Monaco,2003-09-13,244.24,2003,2000,23.770020533880903
3150,4:04.24,Hayley Tullett,GBR,1973-02-17,2,Saint-Denis,2004-07-23,244.24,2004,2000,31.42778918548939
3150,4:04.24,Mercy Cherono,KEN,1991-05-07,4,Lausanne,2015-07-09,244.24,2015,2010,24.17248459958932
3150,4:04.24,Darya Barysevich,BLR,1990-04-06,4rA,Ostrava,2019-06-20,244.24,2019,2010,29.204654346338124
3150,4:04.24,Marta Pérez,ESP,1993-04-19,7s1,Eugene,2022-07-16,244.24,2022,2020,29.240246406570844
3150,4:04.24,Nele Weßel,GER,1999-11-06,10,Bydgoszcz,2024-06-20,244.24,2024,2020,24.621492128678987
3160,4:04.25,Ulrike Bruns,GDR,1953-11-17,1,Potsdam,1983-06-09,244.25,1983,1980,29.557837097878167
3160,4:04.25,Ravilya Agletdinova,BLR,1960-02-10,3,Tallinn,1986-06-21,244.25,1986,1980,26.360027378507873
3160,4:04.25,Lynn Williams,CAN,1960-07-11,1,Burnaby,1988-06-05,244.25,1988,1980,27.901437371663246
3160,4:04.25,Ruth Wysocki,USA,1957-03-08,3,Zürich,1988-08-17,244.25,1988,1980,31.444216290212182
3160,4:04.25,Anita Weyermann,SUI,1977-12-08,2,Berlin,1998-09-01,244.25,1998,1990,20.73100616016427
3160,4:04.25,Iris María Fuentes-Pila,ESP,1980-08-10,11,Roma,2002-07-12,244.25,2002,2000,21.919233401779604
3160,4:04.25,Stephanie Twell,GBR,1989-08-17,8,Stockholm,2010-08-06,244.25,2010,2010,20.969199178644764
3160,4:04.25,Rababe Arafi,MAR,1991-01-12,9,Roma,2017-06-08,244.25,2017,2010,26.403832991101986
3160,4:04.25,Marta Pérez,ESP,1993-04-19,11,Eugene,2022-07-18,244.25,2022,2020,29.245722108145106
3160,4:04.25,Addison Wiley,USA,2003-10-24,5,Eugene,2023-07-08,244.25,2023,2020,19.704312114989733
3170,4:04.26,Yelena Zadorozhnaya,RUS,1977-12-03,2,Sankt Peterburg,2000-06-18,244.26,2000,2000,22.54072553045859
3170,4:04.26,Natalya Gorelova,RUS,1973-04-18,6,Zürich,2003-08-15,244.26,2003,2000,30.324435318275153
3170,4:04.26,Judit Varga,HUN,1976-04-16,8,Roma,2004-07-02,244.26,2004,2000,28.210814510609172
3170,4:04.26,Morgan Uceny,USA,1985-03-10,2,Gateshead,2010-07-10,244.26,2010,2010,25.333333333333332
3170,4:04.26,Eunice Sum,KEN,1988-04-10,9,Saint-Denis,2012-07-06,244.26,2012,2010,24.238193018480494
3170,4:04.26,Treniere Moser,USA,1981-10-27,9,Eugene,2015-05-30,244.26,2015,2010,33.58795345653662
3170,4:04.26,Gabriele Grunewald,USA,1986-06-25,5,Oslo,2015-06-11,244.26,2015,2010,28.960985626283367
3170,4:04.26,Sofia Ennaoui,POL,1995-08-30,9,Monaco,2015-07-17,244.26,2015,2010,19.87953456536619
3170,4:04.26,Nelly Jepkosgei,KEN,1991-07-14,3,Beijing,2016-05-18,244.26,2016,2010,24.84599589322382
3170,4:04.26,Danielle Jones,USA,1996-08-21,2rA,Portland,2021-05-29,244.26,2021,2020,24.76933607118412
3170,4:04.26,Eleanor Fulton,USA,1993-05-17,2,Portland,2022-06-11,244.26,2022,2020,29.06776180698152
3170,4:04.26,Lucia Stafford,CAN,1998-08-17,51,Saint-Denis,2024-08-07,244.26,2024,2020,25.973990417522245
3182,4:04.27,Mary Slaney,USA,1958-08-04,1s1,Indianapolis,1988-07-21,244.27,1988,1980,29.963039014373717
3182,4:04.27,Yan Wei,CHN,1973-10-04,11,Shanghai,1997-10-18,244.27,1997,1990,24.03832991101985
3182,4:04.27,Elena Antoci,ROU,1975-01-16,6,Sevilla,1999-08-29,244.27,1999,1990,24.61601642710472
3182,4:04.27,Kathleen Friedrich,GER,1977-07-13,4,Berlin,2001-08-31,244.27,2001,2000,24.134154688569474
3182,4:04.27,Hind Dehiba,FRA,1979-03-17,9,Monaco,2006-08-20,244.27,2006,2000,27.42778918548939
3182,4:04.27,Iryna Lishchynska,UKR,1976-01-15,2r2,Lausanne,2007-07-10,244.27,2007,2000,31.482546201232033
3182,4:04.27A,Birke Haylom,ETH,2006-01-06,1,Cali,2022-08-06,244.27,2022,2020,16.580424366872005
3182,4:04.27,Hirut Meshesha,ETH,2001-01-20,9s1,Budapest,2023-08-20,244.27,2023,2020,22.579055441478438
3182,4:04.27,Agathe Guillemot,FRA,1999-07-11,3,Chorzów,2024-05-18,244.27,2024,2020,24.854209445585216
3182,4:04.27,Dominique Hiltz,USA,1994-10-23,3rA,Eagle Rock,2024-07-20,244.27,2024,2020,29.741273100616016
3192,4:04.28,Yekaterina Podkopayeva,RUS,1952-06-11,3,Moskva,1983-06-22,244.28,1983,1980,31.028062970568104
3192,4:04.28,Yuliya Kosenkova,RUS,1973-03-28,3,Heusden-Zolder,2000-08-05,244.28,2000,2000,27.356605065023956
3192,4:04.28,Nouria Mérah-Benida,ALG,1970-10-19,10,Monaco,2006-08-20,244.28,2006,2000,35.83572895277207
3192,4:04.28+,Sarah McDonald,GBR,1993-08-02,10,London,2018-07-22,244.28,2018,2010,24.969199178644764
3192,4:04.28,Emma Coburn,USA,1990-10-19,4r1,Irvine,2021-05-15,244.28,2021,2020,30.570841889117045
3192,4:04.28+,Linden Hall,AUS,1991-06-20,3,Bruxelles,2021-09-03,244.28,2021,2020,30.206707734428473
3192,4:04.28,Maia Ramsden,NZL,2002-03-23,3,Lignano Sabbiadoro,2024-07-14,244.28,2024,2020,22.310746064339494
3192,4:04.28,Nozomi Tanaka,JPN,1999-09-04,11h1,Saint-Denis,2024-08-06,244.28,2024,2020,24.922655715263517
3192,4:04.28,Gesa Felicitas Krause,GER,1992-08-03,4,Ad-Dawhah,2026-06-19,244.28,2026,2020,33.87542778918549
3201,4:04.29,Tatyana Pozdnyakova,UKR,1956-03-04,1,Tallinn,1985-06-28,244.29,1985,1980,29.31690622861054
3201,4:04.29,Ulrike Bruns,GDR,1953-11-17,1,Leipzig,1985-08-11,244.29,1985,1980,31.731690622861056
3201,4:04.29,Vera Michallek,GER,1958-11-06,3,Köln,1986-08-17,244.29,1986,1980,27.7782340862423
3201,4:04.29,Lyudmila Rogachova,RUS,1966-10-30,5,Kyiv,1988-08-02,244.29,1988,1980,21.75770020533881
3201,4:04.29,Svetlana Kitova,TJK,1960-06-25,1,Lapinlahti,1990-06-24,244.29,1990,1990,29.9958932238193
3201,4:04.29,Hassiba Boulmerka,ALG,1968-07-10,3,Stuttgart,1993-08-22,244.29,1993,1990,25.117043121149898
3201,4:04.29,Naomi Mugo,KEN,1977-01-02,2,Lausanne,1996-07-03,244.29,1996,1990,19.498973305954827
3201,4:04.29,Olga Yegorova,RUS,1972-03-28,1,Rieti,2004-09-05,244.29,2004,2000,32.440793976728266
3201,4:04.29,Hannah England,GBR,1987-03-06,9,Monaco,2009-07-28,244.29,2009,2000,22.39561943874059
3201,4:04.29,Natalya Pantelyeva,RUS,1983-08-18,10,Monaco,2009-07-28,244.29,2009,2000,25.94387405886379
3201,4:04.29,Gudaf Tsegay,ETH,1997-06-23,9,Zürich,2016-09-01,244.29,2016,2010,19.19233401779603
3201,4:04.29,Linden Hall,AUS,1991-06-20,13,London,2019-07-20,244.29,2019,2010,28.082135523613964
3201,4:04.29,Katharina Trost,GER,1995-06-28,3,Montreuil,2022-06-02,244.29,2022,2020,26.92950034223135
3201,4:04.29,Joceline Wind,SUI,2000-09-12,8h3,Tokyo,2025-09-13,244.29,2025,2020,25.00205338809035
3215,4:04.3,Christiane Wartenberg,GDR,1956-10-27,3,Potsdam,1976-07-14,244.3,1976,1970,19.71252566735113
3215,4:04.3,Grete Waitz,NOR,1953-10-01,1,Oslo,1978-06-06,244.3,1978,1970,24.67898699520876
3215,4:04.3,Giana Romanova,RUS,1955-03-10,3,Dortmund,1978-07-01,244.3,1978,1970,23.310061601642712
3215,4:04.3A,Totka Petrova,BUL,1956-12-17,1,Ciudad de México,1978-09-09,244.3,1978,1970,21.727583846680357
3215,4:04.3,Lyubov Smolka,UKR,1952-11-29,3,Donetsk,1980-09-07,244.3,1980,1980,27.772758384668034
3215,4:04.3,Lyudmila Rogachova,RUS,1966-10-30,3,Kyiv,1988-06-24,244.3,1988,1980,21.650924024640656
3215,4:04.30,Regina Jacobs,USA,1963-08-28,1,Glasgow,1999-09-04,244.3,1999,1990,36.01916495550992
3215,4:04.30,Geraldine Hendricken,IRL,1970-04-19,6,Berlin,2002-09-06,244.3,2002,2000,32.38329911019849
3215,4:04.30,Corinna Harrer,GER,1991-01-19,5,Roma,2012-05-31,244.3,2012,2010,21.363449691991786
3215,4:04.30,Ibtissam Lakhouad,MAR,1980-12-07,6,Roma,2012-05-31,244.3,2012,2010,31.479808350444902
3215,4:04.30,Siham Hilali,MAR,1986-05-02,5,Roma,2013-06-06,244.3,2013,2010,27.096509240246405
3215,4:04.30,Anna Shchagina,RUS,1991-12-07,11,Roma,2015-06-04,244.3,2015,2010,23.49075975359343
3215,4:04.30,Eilish McColgan,GBR,1990-11-25,6,Gold Coast,2018-04-10,244.3,2018,2010,27.37303216974675
3228,4:04.31,Christiane Wartenberg,GDR,1956-10-27,4,Torino,1979-08-05,244.31,1979,1970,22.770704996577688
3228,4:04.31,Gabriella Dorio,ITA,1957-06-27,3,Zürich,1982-08-18,244.31,1982,1980,25.141683778234086
3228,4:04.31,Svetlana Miroshnik,UKR,1968-06-03,1,Kyiv,1995-06-12,244.31,1995,1990,27.02258726899384
3228,4:04.31,Olga Kuznetsova,RUS,1967-10-23,5,Roma,2000-06-30,244.31,2000,2000,32.68720054757016
3228,4:04.31,Natalya Gorelova,RUS,1973-04-18,12,Monaco,2003-09-13,244.31,2003,2000,30.403832991101986
3228,4:04.31,Elena Antoci,ROU,1975-01-16,3,Bucuresti,2008-06-06,244.31,2008,2000,33.38809034907597
3234,4:04.32,Angelika Zauber,GDR,1958-11-05,3,Celje,1981-08-18,244.32,1981,1980,22.784394250513348
3234,4:04.32,Elly van Hulst,NED,1959-06-09,2,Stockholm,1986-07-01,244.32,1986,1980,27.06091718001369
3234,4:04.32,Sarah Jamieson,AUS,1975-03-24,4,Stuttgart,2006-09-09,244.32,2006,2000,31.463381245722108
3234,4:04.32,Irene Jelagat,KEN,1988-12-10,3,Daegu,2011-05-12,244.32,2011,2010,22.417522245037645
3234,4:04.32,Ciara Mageean,IRL,1992-03-12,12,Firenze,2021-06-10,244.32,2021,2020,29.245722108145106
3234,4:04.32,Edinah Jebitok,KEN,2001-11-10,9,Eugene,2021-08-21,244.32,2021,2020,19.7782340862423
3240,4:04.33,Tamara Koba,UKR,1957-02-24,4,Moskva,1983-06-22,244.33,1983,1980,26.321697467488022
3240,4:04.33,Anzhela Romanova,MDA,1961-05-06,5,Sochi,1984-06-10,244.33,1984,1980,23.096509240246405
3240,4:04.33,Yelena Zadorozhnaya,RUS,1977-12-03,2,Réthymno,2004-06-23,244.33,2004,2000,26.55441478439425
3240,4:04.33,Hannah England,GBR,1987-03-06,3,Gateshead,2010-07-10,244.33,2010,2010,23.345653661875428
3240,4:04.33,Treniere Moser,USA,1981-10-27,6,New York City,2014-06-14,244.33,2014,2010,32.629705681040384
3240,4:04.33,Ingvill Måkestad Bovim,NOR,1981-08-07,7,Glasgow,2014-07-11,244.33,2014,2010,32.92539356605065
3240,4:04.33,Linden Hall,AUS,1991-06-20,1,Melbourne,2021-01-26,244.33,2021,2020,29.60438056125941
3240,4:04.33,Cory Ann McGee,USA,1992-05-29,10,Bruxelles,2022-09-02,244.33,2022,2020,30.261464750171115
3240,4:04.33,Esther Guerrero,ESP,1990-02-07,6h2,Budapest,2023-08-19,244.33,2023,2020,33.52772073921971
3240,4:04.33,Sarah Calvert,GBR,2001-06-29,4r1,Oordegem,2025-08-09,244.33,2025,2020,24.112251882272417
3250,4:04.34,Maite Zúñiga,ESP,1964-12-28,6,Monaco,1997-08-16,244.34,1997,1990,32.63244353182751
3250,4:04.34,Nuria Fernández,ESP,1976-08-16,3,Saint-Denis,2004-07-23,244.34,2004,2000,27.93429158110883
3250,4:04.34,Amanda Eccleston,USA,1990-06-18,3,Heusden-Zolder,2017-07-22,244.34,2017,2010,27.093771389459274
3253,4:04.35,Tatyana Kazankina,RUS,1951-12-17,1,Helsinki,1977-08-14,244.35,1977,1970,25.659137577002053
3253,4:04.35,Olga Dvirna,RUS,1953-02-11,h,Kyiv,1984-06-22,244.35,1984,1980,31.359342915811087
3253,4:04.35,Katalin Szalai,HUN,1961-03-04,2,Köln,1984-08-26,244.35,1984,1980,23.479808350444902
3253,4:04.35,Liu Li,CHN,1971-03-12,4s1,Barcelona,1992-08-06,244.35,1992,1990,21.404517453798768
3253,4:04.35,Yvonne Graham,JAM,1965-08-22,1,Bruxelles,1994-08-19,244.35,1994,1990,28.99110198494182
3253,4:04.35,Olga Nelyubova,RUS,1964-06-12,6,Roma,2000-06-30,244.35,2000,2000,36.049281314168375
3253,4:04.35,Wioletta Frankiewicz,POL,1977-06-09,5,Kazan,2004-07-09,244.35,2004,2000,27.082819986310746
3253,4:04.35,Carmen Douma-Hussar,CAN,1977-03-12,5,Saint-Denis,2005-07-01,244.35,2005,2000,28.303901437371664
3253,4:04.35,Rababe Arafi,MAR,1991-01-12,8,London,2017-08-07,244.35,2017,2010,26.56810403832991
3253,4:04.35,Karissa Schweizer,USA,1996-05-04,1r1,Los Angeles,2023-07-22,244.35,2023,2020,27.21423682409309
3253,4:04.35,Águeda Marqués,ESP,1999-03-19,10,Rabat,2025-05-25,244.35,2025,2020,26.184804928131417
3253,4:04.35,Maureen Koster,NED,1992-03-07,6rA,Tomblaine,2025-07-04,244.35,2025,2020,33.32511978097194
3265,4:04.36,Lyubov Smolka,UKR,1952-11-29,1h2,Moskva,1980-07-30,244.36,1980,1980,27.665982203969882
3265,4:04.36,Lyudmila Baranova,RUS,1950-05-03,1,Odessa,1983-09-08,244.36,1983,1980,33.34976043805612
3265,4:04.36,Nadezhda Ralldugina,RUS,1957-11-15,1,Donetsk,1984-09-09,244.36,1984,1980,26.817248459958932
3265,4:04.36,Doina Melinte,ROU,1956-12-27,2,Bucuresti,1988-06-11,244.36,1988,1980,31.45516769336071
3265,4:04.36,Sonia O'Sullivan,IRL,1969-11-28,1,Nice,1993-07-21,244.36,1993,1990,23.644079397672826
3265,4:04.36,Liu Dong,CHN,1973-12-24,1s3,Stuttgart,1993-08-20,244.36,1993,1990,19.655030800821354
3265,4:04.36,Margarita Marusova,RUS,1967-11-25,3,Paris,1996-06-28,244.36,1996,1990,28.591375770020534
3265,4:04.36,Suzy Favor Hamilton,USA,1968-08-08,2,Indianapolis,1997-06-15,244.36,1997,1990,28.851471594798085
3265,4:04.36,Naomi Mugo,KEN,1977-01-02,11,Oslo,2000-07-28,244.36,2000,2000,23.567419575633128
3265,4:04.36,Alesya Turova,BLR,1979-12-06,4,Oslo,2002-06-28,244.36,2002,2000,22.559890485968516
3265,4:04.36,Suzy Favor Hamilton,USA,1968-08-08,2,Carson,2003-06-01,244.36,2003,2000,34.81177275838467
3265,4:04.36,Hind Dehiba,FRA,1979-03-17,5,Eugene,2006-05-28,244.36,2006,2000,27.197809719370294
3265,4:04.36,Mimi Belete,ETH,1988-06-09,6,Athínai,2009-07-13,244.36,2009,2000,21.09240246406571
3265,4:04.36,Gelete Burka,ETH,1986-01-23,9,Monaco,2013-07-19,244.36,2013,2010,27.485284052019164
3265,4:04.36,Laura Weightman,GBR,1991-01-07,9,Bruxelles,2018-08-31,244.36,2018,2010,27.64681724845996
3265,4:04.36,Helen Schlachtenhaufen,USA,1995-03-14,2,Eugene,2021-04-24,244.36,2021,2020,26.11362080766598
3265,4:04.36,Sarah Healy,IRL,2001-02-13,4,Montreuil,2023-05-31,244.36,2023,2020,22.29158110882957
3265,4:04.36,Nozomi Tanaka,JPN,1999-09-04,6h1,Budapest,2023-08-19,244.36,2023,2020,23.956194387405887
3283,4:04.37,Lyudmila Rogachova,RUS,1966-10-30,1,Moskva,1991-08-04,244.37,1991,1990,24.761122518822724
3283,4:04.37,Suzy Favor Hamilton,USA,1968-08-08,11,Zürich,1998-08-12,244.37,1998,1990,30.00958247775496
3283,4:04.37,Natalya Gorelova,RUS,1973-04-18,2,Thessaloníki,2002-07-24,244.37,2002,2000,29.26488706365503
3283,4:04.37,Anna Mishchenko,UKR,1983-08-25,1,Warszawa,2010-06-08,244.37,2010,2010,26.78713210130048
3283,4:04.37,Meraf Bahta,SWE,1989-06-24,2,Stockholm,2016-06-16,244.37,2016,2010,26.978781656399725
3283,4:04.37,Gudaf Tsegay,ETH,1997-06-23,3,Stockholm,2016-06-16,244.37,2016,2010,18.981519507186857
3283,4:04.37,Linden Hall,AUS,1991-06-20,2r1,Portland,2017-06-11,244.37,2017,2010,25.976728268309376
3283,4:04.37,Marissa Damink,NED,1995-10-24,5,Zagreb,2024-09-08,244.37,2024,2020,28.876112251882272
3283,4:04.37,Ludovica Cavalli,ITA,2000-12-20,14,Budapest,2025-08-12,244.37,2025,2020,24.643394934976044
3292,4:04.38,Anna Bukis,POL,1953-09-08,3,Zagreb,1981-08-16,244.38,1981,1980,27.93702943189596
3292,4:04.38,Totka Petrova,BUL,1956-12-17,1,Lage,1983-06-14,244.38,1983,1980,26.48870636550308
3292,4:04.38,Zamira Zaytseva,UZB,1953-02-16,2,Odessa,1983-09-08,244.38,1983,1980,30.55715263518138
3292,4:04.38,Doina Melinte,ROU,1956-12-27,1,Zürich,1986-08-13,244.38,1986,1980,29.626283367556468
3292,4:04.38,Mitica Constantin,ROU,1962-08-18,2,Nice,1988-07-10,244.38,1988,1980,25.894592744695416
3292,4:04.38,Yuliya Kosenkova,RUS,1973-03-28,3,Madrid,2003-07-19,244.38,2003,2000,30.308008213552363
3292,4:04.38,Wioletta Frankiewicz,POL,1977-06-09,1,Madrid,2004-07-17,244.38,2004,2000,27.104722792607802
3292,4:04.38,Emily MacKay,USA,1998-04-30,3,Eugene,2025-08-02,244.38,2025,2020,27.2580424366872
3300,4:04.39,Cornelia Bürki,SUI,1953-10-03,2,Basel,1980-05-26,244.39,1980,1980,26.64476386036961
3300,4:04.39,Zola Pieterse,GBR,1966-05-26,1,Cwmbran,1984-05-28,244.39,1984,1980,18.00684462696783
3300,4:04.39,Galina Zakharova,RUS,1956-09-07,2,Donetsk,1984-09-09,244.39,1984,1980,28.005475701574266
3300,4:04.39,Angela Chalmers,CAN,1963-09-06,1,Berlin,1994-08-30,244.39,1994,1990,30.981519507186857
3300,4:04.39,Leah Pells,CAN,1964-11-09,1,Rieti,1996-09-01,244.39,1996,1990,31.811088295687885
3300,4:04.39A,Freweyni Hailu,ETH,2001-02-12,3,Nairobi,2021-09-18,244.39,2021,2020,20.5968514715948
3306,4:04.4,Zoya Rigel,RUS,1952-10-15,4,Dortmund,1978-07-01,244.4,1978,1970,25.70841889117043
3306,4:04.4,Yelena Sipatova,RUS,1955-06-07,9,Moskva,1980-06-12,244.4,1980,1980,25.01574264202601
3306,4:04.4,Tatyana Pozdnyakova,UKR,1956-03-04,1,Orel,1982-07-10,244.4,1982,1980,26.349075975359344
3306,4:04.4,Yvonne Graham,GER,1965-08-22,3,Berlin,1987-08-12,244.4,1987,1980,21.971252566735114
3306,4:04.4,Tatyana Dorovskikh,UKR,1961-08-12,1,Moskva,1987-08-15,244.4,1987,1980,26.00684462696783
3306,4:04.4A,Judith Jemutai,KEN,1993-12-10,2,Nairobi,2017-06-10,244.4,2017,2010,23.498973305954827
3306,4:04.40,Ravilya Agletdinova,BLR,1960-02-10,1,Moskva,1981-07-06,244.4,1981,1980,21.401779603011637
3306,4:04.40,Anna Jakubczak,POL,1973-02-02,7,Sevilla,1999-08-29,244.4,1999,1990,26.56810403832991
3306,4:04.40,Tara Clack,USA,1980-03-07,6,Eugene,2006-05-28,244.4,2006,2000,26.223134839151268
3306,4:04.40,Emma Coburn,USA,1990-10-19,4,Memphis,2019-08-10,244.4,2019,2010,28.80766598220397
3306,4:04.40,Melissa Courtney-Bryant,GBR,1993-08-30,10,Rabat,2022-06-05,244.4,2022,2020,28.763860369609855
3306,4:04.40,Kristiina Sasinek Mäki,CZE,1991-09-22,7h2,München,2022-08-16,244.4,2022,2020,30.899383983572896
3306,4:04.40,Kristiina Sasinek Mäki,CZE,1991-09-22,5,Zagreb,2023-09-10,244.4,2023,2020,31.967145790554415
3306,4:04.40,Kimberley May,NZL,2003-05-08,1,Lignano Sabbiadoro,2025-07-13,244.4,2025,2020,22.182067077344286
3306,4:04.40,Eleanor Fulton,USA,1993-05-17,2rA,Trier,2025-09-02,244.4,2025,2020,32.29568788501027
3306,4:04.40,Jessica Hull,AUS,1996-10-22,1h1,Tokyo,2025-09-13,244.4,2025,2020,28.892539356605067
3306,4:04.40,Gabriela DeBues-Stafford,CAN,1995-09-13,1,Turku,2026-06-03,244.4,2026,2020,30.72142368240931
3323,4:04.41,Christiane Wartenberg,GDR,1956-10-27,1,Karl-Marx-Stadt,1983-06-18,244.41,1983,1980,26.639288158795345
3323,4:04.41,Roswitha Gerdes,FRG,1961-06-28,4,Los Angeles,1984-08-11,244.41,1984,1980,23.121149897330596
3323,4:04.41,Anna Brzezinska,POL,1971-01-09,2,Rieti,1994-08-28,244.41,1994,1990,23.633127994524298
3323,4:04.41,Yuliya Kosenkova,RUS,1973-03-28,1,Moskva,2003-07-26,244.41,2003,2000,30.327173169062284
3323,4:04.41,Tatyana Tomashova,RUS,1975-07-01,1,Berlin,2004-09-12,244.41,2004,2000,29.201916495550993
3323,4:04.41,Nancy Chepkwemoi,KEN,1993-10-08,1,Székesfehérvár,2015-07-07,244.41,2015,2010,21.744010951403148
3323,4:04.41,Sarah McDonald,GBR,1993-08-02,2,Ostrava,2018-06-13,244.41,2018,2010,24.862422997946613
3323,4:04.41,Helen Schlachtenhaufen,USA,1995-03-14,5,Eugene,2021-06-21,244.41,2021,2020,26.272416153319643
3323,4:04.41,Aurore Fleury,FRA,1993-12-04,5r1,Oordegem,2025-08-09,244.41,2025,2020,31.679671457905545
3332,4:04.42,Astrid Pfeiffer,GDR,1964-12-06,3,Los Angeles,1983-06-25,244.42,1983,1980,18.548939082819988
3332,4:04.42,Doina Melinte,ROU,1956-12-27,6,Helsinki,1983-08-14,244.42,1983,1980,26.628336755646817
3332,4:04.42,Doina Melinte,ROU,1956-12-27,7s2,Barcelona,1992-08-06,244.42,1992,1990,35.60848733744011
3332,4:04.42,Qu Yunxia,CHN,1972-12-25,1,Shanghai,1993-05-13,244.42,1993,1990,20.380561259411362
3332,4:04.42,Süreyya Ayhan-Kop,TUR,1978-09-06,1h2,München,2002-08-09,244.42,2002,2000,23.923340177960302
3332,4:04.42,Hasna Benhassi,MAR,1978-06-01,4,Saint-Denis,2004-07-23,244.42,2004,2000,26.143737166324435
3332,4:04.42,Helen Obiri,KEN,1989-12-13,4,Oslo,2012-06-07,244.42,2012,2010,22.483230663928815
3332,4:04.42,Abeba Aregawi,SWE,1990-07-05,6,Ad-Dawhah,2015-05-15,244.42,2015,2010,24.859685147159478
3332,4:04.42,Sarah McDonald,GBR,1993-08-02,6h1,Ad-Dawhah,2019-10-02,244.42,2019,2010,26.16563997262149
3332,4:04.42,Melissa Bishop-Nriagu,CAN,1988-08-05,5r1,Irvine,2021-05-15,244.42,2021,2020,32.77481177275838
3332,4:04.42+,Marta Pérez,ESP,1993-04-19,4,Bruxelles,2021-09-03,244.42,2021,2020,28.3750855578371
3332,4:04.42,Salomé Afonso,POR,1997-11-19,5h3,Saint-Denis,2024-08-06,244.42,2024,2020,26.713210130047912
3344,4:04.43,Liliya Nurutdinova,RUS,1963-12-15,3,Kyiv,1981-08-26,244.43,1981,1980,17.697467488021903
3344,4:04.43,Sarah Schwald,USA,1973-01-02,7,Bruxelles,2001-08-24,244.43,2001,2000,28.640657084188913
3344,4:04.43,Judit Varga,HUN,1976-04-16,8,Bruxelles,2002-08-30,244.43,2002,2000,26.3709787816564
3344,4:04.43,Helen Obiri,KEN,1989-12-13,1h1,Glasgow,2014-07-28,244.43,2014,2010,24.621492128678987
3344,4:04.43,Alemaz Samuel,ETH,1999-07-05,11,Roma,2019-06-06,244.43,2019,2010,19.920602327173167
3344,4:04.43,Elise Vanderelst,BEL,1998-01-27,11,Bruxelles,2022-09-02,244.43,2022,2020,24.5968514715948
3344,4:04.43,Gabrielle Jennings,USA,1998-09-15,4r1,Eagle Rock,2025-05-24,244.43,2025,2020,26.688569472963724
3351,4:04.44,Nadezhda Ralldugina,RUS,1957-11-15,5,Moskva,1982-06-12,244.44,1982,1980,24.57221081451061
3351,4:04.44,Yelena Vyazova,UKR,1960-04-18,h,Kyiv,1984-06-22,244.44,1984,1980,24.177960301163587
3351,4:04.44,Tatyana Dorovskikh,UKR,1961-08-12,6,Kyiv,1988-08-02,244.44,1988,1980,26.973305954825463
3351,4:04.44,Ellen Kießling,GER,1968-02-17,2,Berlin,1989-07-05,244.44,1989,1980,21.37987679671458
3351,4:04.44,Nelya Neporadnaya,UKR,1985-07-29,11,Saint-Denis,2003-08-31,244.44,2003,2000,18.088980150581794
3351,4:04.44,Jolanda Ceplak,SLO,1976-09-12,2,Moskva,2004-05-30,244.44,2004,2000,27.71252566735113
3351,4:04.44,Bouchra Ghézielle,MAR,1979-05-19,5,Saint-Denis,2004-07-23,244.44,2004,2000,25.180013689253936
3351,4:04.44,Iris María Fuentes-Pila,ESP,1980-08-10,5,Athínai,2008-07-13,244.44,2008,2000,27.923340177960302
3351,4:04.44,Natalya Yevdokimova,RUS,1978-03-17,2,Warszawa,2009-06-07,244.44,2009,2000,31.225188227241617
3351,4:04.44,Irene Jelagat,KEN,1988-12-10,4,Shanghai,2009-09-20,244.44,2009,2000,20.777549623545518
3351,4:04.44,Emma Coburn,USA,1990-10-19,3,Portland,2022-06-11,244.44,2022,2020,31.644079397672826
3351,4:04.44,Christina Aragon,USA,1997-06-17,4,Lignano Sabbiadoro,2024-07-14,244.44,2024,2020,27.07460643394935
3363,4:04.45,Maricica Puica,ROU,1950-07-29,1,Bucuresti,1994-08-18,244.45,1994,1990,44.054757015742645
3363,4:04.45,Olga Yegorova,RUS,1972-03-28,3,Tula,2001-06-09,244.45,2001,2000,29.19917864476386
3363,4:04.45,Ibtissam Lakhouad,MAR,1980-12-07,5,Oslo,2012-06-07,244.45,2012,2010,31.498973305954827
3363,4:04.45,Natalya Yevdokimova,RUS,1978-03-17,1h1,Cheboksary,2012-07-05,244.45,2012,2010,34.3025325119781
3363,4:04.45,Hanna Klein,GER,1993-04-06,5s1,London,2017-08-05,244.45,2017,2010,24.331279945242983
3363,4:04.45,Esther Guerrero,ESP,1990-02-07,2,Berlin,2021-09-12,244.45,2021,2020,31.59479808350445
3363,4:04.45,Laura Muir,GBR,1993-05-09,11,Eugene,2022-05-28,244.45,2022,2020,29.05133470225873
3363,4:04.45,Kristiina Sasinek Mäki,CZE,1991-09-22,3,Marseille,2022-06-15,244.45,2022,2020,30.729637234770706
3363,4:04.45,Claudia Hollingsworth,AUS,2005-04-12,1,Adelaide,2024-02-10,244.45,2024,2020,18.830937713894592
3363,4:04.45,Sofia Ennaoui,POL,1995-08-30,10,Ostrava,2024-05-28,244.45,2024,2020,28.744695414099933
3363,4:04.45,Danielle Jones,USA,1996-08-21,6s2,Eugene,2024-06-28,244.45,2024,2020,27.852156057494867
3374,4:04.46,Tatyana Dorovskikh,UKR,1961-08-12,1,Oslo,1988-07-02,244.46,1988,1980,26.888432580424368
3374,4:04.46,Doina Melinte,ROU,1956-12-27,1,London,1990-07-20,244.46,1990,1990,33.5605749486653
3374,4:04.46,Olga Komyagina,RUS,1974-02-10,6,Tula,2000-07-26,244.46,2000,2000,26.455852156057496
3374,4:04.46,Joanne Pavey,GBR,1973-09-20,1,Rieti,2003-09-07,244.46,2003,2000,29.963039014373717
3374,4:04.46,Sylwia Ejdys,POL,1984-07-15,4,Monaco,2008-07-29,244.46,2008,2000,24.03832991101985
3374,4:04.46,Heather Kampf,USA,1987-01-19,3,Greenville,2016-06-04,244.46,2016,2010,29.374401095140314
3374,4:04.46,Shannon Rowbury,USA,1984-09-19,3s1,Rio de Janeiro,2016-08-14,244.46,2016,2010,31.901437371663246
3374,4:04.46,Winfredah Nzisa,KEN,1997-05-30,4,Heusden-Zolder,2017-07-22,244.46,2017,2010,20.145106091718002
3374,4:04.46,Marusa Mismas-Zrimsek,SLO,1994-11-24,12rA,Ostrava,2022-05-31,244.46,2022,2020,27.515400410677618
3374,4:04.46,Lucia Stafford,CAN,1998-08-17,6,Rovereto,2025-06-02,244.46,2025,2020,26.792607802874745
3384,4:04.47,Irina Lebedinskaya,RUS,1961-06-16,h,Kyiv,1982-07-26,244.47,1982,1980,21.1088295687885
3384,4:04.47,Natalya Yevdokimova,RUS,1978-03-17,2,Sochi,2009-05-29,244.47,2009,2000,31.200547570157426
3384,4:04.47,Linden Hall,AUS,1991-06-20,1rA,Palo Alto,2016-05-01,244.47,2016,2010,24.865160848733744
3384,4:04.47,Natalia Hawthorn,CAN,1995-01-12,3rA,Portland,2021-05-29,244.47,2021,2020,26.376454483230663
3388,4:04.48,Christina Cahill,GBR,1957-03-25,4,Zürich,1982-08-18,244.48,1982,1980,25.399041752224505
3388,4:04.48,Sue Addison,USA,1956-07-28,3,Zürich,1987-08-19,244.48,1987,1980,31.058179329226558
3388,4:04.48,Meskerem Assefa,ETH,1985-09-20,7,Monaco,2011-07-22,244.48,2011,2010,25.83436002737851
3388,4:04.48,Renata Plis,POL,1985-02-05,7,Roma,2012-05-31,244.48,2012,2010,27.315537303216974
3388,4:04.48,Tatyana Tomashova,RUS,1975-07-01,1,Cheboksary,2015-08-05,244.48,2015,2010,40.09582477754962
3388,4:04.48,Linden Hall,AUS,1991-06-20,3rA,Madrid,2018-06-22,244.48,2018,2010,27.006160164271048
3388,4:04.48,Lucia Stafford,CAN,1998-08-17,2,Nice,2025-05-31,244.48,2025,2020,26.78713210130048
3395,4:04.49,Margareta Keszeg,ROU,1965-08-31,3,Pitesti,1986-06-28,244.49,1986,1980,20.824093086926762
3395,4:04.49,Yekaterina Podkopayeva,RUS,1952-06-11,5,Nice,1996-07-10,244.49,1996,1990,44.07939767282683
3395,4:04.49,Liu Haiyan,CHN,1974-07-08,8h2,Shanghai,1997-10-17,244.49,1997,1990,23.277207392197127
3395,4:04.49,Kelly Holmes,GBR,1970-04-19,2,Berlin,2004-09-12,244.49,2004,2000,34.40109514031485
3395,4:04.49,Eunice Sum,KEN,1988-04-10,1,Beijing,2013-05-21,244.49,2013,2010,25.111567419575632
3395,4:04.49,Malika Akkaoui,MAR,1987-12-25,3,Beijing,2015-05-20,244.49,2015,2010,27.40041067761807
3395,4:04.49,Ciara Mageean,IRL,1992-03-12,10,Roma,2017-06-08,244.49,2017,2010,25.240246406570844
3395,4:04.49,Aleksandra Gulyayeva,RUS,1994-04-30,1,Zhukovskiy,2017-07-02,244.49,2017,2010,23.173169062286107
3395,4:04.49,Agathe Guillemot,FRA,1999-07-11,2,Talence,2025-08-02,244.49,2025,2020,26.06160164271047
3404,4:04.5,Natalia Marasescu,ROU,1952-10-03,1,Bucuresti,1978-06-04,244.5,1978,1970,25.66735112936345
3404,4:04.5,Zamira Zaytseva,UZB,1953-02-16,4,Vilnius,1978-07-22,244.5,1978,1970,25.426420260095824
3404,4:04.5,Zamira Zaytseva,UZB,1953-02-16,3h3,Moskva,1980-07-04,244.5,1980,1980,27.378507871321013
3404,4:04.5,Mary Slaney,USA,1958-08-04,1,Berkeley,1983-06-12,244.5,1983,1980,24.854209445585216
3404,4:04.5,Katrin Wühn,GDR,1965-11-19,2,Potsdam,1987-06-14,244.5,1987,1980,21.56605065023956
3404,4:04.5+,Mary Slaney,USA,1958-08-04,1,Eugene,1988-07-02,244.5,1988,1980,29.911019849418206
3404,4:04.5,Olga Komyagina,RUS,1974-02-10,6,Athínai,2007-07-02,244.5,2007,2000,33.38809034907597
3404,4:04.50,Heather Kampf,USA,1987-01-19,12,Roma,2015-06-04,244.5,2015,2010,28.372347707049965
3404,4:04.50,Danielle Aragon,USA,1994-07-01,2rA,Nashville,2022-06-05,244.5,2022,2020,27.928815879534564
3404,4:04.50,Yolanda Ngarambe,SWE,1991-09-14,3,Hengelo,2024-07-07,244.5,2024,2020,32.813141683778234
3404,4:04.50,Melissa Courtney-Bryant,GBR,1993-08-30,1r1,Belast,2026-05-09,244.5,2026,2020,32.68993839835729
3404,4:04.50+,Laura Muir,GBR,1993-05-09,10,Eugene,2026-07-04,244.5,2026,2020,33.152635181382614
3416,4:04.51,Gabriella Dorio,ITA,1957-06-27,1s2,Los Angeles,1984-08-09,244.51,1984,1980,27.11841204654346
3416,4:04.51,Margarita Marusova,RUS,1967-11-25,2,Moskva,1995-06-18,244.51,1995,1990,27.561943874058862
3416,4:04.51,Sinéad Delahunty,IRL,1971-02-12,6,Oslo,1996-07-05,244.51,1996,1990,25.39356605065024
3416,4:04.51,Malindi Elmore,CAN,1980-03-13,1,Victoria,2004-07-11,244.51,2004,2000,24.32854209445585
3416,4:04.51,Sinclaire Johnson,USA,1998-04-13,3s2,Eugene,2022-07-16,244.51,2022,2020,24.257357973990416
3416,4:04.51,Maudie Skyring,AUS,1997-04-09,3r1,Pfungstadt,2025-08-20,244.51,2025,2020,28.36413415468857
3422,4:04.52,Ulrike Bruns,GDR,1953-11-17,2,Helsinki,1977-08-14,244.52,1977,1970,23.73990417522245
3422,4:04.52,Anna Willard,USA,1984-03-31,9,Stockholm,2010-08-06,244.52,2010,2010,26.349075975359344
3422,4:04.52,Cory McGee,USA,1992-05-29,2,Eugene,2022-06-25,244.52,2022,2020,30.072553045859
3425,4:04.53,Vanya Stoyanova,BUL,1958-12-12,2,Budapest,1980-08-11,244.53,1980,1980,21.66461327857632
3425,4:04.53,Suzy Favor Hamilton,USA,1968-08-08,3,New Orleans,1992-06-28,244.53,1992,1990,23.887748117727583
3425,4:04.53,Yuliya Kosenkova,RUS,1973-03-28,3,Sankt Peterburg,2000-06-18,244.53,2000,2000,27.225188227241617
3425,4:04.53,Sarah Schwald,USA,1973-01-02,12,Monaco,2002-07-19,244.53,2002,2000,29.541409993155373
3425,4:04.53,Nancy Jebet Langat,KEN,1981-08-22,2,Birmingham,2013-06-30,244.53,2013,2010,31.854893908281998
3425,4:04.53,Katie Mackey,USA,1987-11-12,3,Heusden-Zolder,2015-07-18,244.53,2015,2010,27.679671457905545
3425,4:04.53,Marta Pen,POR,1993-07-31,2rA,Barcelona,2018-07-11,244.53,2018,2010,24.944558521560573
3425,4:04.53,Alexa Efraimson,USA,1997-02-20,9,Shanghai,2019-05-18,244.53,2019,2010,22.236824093086927
3425,4:04.53,Axumawit Embaye,ETH,1994-10-18,2,Roma,2022-06-09,244.53,2022,2020,27.641341546885695
3425,4:04.53,Faith Kipyegon,KEN,1994-01-10,1h2,Eugene,2022-07-15,244.53,2022,2020,28.50924024640657
3425,4:04.53,Marina Martínez,ESP,2002-01-13,1r1,Ordizia,2025-07-05,244.53,2025,2020,23.474332648870636
3436,4:04.54,Yevgeniya Sitnikova,RUS,,7,Leningrad,1981-07-26,244.54,1981,1980,
3436,4:04.54,Svetlana Masterkova,RUS,1968-01-17,1,Köln,1996-08-16,244.54,1996,1990,28.580424366872005
3436,4:04.54,Naomi Mugo,KEN,1977-01-02,6s1,Saint-Denis,2003-08-29,244.54,2003,2000,26.652977412731005
3436,4:04.54,Yelena Korobkina,RUS,1990-11-25,1,Cheboksary,2021-06-26,244.54,2021,2020,30.584531143052704
3440,4:04.55,Olga Parlyuk,RUS,1963-05-03,6,Moskva,1984-07-20,244.55,1984,1980,21.215605749486652
3440,4:04.55,Yvonne Murray,GBR,1964-10-04,2,Gateshead,1987-06-13,244.55,1987,1980,22.688569472963724
3440,4:04.55,Elena Fidatov,ROU,1960-07-24,5s1,Barcelona,1992-08-06,244.55,1992,1990,32.035592060232716
3440,4:04.55,Maria Martins,FRA,1974-04-01,5,Saint-Denis,2003-07-04,244.55,2003,2000,29.256673511293634
3440,4:04.55,Kelly Holmes,GBR,1970-04-19,1,Monaco,2004-09-18,244.55,2004,2000,34.417522245037645
3440,4:04.55,Abeba Aregawi,ETH,1990-07-05,1h1,London,2012-08-06,244.55,2012,2010,22.088980150581794
3440,4:04.55,Senbere Teferi,ETH,1995-05-03,10,Monaco,2013-07-19,244.55,2013,2010,18.21218343600274
3440,4:04.55,Treniere Moser,USA,1981-10-27,10,Monaco,2015-07-17,244.55,2015,2010,33.719370294318956
3440,4:04.55,Gabriela DeBues-Stafford,CAN,1995-09-13,7h3,London,2017-08-04,244.55,2017,2010,21.89185489390828
3440,4:04.55,Kristiina Sasinek Mäki,CZE,1991-09-22,6h1,Tokyo,2021-08-02,244.55,2021,2020,29.861738535249827
3440,4:04.55,Gaia Sabbatini,ITA,1999-06-10,10,Eugene,2021-08-21,244.55,2021,2020,22.198494182067076
3440,4:04.55,Eliza Megger,POL,1999-08-29,4,Marseille,2022-06-15,244.55,2022,2020,22.795345653661876
3452,4:04.56,Violeta Szekely,ROU,1965-03-26,4,Pitesti,1986-06-28,244.56,1986,1980,21.256673511293634
3452,4:04.56,Lyudmila Borisova,RUS,1959-07-30,4,Kyiv,1990-07-07,244.56,1990,1990,30.937713894592743
3452,4:04.56,Hassiba Boulmerka,ALG,1968-07-10,3,Nice,1992-07-05,244.56,1992,1990,23.98631074606434
3452,4:04.56,Kelly Holmes,GBR,1970-04-19,1,Roma,1996-06-05,244.56,1996,1990,26.130047912388775
3452,4:04.56,Olga Yegorova,RUS,1972-03-28,5rA,Tula,2003-08-10,244.56,2003,2000,31.367556468172484
3452,4:04.56,Corina Dumbravean,ROU,1984-04-15,1,Novi Sad,2005-07-24,244.56,2005,2000,21.27310061601643
3452,4:04.56,Christin Wurth-Thomas,USA,1980-07-11,10,Stockholm,2010-08-06,244.56,2010,2010,30.069815195071868
3452,4:04.56,Jennifer Simpson,USA,1986-08-23,6,Shanghai,2016-05-14,244.56,2016,2010,29.724845995893222
3452,4:04.56,Sara Vaughn,USA,1986-05-16,8h3,London,2017-08-04,244.56,2017,2010,31.21971252566735
3452,4:04.56+,Elise Cranny,USA,1996-05-09,5,Bruxelles,2021-09-03,244.56,2021,2020,25.319644079397673
3452,4:04.56A,Nelly Chepchirchir,KEN,2003-06-04,2,Nairobi,2023-05-13,244.56,2023,2020,19.939767282683093
3463,4:04.57,Ulrike Bruns,GDR,1953-11-17,1,Potsdam,1985-06-28,244.57,1985,1980,31.61122518822724
3463,4:04.57,Yekaterina Podkopayeva,RUS,1952-06-11,7,Kyiv,1988-08-02,244.57,1988,1980,36.14236824093087
3463,4:04.57,Suzy Favor Hamilton,USA,1968-08-08,2,Gateshead,1994-07-20,244.57,1994,1990,25.946611909650922
3463,4:04.57,Violeta Szekely,ROU,1965-03-26,3,Bratislava,1998-06-09,244.57,1998,1990,33.204654346338124
3463,4:04.57,Hind Dehiba,FRA,1979-03-17,9,Bruxelles,2004-09-03,244.57,2004,2000,25.467488021902806
3463,4:04.57,Sarah Jamieson,AUS,1975-03-24,1,New York City,2006-06-03,244.57,2006,2000,31.195071868583163
3463,4:04.57,Renata Plis,POL,1985-02-05,1,Sopot,2011-08-05,244.57,2011,2010,26.494182067077343
3463,4:04.57,Jennifer Simpson,USA,1986-08-23,10,Bruxelles,2018-08-31,244.57,2018,2010,32.02190280629706
3463,4:04.57A,Edinah Jebitok,KEN,2001-11-10,3,Nairobii,2023-07-08,244.57,2023,2020,21.65639972621492
3463,4:04.57,Nelly Jepkosgei,BRN,1991-07-14,13,Rabat,2026-05-31,244.57,2026,2020,34.88021902806297
3473,4:04.58,Kelly Holmes,GBR,1970-04-19,6,Monaco,1999-08-04,244.58,1999,1990,29.29226557152635
3473,4:04.58,Yuliya Chizhenko,RUS,1979-08-30,3,San Sebastián,2004-07-03,244.58,2004,2000,24.843258042436688
3473,4:04.58,Natalia Rodríguez,ESP,1979-06-02,6,Saint-Denis,2004-07-23,244.58,2004,2000,25.141683778234086
3473,4:04.58,Siham Hilali,MAR,1986-05-02,3,Lausanne,2013-07-04,244.58,2013,2010,27.173169062286107
3473,4:04.58,Marta Pérez,ESP,1993-04-19,8,Ostrava,2023-06-27,244.58,2023,2020,30.187542778918548
3473,4:04.58,Águeda Marqués,ESP,1999-03-19,3,Madrid,2024-06-21,244.58,2024,2020,25.259411362080765
3479,4:04.59,Tatyana Kazankina,RUS,1951-12-17,3,Donetsk,1984-09-09,244.59,1984,1980,32.73100616016427
3479,4:04.59,Yekaterina Podkopayeva,RUS,1952-06-11,4,Paris,1996-06-28,244.59,1996,1990,44.04654346338125
3479,4:04.59,Ana Amelia Menéndez,ESP,1972-03-17,7,Zürich,1999-08-11,244.59,1999,1990,27.40041067761807
3479,4:04.59,Irene Jelagat,KEN,1988-12-10,5,Saint-Denis,2008-07-18,244.59,2008,2000,19.603011635865844
3479,4:04.59,Yuliya Zaripova,RUS,1986-04-26,3,Warszawa,2009-06-07,244.59,2009,2000,23.11567419575633
3479,4:04.59,Morgan Uceny,USA,1985-03-10,1,Eugene,2012-07-01,244.59,2012,2010,27.310061601642712
3479,4:04.59,Maureen Koster,NED,1992-03-07,4,Beijing,2015-05-20,244.59,2015,2010,23.200547570157426
3479,4:04.59,Axumawit Embaye,ETH,1994-10-18,3,Berlin,2021-09-12,244.59,2021,2020,26.902121834360027
3479,4:04.59,Maureen Koster,NED,1992-03-07,4,Hengelo,2024-07-07,244.59,2024,2020,32.33401779603012
3479,4:04.59,Sinclaire Johnson,USA,1998-04-13,2h1,Tokyo,2025-09-13,244.59,2025,2020,27.419575633127995
3479,4:04.59,Riley Chamberlain,USA,2004-07-21,1r1,Westwood,2026-05-23,244.59,2026,2020,21.83709787816564
3479,4:04.59,Claire Stegall,USA,2007-06-05,1,Eugene,2026-06-19,244.59,2026,2020,19.039014373716633
3491,4:04.6,Karin Krebs,GDR,1943-08-18,1,Potsdam,1973-09-01,244.6,1973,1970,30.039698836413415
3491,4:04.6,Lyubov Smolka,UKR,1952-11-29,8,Moskva,1979-07-29,244.6,1979,1970,26.661190965092402
3491,4:04.6,Nina Yapeyeva,RUS,1956-01-03,1,Leningrad,1980-08-14,244.6,1980,1980,24.61327857631759
3491,4:04.60,Cornelia Bürki,SUI,1953-10-03,8,Praha,1978-09-03,244.6,1978,1970,24.917180013689254
3491,4:04.60,Tatyana Dorovskikh,UKR,1961-08-12,12,Kyiv,1984-06-24,244.6,1984,1980,22.86652977412731
3491,4:04.60,Yelena Romanova,RUS,1963-03-20,2,Bucuresti,1986-06-14,244.6,1986,1980,23.236139630390145
3491,4:04.60,Lyubov Kremlyova,RUS,1961-12-21,5,Kyiv,1990-07-07,244.6,1990,1990,28.542094455852155
3491,4:04.60,Anna Brzezinska,POL,1971-01-09,2,Rieti,1996-09-01,244.6,1996,1990,25.645448323066393
3491,4:04.60,Sarah Jamieson,AUS,1975-03-24,4,Oslo,2007-06-15,244.6,2007,2000,32.22724161533196
3491,4:04.60,Katie Mackey,USA,1987-11-12,1rA,Eagle Rock,2013-05-17,244.6,2013,2010,25.51129363449692
3491,4:04.60,Rachel Schneider,USA,1991-07-18,4rA,Portland,2021-05-29,244.6,2021,2020,29.864476386036962
3491,4:04.60,Konstanze Klosterhalfen,GER,1997-02-18,4,Montreuil,2022-06-02,244.6,2022,2020,25.284052019164957
3503,4:04.61,Raisa Smekhnova,BLR,1950-09-16,2,College Park,1976-08-06,244.61,1976,1970,25.88911704312115
3503,4:04.61,Lidia Chojecka,POL,1977-01-25,5,Berlin,2001-08-31,244.61,2001,2000,24.5968514715948
3503,4:04.61,Natalya Yevdokimova,RUS,1978-03-17,2,Rieti,2003-09-07,244.61,2003,2000,25.475701574264203
3503,4:04.61,Maria Martins,FRA,1974-04-01,7,Saint-Denis,2004-07-23,244.61,2004,2000,30.310746064339494
3503,4:04.61,Yelena Zadorozhnaya,RUS,1977-12-03,3,Berlin,2004-09-12,244.61,2004,2000,26.77618069815195
3503,4:04.61,Mestawet Tadesse,ETH,1985-07-19,7,Eugene,2006-05-28,244.61,2006,2000,20.856947296372347
3503,4:04.61,Shannon Rowbury,USA,1984-09-19,9,Eugene,2017-05-27,244.61,2017,2010,32.68446269678302
3503,4:04.61,Taryn Rawlings,USA,1996-04-17,6r1,Oordegem,2025-08-09,244.61,2025,2020,29.311430527036276
3503,4:04.61,Águeda Marqués,ESP,1999-03-19,5,Ad-Dawhah,2026-06-19,244.61,2026,2020,27.252566735112936
3512,4:04.62,Sonia O'Sullivan,IRL,1969-11-28,6,Bruxelles,2000-08-25,244.62,2000,2000,30.740588637919235
3512,4:04.62,Iryna Lishchynska,UKR,1976-01-15,4,Lausanne,2002-07-02,244.62,2002,2000,26.46132785763176
3512,4:04.62,Carla Sacramento,POR,1971-12-10,12,Roma,2002-07-12,244.62,2002,2000,30.587268993839835
3512,4:04.62,Iryna Lishchynska,UKR,1976-01-15,1,Oslo,2003-06-27,244.62,2003,2000,27.446954140999317
3512,4:04.62,Mary Cain,USA,1996-05-03,2rA,Eagle Rock,2013-05-17,244.62,2013,2010,17.037645448323065
3512,4:04.62,Axumawit Embaye,ETH,1994-10-18,4,Heusden-Zolder,2014-07-19,244.62,2014,2010,19.750855578370977
3512,4:04.62,Jenny Blundell,AUS,1994-05-09,4,Beijing,2016-05-18,244.62,2016,2010,22.026009582477755
3512,4:04.62A,Winny Chebet,KEN,1990-12-20,2,Nairobi,2021-06-17,244.62,2021,2020,30.491444216290212
3512,4:04.62,Hanna Klein,GER,1993-04-06,8s1,Eugene,2022-07-16,244.62,2022,2020,29.27583846680356
3521,4:04.63,Margarita Marusova,RUS,1967-11-25,7,Sankt Peterburg,1996-07-04,244.63,1996,1990,28.607802874743328
3521,4:04.63,Regina Jacobs,USA,1963-08-28,2,Athínai,1997-08-05,244.63,1997,1990,33.93839835728953
3521,4:04.63,Gelete Burka,ETH,1986-01-23,1,Eugene,2011-06-04,244.63,2011,2010,25.360711841204655
3521,4:04.63,Ibtissam Lakhouad,MAR,1980-12-07,9,Eugene,2013-06-01,244.63,2013,2010,32.48186173853525
3521,4:04.63,Stephanie Garcia,USA,1988-05-03,5,Heusden-Zolder,2017-07-22,244.63,2017,2010,29.218343600273784
3521,4:04.63A,Beatrice Chepkoech,KEN,1991-07-06,1,Nairobi,2018-02-17,244.63,2018,2010,26.62012320328542
3521,4:04.63,Ciara Mageean,IRL,1992-03-12,4,Berlin,2018-08-12,244.63,2018,2010,26.417522245037645
3521,4:04.63,Axumawit Embaye,ETH,1994-10-18,14,London,2019-07-20,244.63,2019,2010,24.752908966461327
3521,4:04.63,Cory Ann McGee,USA,1992-05-29,8,Zürich,2022-09-08,244.63,2022,2020,30.27789185489391
3530,4:04.64,Lyubov Gurina,RUS,1957-08-06,1,Noisy-le-Grand,1993-07-03,244.64,1993,1990,35.90691307323751
3530,4:04.64,Yelena Zadorozhnaya,RUS,1977-12-03,2,Glasgow,2001-07-01,244.64,2001,2000,23.575633127994525
3530,4:04.64,Adoración Garcia,ESP,1976-07-19,13,Roma,2002-07-12,244.64,2002,2000,25.97946611909651
3530,4:04.64,Nelya Neporadnaya,UKR,1985-07-29,7,Zürich,2003-08-15,244.64,2003,2000,18.04517453798768
3530,4:04.64,Tatyana Tomashova,RUS,1975-07-01,8,Athínai,2005-06-14,244.64,2005,2000,29.95482546201232
3530,4:04.64,Nuria Fernández,ESP,1976-08-16,6,Barcelona,2011-07-22,244.64,2011,2010,34.92950034223135
3530,4:04.64,Nelly Jepkosgei,BRN,1991-07-14,7,Paris,2017-07-01,244.64,2017,2010,25.965776865160848
3530,4:04.64,Kate Grace,USA,1988-10-24,8,Birmingham,2018-08-18,244.64,2018,2010,29.815195071868583
3530,4:04.64,Sintayehu Vissa,ITA,1996-07-29,4rA,Castellón,2022-06-16,244.64,2022,2020,25.880903490759753
3530,4:04.64A,Brenda Chebet,KEN,2004-03-06,2,Cali,2022-08-06,244.64,2022,2020,18.417522245037645
3530,4:04.64,Josette Andrews,USA,1995-12-15,1rA,Huizingen,2023-08-12,244.64,2023,2020,27.65776865160849
3530,4:04.64,Jolanda Kallabis,GER,2005-02-18,7r1,Oordegem,2025-08-09,244.64,2025,2020,20.470910335386723
3530,4:04.64,Ludovica Cavalli,ITA,2000-12-20,5,Bydgoszcz,2026-05-29,244.64,2026,2020,25.437371663244353
3543,4:04.65,Brigitte Kraus,FRG,1956-08-12,1,Hengelo,1986-06-27,244.65,1986,1980,29.872689938398356
3543,4:04.65,Shireen Bailey,GBR,1959-09-27,5h2,Seoul,1988-09-29,244.65,1988,1980,29.00752908966461
3543,4:04.65,Viorica Ghican,ROU,1965-06-09,1,Dijon,1989-07-01,244.65,1989,1980,24.060232717316907
3543,4:04.65,Sinéad Delahunty,IRL,1971-02-12,5,Paris,1996-06-28,244.65,1996,1990,25.374401095140314
3543,4:04.65,Nicole Sifuentes,CAN,1986-06-30,3rA,Eagle Rock,2013-05-17,244.65,2013,2010,26.88021902806297
3543,4:04.65,Shannon Rowbury,USA,1984-09-19,10,Eugene,2016-05-28,244.65,2016,2010,31.68788501026694
3543,4:04.65,Dawit Seyaum,ETH,1996-07-27,1,Cambridge MA,2018-05-19,244.65,2018,2010,21.809719370294317
3543,4:04.65,Netsanet Desta,ETH,2000-10-26,1,Grosseto,2022-05-22,244.65,2022,2020,21.568788501026695
3543,4:04.65,Linden Hall,AUS,1991-06-20,9s1,Eugene,2022-07-16,244.65,2022,2020,31.071868583162217
3543,4:04.65,Adelle Tracey,JAM,1993-05-27,4,Turku,2023-06-13,244.65,2023,2020,30.04517453798768
3543,4:04.65,Josette Andrews,USA,1995-12-15,4rA,Eagle Rock,2024-07-20,244.65,2024,2020,28.5968514715948
3554,4:04.66,Anna Bukis,POL,1953-09-08,4,Roma,1980-08-05,244.66,1980,1980,26.90759753593429
3554,4:04.66,Maricica Puica,ROU,1950-07-29,2,Bucuresti,1981-06-19,244.66,1981,1980,30.8911704312115
3554,4:04.66,Svetlana Kitova,TJK,1960-06-25,9,Roma,1987-09-05,244.66,1987,1980,27.195071868583163
3554,4:04.66,Svetlana Kitova,TJK,1960-06-25,1,Köln,1989-08-20,244.66,1989,1980,29.152635181382614
3554,4:04.66,Irina Biryukova,RUS,1964-12-06,1,Moskva,1998-06-08,244.66,1998,1990,33.503080082135526
3554,4:04.66,Paula Ivan,ROU,1963-07-20,5,Monaco,2000-08-18,244.66,2000,2000,37.08145106091718
3554,4:04.66,Iris María Fuentes-Pila,ESP,1980-08-10,8,Saint-Denis,2004-07-23,244.66,2004,2000,23.95071868583162
3554,4:04.66,Natalya Yevdokimova,RUS,1978-03-17,1s2,Athínai,2004-08-26,244.66,2004,2000,26.444900752908968
3554,4:04.66,Anna Alminova,RUS,1985-01-17,5h3,Beijing,2008-08-21,244.66,2008,2000,23.592060232717316
3554,4:04.66,Siham Hilali,MAR,1986-05-02,5,Beijing,2015-05-20,244.66,2015,2010,29.048596851471594
3554,4:04.66,Sarah Billings,AUS,1998-03-07,1,Tokyo,2024-05-19,244.66,2024,2020,26.20123203285421
3554,4:04.66,Ciara Mageean,IRL,1992-03-12,1,Roma,2024-06-09,244.66,2024,2020,32.24366872005476
3554,4:04.66,Joceline Wind,SUI,2000-09-12,5rA,Stockholm,2026-06-07,244.66,2026,2020,25.73305954825462
3567,4:04.67,Ulrike Bruns,GDR,1953-11-17,3,Roma,1981-09-04,244.67,1981,1980,27.797399041752225
3567,4:04.67,Cornelia Bürki,SUI,1953-10-03,1,Basel,1986-05-19,244.67,1986,1980,32.62422997946612
3567,4:04.67,Natalya Artyomova,RUS,1963-01-05,1,Sheffield,1991-09-15,244.67,1991,1990,28.692676249144423
3567,4:04.67,Olga Nelyubova,RUS,1964-06-12,1s1,Athínai,1997-08-03,244.67,1997,1990,33.14168377823409
3567,4:04.67,Lyudmila Vasilyeva,RUS,1969-10-20,2,Moskva,2001-07-27,244.67,2001,2000,31.76728268309377
3567,4:04.67,Iryna Lishchynska,UKR,1976-01-15,2,Hengelo,2002-06-02,244.67,2002,2000,26.379192334017795
3567,4:04.67,Nuria Fernández,ESP,1976-08-16,5,Heusden-Zolder,2014-07-19,244.67,2014,2010,37.921971252566735
3567,4:04.67A,Nancy Chepkwemoi,KEN,1993-10-08,3,Nairobi,2015-08-01,244.67,2015,2010,21.812457221081452
3567,4:04.67,Edinah Jebitok,KEN,2001-11-10,1,Huelva,2021-06-03,244.67,2021,2020,19.561943874058862
3567,4:04.67,Natalia Hawthorn,CAN,1995-01-12,1,Renton,2021-07-02,244.67,2021,2020,26.469541409993155
3577,4:04.68,Christine Benning,GBR,1955-03-30,5,Torino,1979-08-05,244.68,1979,1970,24.35044490075291
3577,4:04.68,Doina Melinte,ROU,1956-12-27,3,Basel,1980-05-26,244.68,1980,1980,23.411362080766597
3577,4:04.68,Viola Kibiwott,KEN,1985-12-22,4,Saint-Denis,2007-07-06,244.68,2007,2000,21.53593429158111
3577,4:04.68,Jessica Hull,AUS,1996-10-22,2h2,Eugene,2022-07-15,244.68,2022,2020,25.727583846680357
3577,4:04.68,Abbey Caldwell,AUS,2001-07-03,2,Brisbane,2023-04-01,244.68,2023,2020,21.744010951403148
3582,4:04.69,Vanya Stoyanova,BUL,1958-12-12,6,Sochi,1984-06-10,244.69,1984,1980,25.49486652977413
3582,4:04.69,Mihaela Stanescu,ROU,1959-04-05,5,Pitesti,1986-06-28,244.69,1986,1980,27.23066392881588
3582,4:04.69,Nikolina Shtereva,BUL,1955-01-21,1,Stara Zagora,1988-08-28,244.69,1988,1980,33.60164271047228
3582,4:04.69,Carla Sacramento,POR,1971-12-10,2s1,Athínai,1997-08-03,244.69,1997,1990,25.648186173853524
3582,4:04.69,Latifa Essarokh,FRA,1973-12-11,9,Saint-Denis,2004-07-23,244.69,2004,2000,30.614647501711158
3582,4:04.69,Purity Chepkirui,KEN,2003-02-14,1,Heusden-Zolder,2023-07-15,244.69,2023,2020,20.413415468856947
3588,4:04.7,Olga Dvirna,RUS,1953-02-11,1,Podolsk,1976-07-24,244.7,1976,1970,23.446954140999317
3588,4:04.7,Ileana Silai,ROU,1941-10-14,1,Bucuresti,1977-06-04,244.7,1977,1970,35.63860369609856
3588,4:04.7,Natalya Kuznetsova,RUS,1954-03-22,5,Dortmund,1978-07-01,244.7,1978,1970,24.27652292950034
3588,4:04.7,Lyudmila Veselkova,RUS,1950-10-25,6,Dortmund,1978-07-01,244.7,1978,1970,27.682409308692677
3588,4:04.7+,Zola Pieterse,GBR,1966-05-26,1,Edinburgh,1985-07-23,244.7,1985,1980,19.159479808350444
3588,4:04.70,Ileana Silai,ROU,1941-10-14,2h2,Moskva,1980-07-30,244.7,1980,1980,38.79260780287474
3588,4:04.70,Vesela Yatsinska,BUL,1951-01-16,6h1,Moskva,1980-07-30,244.7,1980,1980,29.53593429158111
3588,4:04.70,Christine Benning,GBR,1955-03-30,5,Los Angeles,1984-08-11,244.7,1984,1980,29.36892539356605
3588,4:04.70,Lyudmila Rogachova,RUS,1966-10-30,3,Moskva,1988-09-05,244.7,1988,1980,21.8507871321013
3588,4:04.70,Anita Weyermann,SUI,1977-12-08,3,Athínai,1997-08-05,244.7,1997,1990,19.65776865160849
3588,4:04.70,Kutre Dulecha,ETH,1978-08-22,3,Berlin,1998-09-01,244.7,1998,1990,20.027378507871322
3588,4:04.70,Laura Weightman,GBR,1991-01-07,6,Oslo,2015-06-11,244.7,2015,2010,24.424366872005475
3588,4:04.70,Susan Ejore-Sanders,KEN,1995-11-09,8,Ad-Dawhah,2024-05-10,244.7,2024,2020,28.501026694045173
3588,4:04.70,Helen Schlachtenhaufen,USA,1995-03-14,5,Turku,2025-06-17,244.7,2025,2020,30.261464750171115
3602,4:04.71,Natalya Artyomova,RUS,1963-01-05,2,Nice,1990-07-10,244.71,1990,1990,27.509924709103355
3602,4:04.71,Jennifer Simpson,USA,1986-08-23,5rA,Stockholm,2012-08-17,244.71,2012,2010,25.984941820670773
3602,4:04.71,Laura Muir,GBR,1993-05-09,6rA,Stockholm,2014-08-21,244.71,2014,2010,21.284052019164957
3605,4:04.72,Paula Ivan,ROU,1963-07-20,1,Moskva,1987-06-07,244.72,1987,1980,23.88227241615332
3605,4:04.72,Blandine Bitzner-Ducret,FRA,1965-12-01,6,Nice,1994-07-18,244.72,1994,1990,28.62696783025325
3605,4:04.72,Kutre Dulecha,ETH,1978-08-22,2,Moskva,1998-09-05,244.72,1998,1990,20.03832991101985
3605,4:04.72,Ana Amelia Menéndez,ESP,1972-03-17,8,Sevilla,1999-08-29,244.72,1999,1990,27.449691991786448
3605,4:04.72,Olga Nelyubova,RUS,1964-06-12,4,Sankt Peterburg,2000-06-18,244.72,2000,2000,36.016427104722794
3605,4:04.72,Zulema Fuentes-Pila,ESP,1977-05-25,10,Saint-Denis,2004-07-23,244.72,2004,2000,27.16221765913758
3605,4:04.72,Anna Alminova,RUS,1985-01-17,6,Tula,2006-06-15,244.72,2006,2000,21.4072553045859
3605,4:04.72,Rababe Arafi,MAR,1991-01-12,13,Firenze,2021-06-10,244.72,2021,2020,30.409308692676248
3605,4:04.72,Jemma Reekie,GBR,1998-03-06,5,Lausanne,2021-08-26,244.72,2021,2020,23.474332648870636
3605,4:04.72,Josette Andrews,USA,1995-12-15,3rA,Nashville,2022-06-05,244.72,2022,2020,26.472279260780287
3605,4:04.72,Margot Appleton,USA,2002-09-30,2h3,Eugene,2025-07-31,244.72,2025,2020,22.833675564681723
3616,4:04.73,Vesela Yatsinska,BUL,1951-01-16,9,Praha,1978-09-03,244.73,1978,1970,27.630390143737166
3616,4:04.73,Gabriella Dorio,ITA,1957-06-27,7,Helsinki,1983-08-14,244.73,1983,1980,26.130047912388775
3616,4:04.73,Ulrike Bruns,GDR,1953-11-17,1,Jena,1984-05-13,244.73,1984,1980,30.48596851471595
3616,4:04.73,Diana Richburg,USA,1963-07-02,1,Indianapolis,1985-06-16,244.73,1985,1980,21.95756331279945
3616,4:04.73,Gwen Griffiths,RSA,1967-08-30,7,Monaco,1993-08-07,244.73,1993,1990,25.93839835728953
3616,4:04.73,Irina Biryukova,RUS,1964-12-06,1,Saint-Denis,1997-06-02,244.73,1997,1990,32.48733744010951
3616,4:04.73,Lidia Chojecka,POL,1977-01-25,4,Berlin,1998-09-01,244.73,1998,1990,21.598904859685145
3616,4:04.73,Lyudmila Vasilyeva,RUS,1969-10-20,6,Berlin,2001-08-31,244.73,2001,2000,31.863107460643395
3616,4:04.73,Sarah Jamieson,AUS,1975-03-24,9,Roma,2004-07-02,244.73,2004,2000,29.27583846680356
3616,4:04.73,Shannon Rowbury,USA,1984-09-19,6,Rabat,2017-07-16,244.73,2017,2010,32.82135523613963
3616,4:04.73,Federica Del Buono,ITA,1994-12-12,4,Madrid,2024-06-21,244.73,2024,2020,29.52498288843258
3627,4:04.74,Natalia Marasescu,ROU,1952-10-03,9,Moskva,1980-08-01,244.74,1980,1980,27.82751540041068
3627,4:04.74,Svetlana Kitova,TJK,1960-06-25,6,Stuttgart,1986-08-31,244.74,1986,1980,26.182067077344286
3627,4:04.74,Patti Sue Plumer,USA,1962-04-27,7,Zürich,1992-08-19,244.74,1992,1990,30.313483915126625
3627,4:04.74,Angela Chalmers,CAN,1963-09-06,4,Göteborg,1995-08-09,244.74,1995,1990,31.923340177960302
3627,4:04.74,Bouchra Ghézielle,FRA,1979-05-19,7,Athínai,2006-07-03,244.74,2006,2000,27.123887748117728
3627,4:04.74,Treniere Moser,USA,1981-10-27,10,Eugene,2014-05-31,244.74,2014,2010,32.591375770020534
3627,4:04.74,Renata Plis,POL,1985-02-05,7,Oslo,2015-06-11,244.74,2015,2010,30.34360027378508
3627,4:04.74,Jennifer Simpson,USA,1986-08-23,1,Eugene,2016-07-10,244.74,2016,2010,29.880903490759753
3627,4:04.74+,Axumawit Embaye,ETH,1994-10-18,12,Oslo,2023-06-15,244.74,2023,2020,28.657084188911703
3627,4:04.74,Sintayehu Vissa,ITA,1996-07-29,13,Westwood,2024-05-18,244.74,2024,2020,27.802874743326488
3627,4:04.74,Heather MacLean,USA,1995-08-31,3h3,Eugene,2025-07-31,244.74,2025,2020,29.916495550992472
3627,4:04.74,Gesa Felicitas Krause,GER,1992-08-03,1r6,Pfungstadt,2026-06-13,244.74,2026,2020,33.8590006844627
3639,4:04.75,Ellen Kießling,GER,1968-02-17,5,Tokyo,1991-08-31,244.75,1991,1990,23.534565366187543
3639,4:04.75,Regina Jacobs,USA,1963-08-28,1h2,Sevilla,1999-08-27,244.75,1999,1990,35.997262149212865
3639,4:04.75,Olga Yegorova,RUS,1972-03-28,2,Moskva,2000-07-12,244.75,2000,2000,28.290212183436
3639,4:04.75,Jackline Maranga,KEN,1977-12-16,3,Rieti,2003-09-07,244.75,2003,2000,25.724845995893222
3639,4:04.75,Nuria Fernández,ESP,1976-08-16,6,Eugene,2009-06-07,244.75,2009,2000,32.80766598220397
3639,4:04.75,Kalkidan Gezahegne,ETH,1991-05-08,5s1,Berlin,2009-08-21,244.75,2009,2000,18.288843258042437
3639,4:04.75,Fanjanteino Félix,FRA,1980-01-26,1h1,Barcelona,2010-07-30,244.75,2010,2010,30.507871321013006
3639,4:04.75,Helen Obiri,KEN,1989-12-13,9,Zürich,2014-08-28,244.75,2014,2010,24.706365503080082
3639,4:04.75,Alexa Efraimson,USA,1997-02-20,6,Heusden-Zolder,2017-07-22,244.75,2017,2010,20.416153319644078
3639,4:04.75,Hailu Lemlem,ETH,2001-05-21,4,Chorzów,2020-09-06,244.75,2020,2020,19.29637234770705
3639,4:04.75,Georgia Griffith,AUS,1996-12-05,3,Stockholm,2022-06-30,244.75,2022,2020,25.56605065023956
3650,4:04.76,Judit Varga,HUN,1976-04-16,14,Roma,2002-07-12,244.76,2002,2000,26.236824093086927
3650,4:04.76,Hayley Tullett,GBR,1973-02-17,6,Zürich,2004-08-06,244.76,2004,2000,31.46611909650924
3650,4:04.76,Nancy Jebet Langat,KEN,1981-08-22,1,Rovereto,2004-09-08,244.76,2004,2000,23.04722792607803
3650,4:04.76,Lisa Dobriskey,GBR,1983-12-23,8,Monaco,2011-07-22,244.76,2011,2010,27.578370978781656
3650,4:04.76,Nicole Sifuentes,CAN,1986-06-30,1,San Diego,2012-06-20,244.76,2012,2010,25.973990417522245
3650,4:04.76,Morgan Uceny,USA,1985-03-10,12,Saint-Denis,2014-07-05,244.76,2014,2010,29.319644079397673
3650,4:04.76,Kate Grace,USA,1988-10-24,7h1,London,2017-08-04,244.76,2017,2010,28.777549623545518
3650,4:04.76,Meraf Bahta,SWE,1989-06-24,9,London,2017-08-07,244.76,2017,2010,28.12046543463381
3650,4:04.76,Aleksandra Gulyayeva,RUS,1994-04-30,1,Zhukovskiy,2018-06-30,244.76,2018,2010,24.16700889801506
3650,4:04.76,Marta Pérez,ESP,1993-04-19,7h1,Tokyo,2021-08-02,244.76,2021,2020,28.28747433264887
3650,4:04.76,Federica Del Buono,ITA,1994-12-12,4rA,Padova,2023-09-03,244.76,2023,2020,28.725530458590008
3650,4:04.76,Nathalie Blomqvist,FIN,2001-04-20,4,Tomblaine,2024-05-25,244.76,2024,2020,23.096509240246405
3650,4:04.76,Shelby Houlihan,USA,1993-02-08,5r1,Eagle Rock,2025-05-24,244.76,2025,2020,32.28747433264887
3650,4:04.76,Bérénice Cleyet-Merle,FRA,1994-10-24,14,Rabat,2026-05-31,244.76,2026,2020,31.600273785078713
3664,4:04.77,Olga Kuzyukova,RUS,1953-03-17,9,Leningrad,1983-07-26,244.77,1983,1980,30.357289527720738
3664,4:04.77,Olga Komyagina,RUS,1974-02-10,6rA,Tula,2003-08-10,244.77,2003,2000,29.49486652977413
3664,4:04.77,Kelly Holmes,GBR,1970-04-19,2s2,Athínai,2004-08-26,244.77,2004,2000,34.35455167693361
3664,4:04.77,Gelete Burka,ETH,1986-01-23,8,Helsinki,2005-08-14,244.77,2005,2000,19.5564681724846
3664,4:04.77,Sarah Jamieson,AUS,1975-03-24,5,Monaco,2007-07-25,244.77,2007,2000,32.336755646817245
3664,4:04.77,Amela Terzic,SRB,1993-01-02,1,Tallinn,2015-07-12,244.77,2015,2010,22.521560574948666
3664,4:04.77,Laura Weightman,GBR,1991-01-07,10,Zürich,2016-09-01,244.77,2016,2010,25.650924024640656
3671,4:04.78,Yekaterina Podkopayeva,RUS,1952-06-11,4,Donetsk,1984-09-09,244.78,1984,1980,32.24640657084189
3671,4:04.78,Viorica Ghican,ROU,1965-06-09,1,Bucuresti,1989-06-03,244.78,1989,1980,23.983572895277206
3671,4:04.78,Patti Sue Plumer,USA,1962-04-27,4,Nice,1992-07-05,244.78,1992,1990,30.190280629705683
3671,4:04.78,Lyudmila Borisova,RUS,1966-03-08,5,Göteborg,1995-08-09,244.78,1995,1990,29.420944558521562
3671,4:04.78,Yekaterina Podkopayeva,RUS,1952-06-11,4,Bruxelles,1996-08-23,244.78,1996,1990,44.199863107460644
3671,4:04.78,Naomi Mugo,KEN,1977-01-02,6,Oslo,1998-07-09,244.78,1998,1990,21.51403148528405
3671,4:04.78,Daniela Yordanova,BUL,1976-03-08,1,Sofia,2001-05-27,244.78,2001,2000,25.218343600273784
3671,4:04.78,Natalya Tobias,UKR,1980-11-22,2,Rieti,2004-09-05,244.78,2004,2000,23.786447638603697
3671,4:04.78,Renata Plis,POL,1985-02-05,10,Eugene,2015-05-30,244.78,2015,2010,30.310746064339494
3671,4:04.78,Lemlem Hailu,ETH,2001-05-25,12,Roma,2019-06-06,244.78,2019,2010,18.031485284052017
3671,4:04.78,Aurore Fleury,FRA,1993-12-04,11,Rabat,2022-06-05,244.78,2022,2020,28.501026694045173
3671,4:04.78,Km Deeksha,IND,1999-01-01,3r1,Los Angeles,2024-05-11,244.78,2024,2020,25.357973990417523
3683,4:04.79,Kelly Holmes,GBR,1970-04-19,1,München,1997-06-22,244.79,1997,1990,27.175906913073238
3683,4:04.79,Carla Sacramento,POR,1971-12-10,3,Oslo,2001-07-13,244.79,2001,2000,29.590691307323752
3683,4:04.79,Naomi Mugo,KEN,1977-01-02,4,Rieti,2003-09-07,244.79,2003,2000,26.677618069815196
3683,4:04.79,Irene Jelagat,KEN,1988-12-10,7,Roma,2011-05-26,244.79,2011,2010,22.455852156057496
3683,4:04.79,Siham Hilali,MAR,1986-05-02,6s2,London,2012-08-08,244.79,2012,2010,26.269678302532512
3683,4:04.79,Abbey Caldwell,AUS,2001-07-03,1,Sydney,2022-03-05,244.79,2022,2020,20.670773442847366
3683,4:04.79,Abbey Caldwell,AUS,2001-07-03,3,Birmingham,2022-08-07,244.79,2022,2020,21.09514031485284
3683,4:04.79,Elise Vanderelst,BEL,1998-01-27,5,Madrid,2024-06-21,244.79,2024,2020,26.39835728952772
3683,4:04.79,Helen Schlachtenhaufen,USA,1995-03-14,6,Zagreb,2024-09-08,244.79,2024,2020,29.489390828199863
3683,4:04.79,Faith Kipyegon,KEN,1994-01-10,1,New York City,2024-09-26,244.79,2024,2020,30.71047227926078
3683,4:04.79,Gaia Sabbatini,ITA,1999-06-10,7rA,Tomblaine,2025-07-04,244.79,2025,2020,26.067077344284737
3683,4:04.79,Soukaina Hajji,MAR,1997-02-04,15,Rabat,2026-05-31,244.79,2026,2020,29.31690622861054
3695,4:04.8,Zamira Zaytseva,UZB,1953-02-16,1,Berkeley,1978-07-07,244.8,1978,1970,25.385352498288842
3695,4:04.8,Vesela Yatsinska,BUL,1951-01-16,2,Sofia,1979-07-27,244.8,1979,1970,28.525667351129364
3695,4:04.8+,Ruth Wysocki,USA,1957-03-08,1,London,1984-09-07,244.8,1984,1980,27.50171115674196
3695,4:04.8,Nadezhda Olizarenko,UKR,1953-11-28,2,Vladivostok,1988-09-13,244.8,1988,1980,34.79260780287474
3695,4:04.8,Natalya Artyomova,RUS,1963-01-05,3,Vladivostok,1988-09-13,244.8,1988,1980,25.689253935660506
3695,4:04.8,Asli Cakir Alptekin,TUR,1985-08-20,1,Izmir,2010-06-29,244.8,2010,2010,24.856947296372347
3695,4:04.80,Grete Waitz,NOR,1953-10-01,8s1,Montréal,1976-07-29,244.8,1976,1970,22.82546201232033
3695,4:04.80,Brigitte Kraus,FRG,1956-08-12,2,Bruxelles,1979-09-04,244.8,1979,1970,23.06091718001369
3695,4:04.80,Paula Schnurr,CAN,1964-01-15,8s2,Barcelona,1992-08-06,244.8,1992,1990,28.55852156057495
3695,4:04.80,Maite Zúñiga,ESP,1964-12-28,4,Athínai,1997-08-05,244.8,1997,1990,32.602327173169066
3695,4:04.80,Regina Jacobs,USA,1963-08-28,14,Monaco,1998-08-08,244.8,1998,1990,34.945927446954144
3695,4:04.80,Tatyana Tomashova,RUS,1975-07-01,5,Sankt Peterburg,2000-06-18,244.8,2000,2000,24.966461327857633
3695,4:04.80,Simona Vrzalová,CZE,1988-04-07,3,Ostrava,2018-06-13,244.8,2018,2010,30.182067077344286
3695,4:04.80,Shannon Osika,USA,1993-06-15,6,Des Moines,2019-07-27,244.8,2019,2010,26.11362080766598
3695,4:04.80,Winnie Nanyondo,UGA,1993-08-23,8,Zürich,2021-09-09,244.8,2021,2020,28.046543463381244
3695,4:04.80,Rachel McArthur,USA,1999-08-04,4h3,Eugene,2025-07-31,244.8,2025,2020,25.99041752224504
3712,4:04.81,Sheila Carey,GBR,1946-08-12,5,München,1972-09-09,244.81,1972,1970,26.078028747433265
3712,4:04.81,Doina Melinte,ROU,1956-12-27,3,Bucuresti,1981-06-19,244.81,1981,1980,24.476386036960985
3712,4:04.81,Darlene Beckford,USA,1961-10-09,4,Lausanne,1985-07-10,244.81,1985,1980,23.750855578370977
3712,4:04.81,Meskerem Legesse,ETH,1986-09-28,4,Ostrava,2004-06-08,244.81,2004,2000,17.694729637234772
3712,4:04.81,Corinna Harrer,GER,1991-01-19,2,Hengelo,2012-05-27,244.81,2012,2010,21.352498288843258
3712,4:04.81,Mimi Belete,BRN,1988-06-09,6,Roma,2013-06-06,244.81,2013,2010,24.99110198494182
3712,4:04.81,Lisa Dobriskey,GBR,1983-12-23,1,Szczecin,2013-06-15,244.81,2013,2010,29.478439425051334
3712,4:04.81,Eleanor Fulton,USA,1993-05-17,5,Cork,2025-07-11,244.81,2025,2020,32.15058179329227
3720,4:04.82,Helen Clitheroe,GBR,1974-01-02,2rA,Barcelona,2000-07-25,244.82,2000,2000,26.559890485968516
3720,4:04.82,Sarah Jamieson,AUS,1975-03-24,1,Luzern,2004-06-09,244.82,2004,2000,29.21286789869952
3720,4:04.82,Helen Clitheroe,GBR,1974-01-02,3,Rieti,2004-09-05,244.82,2004,2000,30.67488021902806
3720,4:04.82,Natalia Rodríguez,ESP,1979-06-02,1,Madrid,2009-07-04,244.82,2009,2000,30.088980150581794
3720,4:04.82,Nikki Hamblin,NZL,1988-05-20,7,Barcelona,2011-07-22,244.82,2011,2010,23.170431211498972
3720,4:04.82,Zoe Buckman,AUS,1988-12-21,1s1,Moskva,2013-08-13,244.82,2013,2010,24.643394934976044
3720,4:04.82,Nicole Sifuentes,CAN,1986-06-30,6,Berlin,2017-08-27,244.82,2017,2010,31.159479808350444
3720,4:04.82,Julie-Anne Staehli,CAN,1993-12-21,6,Trabuco Hills,2021-07-18,244.82,2021,2020,27.572895277207394
3720,4:04.82,Ludovica Cavalli,ITA,2000-12-20,8,Rabat,2023-05-28,244.82,2023,2020,22.43394934976044
3720,4:04.82,Areri Genale,ETH,2007-04-16,3,Nice,2025-05-31,244.82,2025,2020,18.12457221081451
3730,4:04.83,Ilinca Oprtita,ROU,1964-01-02,2,Bucuresti,1987-05-23,244.83,1987,1980,23.38672142368241
3730,4:04.83,Svetlana Masterkova,RUS,1968-01-17,2h2,Sevilla,1999-08-27,244.83,1999,1990,31.60848733744011
3730,4:04.83,Daniela Yordanova,BUL,1976-03-08,7s1,Saint-Denis,2003-08-29,244.83,2003,2000,27.474332648870636
3730,4:04.83,Lidia Chojecka,POL,1977-01-25,3s2,Athínai,2004-08-26,244.83,2004,2000,27.583846680355922
3730,4:04.83,Lidia Chojecka,POL,1977-01-25,8,Roma,2009-07-10,244.83,2009,2000,32.45448323066393
3730,4:04.83,Siham Hilali,MAR,1986-05-02,7r1,Rieti,2011-09-10,244.83,2011,2010,25.357973990417523
3730,4:04.83,Faith Kipyegon,KEN,1994-01-10,2s1,Moskva,2013-08-13,244.83,2013,2010,19.589322381930184
3730,4:04.83,Irene Jelagat,KEN,1988-12-10,7,Hengelo,2014-06-08,244.83,2014,2010,25.492128678986994
3730,4:04.83+,Emma Coburn,USA,1990-10-19,2,Marion,2020-07-15,244.83,2020,2020,29.738535249828885
3730,4:04.83,Sifan Hassan,NED,1993-01-01,5,Hengelo,2024-07-07,244.83,2024,2020,31.512662559890487
3730,4:04.83,Joceline Wind,SUI,2000-09-12,3rA,Marseille,2025-07-13,244.83,2025,2020,24.83230663928816
3741,4:04.84+,Mary Slaney,USA,1958-08-04,1,London,1983-09-09,244.84,1983,1980,25.097878165639973
3741,4:04.84,Li Jingnan,CHN,1983-02-17,2,Saint-Denis,2000-06-23,244.84,2000,2000,17.347022587268995
3741,4:04.84,Lidia Chojecka,POL,1977-01-25,2,Annecy,2002-06-23,244.84,2002,2000,25.4072553045859
3741,4:04.84,Marta Domínguez,ESP,1975-11-03,2,Madrid,2009-07-04,244.84,2009,2000,33.667351129363446
3741,4:04.84,Isabel Macías,ESP,1984-08-11,10,Saint-Denis,2012-07-06,244.84,2012,2010,27.901437371663246
3741,4:04.84,Gabrielle Anderson,USA,1986-06-25,1,Lignano Sabbiadoro,2012-07-17,244.84,2012,2010,26.06160164271047
3741,4:04.84,Helen Obiri,KEN,1989-12-13,2,New York City,2013-05-25,244.84,2013,2010,23.446954140999317
3741,4:04.84,Julia Heymach,USA,1998-11-20,6,Eugene,2021-06-21,244.84,2021,2020,22.584531143052704
3749,4:04.85,Yevgeniya Sitnikova,RUS,,3,Kyiv,1983-08-27,244.85,1983,1980,
3749,4:04.85,Ulrike Bruns,GDR,1953-11-17,1,Dresden,1986-08-17,244.85,1986,1980,32.747433264887064
3749,4:04.85,Anita Weyermann,SUI,1977-12-08,1,Luzern,1997-06-24,244.85,1997,1990,19.54277891854894
3749,4:04.85,Kristina da Fonseca-Wöllheim,GER,1972-02-10,1,Dortmund,1998-06-07,244.85,1998,1990,26.321697467488022
3749,4:04.85,Regina Jacobs,USA,1963-08-28,1r1,Palo Alto,2001-06-09,244.85,2001,2000,37.782340862423
3749,4:04.85,Carmen Douma-Hussar,CAN,1977-03-12,1,Hengelo,2004-05-31,244.85,2004,2000,27.21971252566735
3749,4:04.85,Bertukan Feyisa,ETH,1991-07-04,1,Brazzaville,2011-06-12,244.85,2011,2010,19.939767282683093
3749,4:04.85+,Simona Vrzalová,CZE,1988-04-07,11,London,2018-07-22,244.85,2018,2010,30.288843258042437
3749,4:04.85,Heather MacLean,USA,1995-08-31,6r1,Irvine,2021-05-15,244.85,2021,2020,25.7056810403833
3749,4:04.85,Freweyni Hailu,ETH,2001-02-12,3h2,Eugene,2022-07-15,244.85,2022,2020,21.418206707734427
3759,4:04.86,Heike Oehme,GER,1963-11-11,2,Dresden,1986-08-17,244.86,1986,1980,22.765229295003422
3759,4:04.86,Claudette Groenendaal,USA,1963-11-01,4,Köln,1986-08-17,244.86,1986,1980,22.792607802874745
3759,4:04.86,Lynn Williams,CAN,1960-07-11,1,Burnaby,1989-06-10,244.86,1989,1980,28.914442162902123
3759,4:04.86,Yuliya Kosenkova,RUS,1973-03-28,7,Roma,2000-06-30,244.86,2000,2000,27.2580424366872
3759,4:04.86,Judit Varga,HUN,1976-04-16,5,Oslo,2002-06-28,244.86,2002,2000,26.198494182067076
3759,4:04.86,Nelya Neporadnaya,UKR,1985-07-29,11,Saint-Denis,2004-07-23,244.86,2004,2000,18.98425735797399
3759,4:04.86,Natalya Pantelyeva,RUS,1983-08-18,1,Thessaloníki,2006-07-24,244.86,2006,2000,22.93223819301848
3759,4:04.86,Iris María Fuentes-Pila,ESP,1980-08-10,8,Beijing,2008-08-23,244.86,2008,2000,28.035592060232716
3759,4:04.86,Brenda Martinez,USA,1987-09-08,1rA,Walnut,2013-04-19,244.86,2013,2010,25.61259411362081
3759,4:04.86,Danielle Jones,USA,1996-08-21,7r1,Irvine,2021-05-15,244.86,2021,2020,24.73100616016427
3759,4:04.86,Elise Vanderelst,BEL,1998-01-27,11s2,Tokyo,2021-08-04,244.86,2021,2020,23.51813826146475
3759,4:04.86,Hiwot Mehari,ETH,2002-08-27,5,Montreuil,2022-06-02,244.86,2022,2020,19.76454483230664
3759,4:04.86,Whittni Morgan,USA,1997-10-22,4,Portland,2022-06-11,244.86,2022,2020,24.635181382614647
3772,4:04.87,Heike Oehme,GER,1963-11-11,2,Düsseldorf,1988-06-20,244.87,1988,1980,24.607802874743328
3772,4:04.87,Angela Chalmers,CAN,1963-09-06,6s1,Barcelona,1992-08-06,244.87,1992,1990,28.917180013689254
3772,4:04.87,Maria Cioncan,ROU,1977-06-19,1,Bucuresti,2004-08-07,244.87,2004,2000,27.134839151266256
3772,4:04.87,Siham Hilali,MAR,1986-05-02,10,Saint-Denis,2010-07-16,244.87,2010,2010,24.205338809034906
3772,4:04.87,Janeth Jepkosgei,KEN,1983-12-13,8,Roma,2011-05-26,244.87,2011,2010,27.449691991786448
3772,4:04.87,Morgan Uceny,USA,1985-03-10,7,New York City,2014-06-14,244.87,2014,2010,29.2621492128679
3772,4:04.87,Nicole Sifuentes,CAN,1986-06-30,13,Saint-Denis,2014-07-05,244.87,2014,2010,28.01368925393566
3772,4:04.87,Gabriela DeBues-Stafford,CAN,1995-09-13,11,Roma,2017-06-08,244.87,2017,2010,21.73579739904175
3772,4:04.87,Bérénice Cleyet-Merle,FRA,1994-10-24,11,Rabat,2025-05-25,244.87,2025,2020,30.584531143052704
3781,4:04.88,Doina Melinte,ROU,1956-12-27,5,Köln,1983-08-28,244.88,1983,1980,26.666666666666668
3781,4:04.88,Fita Lovin,ROU,1951-01-14,1,Formia,1984-06-30,244.88,1984,1980,33.45927446954141
3781,4:04.88,Elly van Hulst,NED,1959-06-09,3,Nice,1988-07-10,244.88,1988,1980,29.086926762491444
3781,4:04.88,Lyubov Kremlyova,RUS,1961-12-21,2,Nice,1993-07-21,244.88,1993,1990,31.581108829568787
3781,4:04.88,Hassiba Boulmerka,ALG,1968-07-10,2,Bruxelles,1994-08-19,244.88,1994,1990,26.10814510609172
3781,4:04.88,Anita Weyermann,SUI,1977-12-08,3h2,Sevilla,1999-08-27,244.88,1999,1990,21.71663244353183
3781,4:04.88,Meskerem Legesse,ETH,1986-09-28,3,Bergen,2004-06-11,244.88,2004,2000,17.702943189596166
3781,4:04.88,Christin Wurth-Thomas,USA,1980-07-11,3r2,Eugene,2008-06-08,244.88,2008,2000,27.90965092402464
3781,4:04.88,Yelena Zadorozhnaya,RUS,1977-12-03,2,Irkutsk,2008-08-02,244.88,2008,2000,30.663928815879533
3781,4:04.88,Christin Wurth-Thomas,USA,1980-07-11,2,Hengelo,2010-05-30,244.88,2010,2010,29.883641341546884
3781,4:04.88,Laura Weightman,GBR,1991-01-07,3,Hengelo,2012-05-27,244.88,2012,2010,21.385352498288842
3781,4:04.88,Helen Obiri,KEN,1989-12-13,1,Des Moines,2014-04-25,244.88,2014,2010,24.36413415468857
3781,4:04.88,Amanda Eccleston,USA,1990-06-18,1,Padova,2016-07-17,244.88,2016,2010,26.080766598220396
3781,4:04.88,Marta Pérez,ESP,1993-04-19,4rA,Madrid,2018-06-22,244.88,2018,2010,25.17453798767967
3781,4:04.88,Linden Hall,AUS,1991-06-20,3rA,Barcelona,2018-07-11,244.88,2018,2010,27.058179329226558
3796,4:04.89,Linda Sheskey,USA,1962-10-18,3,Paris,1987-07-16,244.89,1987,1980,24.7419575633128
3796,4:04.89,Violeta Szekely,ROU,1965-03-26,3,Monaco,1991-08-03,244.89,1991,1990,26.354551676933607
3796,4:04.89,Lyudmila Rogachova,RUS,1966-10-30,1,Lausanne,1992-07-08,244.89,1992,1990,25.689253935660506
3796,4:04.89+,Sonia O'Sullivan,IRL,1969-11-28,,Zürich,1994-08-17,244.89,1994,1990,24.71731690622861
3796,4:04.89,Yelena Zadorozhnaya,RUS,1977-12-03,2,Tula,2001-07-13,244.89,2001,2000,23.60848733744011
3796,4:04.89,Nicole Teter,USA,1973-11-08,6,Oslo,2002-06-28,244.89,2002,2000,28.635181382614647
3796,4:04.89,Irene Jelagat,KEN,1988-12-10,2,Ad-Dawhah,2011-05-06,244.89,2011,2010,22.401095140314855
3796,4:04.89,Besu Sado,ETH,1996-01-12,4,Stockholm,2016-06-16,244.89,2016,2010,20.427104722792606
3796,4:04.89,Claudia Mihaela Bobocea,ROU,1992-06-11,1rA,Sollentuna,2022-06-12,244.89,2022,2020,30.001368925393567
3805,4:04.9,Totka Petrova,BUL,1956-12-17,1,Sofia,1979-06-30,244.9,1979,1970,22.532511978097194
3805,4:04.9,Maricica Puica,ROU,1950-07-29,3,Athínai,1979-08-11,244.9,1979,1970,29.034907597535934
3805,4:04.9,Svetlana Ulmasova,UZB,1953-02-04,10,Moskva,1980-06-12,244.9,1980,1980,27.351129363449694
3805,4:04.9,Yelena Sipatova,RUS,1955-06-07,4h3,Moskva,1980-07-04,244.9,1980,1980,25.075975359342916
3805,4:04.9,Valentina Ilyinykh,RUS,1956-12-12,10,Moskva,1980-07-06,244.9,1980,1980,23.564681724845997
3805,4:04.9,Lyudmila Veselkova,RUS,1950-10-25,1,La Coruña,1982-06-12,244.9,1982,1980,31.630390143737166
3805,4:04.9,Lyudmila Veselkova,RUS,1950-10-25,2,Tallinn,1984-06-28,244.9,1984,1980,33.67556468172484
3805,4:04.9,Tatyana Dorovskikh,UKR,1961-08-12,1,Tallinn,1985-08-11,244.9,1985,1980,23.99726214921287
3805,4:04.90,Alla Yushina,RUS,1958-08-20,4,Kyiv,1981-08-26,244.9,1981,1980,23.017111567419576
3805,4:04.90,Doina Melinte,ROU,1956-12-27,1,Köln,1990-08-19,244.9,1990,1990,33.64271047227926
3805,4:04.90,Tatyana Tomashova,RUS,1975-07-01,1,Cheboksary,2002-07-11,244.9,2002,2000,27.028062970568104
3805,4:04.90,Yelena Soboleva,RUS,1982-10-03,12,Rieti,2005-08-28,244.9,2005,2000,22.902121834360027
3805,4:04.90,Sofia Ennaoui,POL,1995-08-30,2,Tallinn,2015-07-12,244.9,2015,2010,19.865845311430526
3805,4:04.90,Yelena Korobkina,RUS,1990-11-25,1,Zhukovskiy,2017-07-30,244.9,2017,2010,26.677618069815196
3805,4:04.90,Axumawit Embaye,ETH,1994-10-18,2,Chorzów,2018-06-08,244.9,2018,2010,23.638603696098563
3805,4:04.90,Hanna Klein,GER,1993-04-06,4,Ostrava,2020-09-08,244.9,2020,2020,27.42505133470226
3805,4:04.90,Eliza Megger,POL,1999-08-29,13rA,Ostrava,2022-05-31,244.9,2022,2020,22.754277891854894
3805,4:04.90,Ellie Baker,GBR,1998-06-03,8h2,München,2022-08-16,244.9,2022,2020,24.202600958247775
3823,4:04.91,Mary Slaney,USA,1958-08-04,1,Eugene,1980-06-29,244.91,1980,1980,21.90280629705681
3823,4:04.91,Gabriella Dorio,ITA,1957-06-27,3h2,Moskva,1980-07-30,244.91,1980,1980,23.091033538672143
3823,4:04.91,Anzhela Romanova,MDA,1961-05-06,3,Odessa,1983-09-08,244.91,1983,1980,22.340862422997947
3823,4:04.91,Svetlana Kitova,TJK,1960-06-25,2,Leningrad,1986-06-08,244.91,1986,1980,25.95208761122519
3823,4:04.91,Natalia Rodríguez,ESP,1979-06-02,4s2,Athínai,2004-08-26,244.91,2004,2000,25.234770704996578
3823,4:04.91,Elena Antoci,ROU,1975-01-16,3,Kalamáta,2008-06-04,244.91,2008,2000,33.38261464750171
3823,4:04.91,Nuria Fernández,ESP,1976-08-16,4,Berlin,2009-08-23,244.91,2009,2000,33.01848049281314
3823,4:04.91,Oksana Zbrozhek,RUS,1978-01-12,7,Barcelona,2010-08-01,244.91,2010,2010,32.550308008213555
3823,4:04.91,Cory Ann McGee,USA,1992-05-29,14,Eugene,2024-05-25,244.91,2024,2020,31.98904859685147
3823,4:04.91,Gesa Felicitas Krause,GER,1992-08-03,3rA,Trier,2025-09-02,244.91,2025,2020,33.08145106091718
3833,4:04.92,Mary Slaney,USA,1958-08-04,1,San José,1991-05-25,244.92,1991,1990,32.80492813141684
3833,4:04.92,Yekaterina Podkopayeva,RUS,1952-06-11,1,Sankt Peterburg,1994-07-25,244.92,1994,1990,42.119096509240244
3833,4:04.92,Violeta Szekely,ROU,1965-03-26,8,Roma,2000-06-30,244.92,2000,2000,35.26351813826147
3833,4:04.92,Lidia Chojecka,POL,1977-01-25,4,Bergen,2004-06-11,244.92,2004,2000,27.37577002053388
3833,4:04.92,Ingvill Måkestad Bovim,NOR,1981-08-07,11,Stockholm,2010-08-06,244.92,2010,2010,28.996577686516083
3833,4:04.92,Maureen Koster,NED,1992-03-07,8,Hengelo,2014-06-08,244.92,2014,2010,22.253251197809718
3833,4:04.92,Aleksandra Gulyayeva,RUS,1994-04-30,1,Cheboksary,2019-07-27,244.92,2019,2010,25.240246406570844
3833,4:04.92,Shannon Osika,USA,1993-06-15,2,Minsk,2019-09-10,244.92,2019,2010,26.236824093086927
3833,4:04.92,Hawi Abera,ETH,2006-12-17,12,Rabat,2025-05-25,244.92,2025,2020,18.43668720054757
3833,4:04.92,Sarah Madeleiene,FRA,1998-09-20,4,Nice,2025-05-31,244.92,2025,2020,26.694045174537987
3833,4:04.92,Margot Appleton,USA,2002-09-30,6rA,Stockholm,2026-06-07,244.92,2026,2020,23.685147159479808
3844,4:04.93,Tatyana Kazankina,RUS,1951-12-17,1,Warszawa,1976-08-20,244.93,1976,1970,24.67624914442163
3844,4:04.93,Kutre Dulecha,ETH,1978-08-22,4h2,Sevilla,1999-08-27,244.93,1999,1990,21.013004791238878
3844,4:04.93,Tiffany McWilliams,USA,1982-10-20,2h1,Indianapolis,2007-06-21,244.93,2007,2000,24.66803559206023
3844,4:04.93,Nelly Jepkosgei,BRN,1991-07-14,7,Rabat,2017-07-16,244.93,2017,2010,26.00684462696783
3844,4:04.93,Zoe Buckman,AUS,1988-12-21,8,Rabat,2017-07-16,244.93,2017,2010,28.566735112936346
3844,4:04.93,Laura Muir,GBR,1993-05-09,3,Roma,2022-06-09,244.93,2022,2020,29.084188911704313
3844,4:04.93,Danielle Jones,USA,1996-08-21,3,Bydgoszcz,2025-05-30,244.93,2025,2020,28.772073921971252
3844,4:04.93,Gaia Sabbatini,ITA,1999-06-10,3h1,Tokyo,2025-09-13,244.93,2025,2020,26.261464750171115
3852,4:04.94,Maria Radu,ROU,1959-05-25,3,Bucuresti,1982-07-31,244.94,1982,1980,23.184120465434635
3852,4:04.94,Nadezhda Olizarenko,UKR,1953-11-28,6,Rieti,1984-09-02,244.94,1984,1980,30.76249144421629
3852,4:04.94,Susan Sirma,KEN,1966-05-26,1h1,Tokyo,1991-08-29,244.94,1991,1990,25.259411362080765
3852,4:04.94,Elena Antoci,ROU,1975-01-16,1,Bucuresti,2000-08-06,244.94,2000,2000,25.555099247091032
3852,4:04.94,Daniela Yordanova,BUL,1976-03-08,5s2,Athínai,2004-08-26,244.94,2004,2000,28.468172484599588
3852,4:04.94,Christin Wurth-Thomas,USA,1980-07-11,2,Carson,2008-05-18,244.94,2008,2000,27.852156057494867
3852,4:04.94,Rababe Arafi,MAR,1991-01-12,4,Shanghai,2017-05-13,244.94,2017,2010,26.33264887063655
3852,4:04.94,Alemaz Samuel,ETH,1999-07-05,6,Hengelo,2017-06-11,244.94,2017,2010,17.935660506502394
3852,4:04.94,Elinor St. Pierre,USA,1995-02-20,4h2,Eugene,2022-07-15,244.94,2022,2020,27.397672826830938
3852,4:04.94,Sage Hurta-Klecker,USA,1998-06-23,1,Luzern,2022-08-30,244.94,2022,2020,24.186173853524984
3852,4:04.94,Revee Walcott-Nolan,GBR,1995-03-06,1,Watford,2023-08-23,244.94,2023,2020,28.465434633812457
3852,4:04.94,Axumawit Embaye,ETH,1994-10-18,12,Xiamen,2024-04-20,244.94,2024,2020,29.505817932922657
3852,4:04.94,Marta Pérez,ESP,1993-04-19,6h3,Saint-Denis,2024-08-06,244.94,2024,2020,31.299110198494184
3865,4:04.95,Mestawet Tadesse,ETH,1985-07-19,1,Roma,2005-07-08,244.95,2005,2000,19.969883641341546
3865,4:04.95,Olga Yegorova,RUS,1972-03-28,1,Madrid,2005-07-16,244.95,2005,2000,33.30047912388775
3865,4:04.95,Natalia Rodríguez,ESP,1979-06-02,2h1,Barcelona,2010-07-30,244.95,2010,2010,31.159479808350444
3865,4:04.95,Lucia Stafford,CAN,1998-08-17,4rA,Eagle Rock,2025-07-12,244.95,2025,2020,26.902121834360027
3869,4:04.96,Svetlana Kitova,TJK,1960-06-25,4,Moskva,1988-09-05,244.96,1988,1980,28.197125256673512
3869,4:04.96,Yelena Romanova,RUS,1963-03-20,5,Moskva,1988-09-05,244.96,1988,1980,25.464750171115675
3869,4:04.96,Malika Akkaoui,MAR,1987-12-25,4,Daegu,2011-05-12,244.96,2011,2010,23.378507871321013
3869,4:04.96,Faith Kipyegon,KEN,1994-01-10,1,Barcelona,2012-07-15,244.96,2012,2010,18.510609171800137
3869,4:04.96,Jennifer Simpson,USA,1986-08-23,1,Sacramento,2014-06-29,244.96,2014,2010,27.849418206707735
3869,4:04.96,Tigist Ketema,ETH,1998-09-15,6,Stockholm,2021-07-04,244.96,2021,2020,22.80082135523614
3869,4:04.96,Gaia Sabbatini,ITA,1999-06-10,10,Monaco,2022-08-10,244.96,2022,2020,23.16769336071184
3869,4:04.96,Agathe Guillemot,FRA,1999-07-11,9,Ostrava,2023-06-27,244.96,2023,2020,23.96167008898015
3869,4:04.96+,Saron Berhe,ETH,2007-08-22,11,Eugene,2026-07-04,244.96,2026,2020,18.86652977412731
3878,4:04.97,Lilyana Tomova,BUL,1946-08-09,2,Roma,1974-09-08,244.97,1974,1970,28.082135523613964
3878,4:04.97,Ana Padurean,ROU,1969-09-05,1,Bucuresti,1987-06-13,244.97,1987,1980,17.76865160848734
3878,4:04.97,Mitica Constantin,ROU,1962-08-18,2,Berlin,1988-08-26,244.97,1988,1980,26.023271731690624
3878,4:04.97,Lyubov Kremlyova,RUS,1961-12-21,1,Bryansk,1990-08-12,244.97,1990,1990,28.640657084188913
3878,4:04.97,Maria Mutola,MOZ,1972-10-27,3,Nice,1993-07-21,244.97,1993,1990,20.73100616016427
3878,4:04.97,Sonia O'Sullivan,IRL,1969-11-28,2,Sankt Peterburg,1994-07-25,244.97,1994,1990,24.654346338124572
3878,4:04.97,Regina Jacobs,USA,1963-08-28,3s1,Athínai,1997-08-03,244.97,1997,1990,33.93292265571527
3878,4:04.97,Leah Pells,CAN,1964-11-09,1,Vancouver,1999-07-10,244.97,1999,1990,34.66392881587954
3878,4:04.97,Elena Antoci,ROU,1975-01-16,5h2,Sevilla,1999-08-27,244.97,1999,1990,24.61054072553046
3878,4:04.97,Yelena Zadorozhnaya,RUS,1977-12-03,2,Oslo,2003-06-27,244.97,2003,2000,25.56331279945243
3878,4:04.97,Natalya Tobias,UKR,1980-11-22,1,Kyiv,2004-05-29,244.97,2004,2000,23.515400410677618
3878,4:04.97,Gelete Burka,ETH,1986-01-23,1,Hengelo,2005-05-29,244.97,2005,2000,19.345653661875428
3878,4:04.97,Iryna Lishchynska,UKR,1976-01-15,1rA,Kyiv,2008-07-01,244.97,2008,2000,32.459958932238195
3878,4:04.97,Siham Hilali,MAR,1986-05-02,9,Roma,2011-05-26,244.97,2011,2010,25.065023956194388
3878,4:04.97,Lisa Dobriskey,GBR,1983-12-23,1,London,2011-08-06,244.97,2011,2010,27.619438740588638
3878,4:04.97,Malika Akkaoui,MAR,1987-12-25,1,Sotteville-lès-Rouen,2013-07-08,244.97,2013,2010,25.53593429158111
3878,4:04.97A,Helen Obiri,KEN,1989-12-13,1,Nairobi,2014-06-07,244.97,2014,2010,24.48186173853525
3878,4:04.97,Sofia Ennaoui,POL,1995-08-30,13,Roma,2015-06-04,244.97,2015,2010,19.761806981519506
3878,4:04.97,Katie Snowden,GBR,1994-03-09,4,München,2022-08-19,244.97,2022,2020,28.44626967830253
3897,4:04.98,Yekaterina Podkopayeva,RUS,1952-06-11,1,Bucuresti,1984-09-16,244.98,1984,1980,32.26557152635181
3897,4:04.98,Elly van Hulst,NED,1959-06-09,2,Köln,1989-08-20,244.98,1989,1980,30.198494182067076
3897,4:04.98,Kutre Dulecha,ETH,1978-08-22,4,Hengelo,1999-05-30,244.98,1999,1990,20.76933607118412
3897,4:04.98,Jackline Maranga,KEN,1977-12-16,6h2,Sevilla,1999-08-27,244.98,1999,1990,21.694729637234772
3897,4:04.98,Iryna Lishchynska,UKR,1976-01-15,5,Rieti,2003-09-07,244.98,2003,2000,27.644079397672826
3897,4:04.98,Iryna Lishchynska,UKR,1976-01-15,8,Göteborg,2006-08-13,244.98,2006,2000,30.576317590691307
3897,4:04.98,Elisa Cusma Piccione,ITA,1981-07-24,7,Athínai,2009-07-13,244.98,2009,2000,27.969883641341546
3897,4:04.98,Hannah England,GBR,1987-03-06,4,Moskva,2013-08-15,244.98,2013,2010,26.444900752908968
3897,4:04.98,Charlene Lipsey,USA,1991-07-16,2,Cambridge MA,2018-05-19,244.98,2018,2010,26.84188911704312
3897,4:04.98,Laura Galván,MEX,1991-10-05,2rA,Sollentuna,2022-06-12,244.98,2022,2020,30.68583162217659
3897,4:04.98,Shannon Flockhart,GBR,2002-04-05,1,Dublin,2024-07-12,244.98,2024,2020,22.269678302532512
3897,4:04.98,Maureen Koster,NED,1992-03-07,6,Turku,2025-06-17,244.98,2025,2020,33.27857631759069
3909,4:04.99,Lyudmila Veselkova,RUS,1950-10-25,4,Celje,1981-08-18,244.99,1981,1980,30.8145106091718
3909,4:04.99,Kirsty Wade,GBR,1962-08-06,7,Stuttgart,1986-08-31,244.99,1986,1980,24.0684462696783
3909,4:04.99,Olga Komyagina,RUS,1974-02-10,1,Moskva,1998-06-08,244.99,1998,1990,24.32306639288159
3909,4:04.99,Carmen Douma-Hussar,CAN,1977-03-12,9,Athínai,2005-06-14,244.99,2005,2000,28.257357973990416
3909,4:04.99,Nelly Jepkosgei,BRN,1991-07-14,12,Roma,2017-06-08,244.99,2017,2010,25.90280629705681
3909,4:04.99,Helen Schlachtenhaufen,USA,1995-03-14,6,Eugene,2023-07-08,244.99,2023,2020,28.317590691307323
3909,4:04.99,Anna Camp-Bennett,USA,1998-04-09,3rA,Memphis,2023-08-05,244.99,2023,2020,25.322381930184804
3909,4:04.99,Kayley DeLay,USA,1999-06-07,4r1,Pfungstadt,2025-08-20,244.99,2025,2020,26.203969883641342
3909,4:04.99,Dorcus Ewoi,KEN,1996-10-02,4h1,Tokyo,2025-09-13,244.99,2025,2020,28.947296372347708
