business_date,line_name,day_of_week,day_type,financial_year,total_boardings
2018-07-01,Alamein,Sunday,Sunday,2018-19,1680
2018-07-02,Alamein,Monday,School Holiday,2018-19,17570
2018-07-03,Alamein,Tuesday,School Holiday,2018-19,18740
2018-07-04,Alamein,Wednesday,School Holiday,2018-19,18900
2018-07-05,Alamein,Thursday,School Holiday,2018-19,17270
2018-07-06,Alamein,Friday,School Holiday,2018-19,19610
2018-07-07,Alamein,Saturday,Saturday,2018-19,1230
2018-07-08,Alamein,Sunday,Sunday,2018-19,1670
2018-07-09,Alamein,Monday,School Holiday,2018-19,17760
2018-07-10,Alamein,Tuesday,School Holiday,2018-19,19330
2018-07-11,Alamein,Wednesday,School Holiday,2018-19,18430
2018-07-12,Alamein,Thursday,School Holiday,2018-19,18370
2018-07-13,Alamein,Friday,School Holiday,2018-19,18100
2018-07-14,Alamein,Saturday,Saturday,2018-19,1230
2018-07-15,Alamein,Sunday,Sunday,2018-19,930
2018-07-16,Alamein,Monday,Normal Weekday,2018-19,20170
2018-07-17,Alamein,Tuesday,Normal Weekday,2018-19,22690
2018-07-18,Alamein,Wednesday,Normal Weekday,2018-19,22300
2018-07-19,Alamein,Thursday,Normal Weekday,2018-19,21470
2018-07-20,Alamein,Friday,Normal Weekday,2018-19,21400
2018-07-21,Alamein,Saturday,Saturday,2018-19,1890
2018-07-22,Alamein,Sunday,Sunday,2018-19,1640
2018-07-23,Alamein,Monday,Normal Weekday,2018-19,21100
2018-07-24,Alamein,Tuesday,Normal Weekday,2018-19,21570
2018-07-25,Alamein,Wednesday,Normal Weekday,2018-19,22460
2018-07-26,Alamein,Thursday,Normal Weekday,2018-19,21840
2018-07-27,Alamein,Friday,Normal Weekday,2018-19,21100
2018-07-28,Alamein,Saturday,Saturday,2018-19,3420
2018-07-29,Alamein,Sunday,Sunday,2018-19,1590
2018-07-30,Alamein,Monday,Normal Weekday,2018-19,22740
2018-07-31,Alamein,Tuesday,Normal Weekday,2018-19,23970
2018-08-01,Alamein,Wednesday,Normal Weekday,2018-19,23280
2018-08-02,Alamein,Thursday,Normal Weekday,2018-19,24920
2018-08-03,Alamein,Friday,Normal Weekday,2018-19,23420
2018-08-04,Alamein,Saturday,Saturday,2018-19,2160
2018-08-05,Alamein,Sunday,Sunday,2018-19,1530
2018-08-06,Alamein,Monday,Normal Weekday,2018-19,23570
2018-08-07,Alamein,Tuesday,Normal Weekday,2018-19,23720
2018-08-08,Alamein,Wednesday,Normal Weekday,2018-19,24210
2018-08-09,Alamein,Thursday,Normal Weekday,2018-19,22050
2018-08-10,Alamein,Friday,Normal Weekday,2018-19,22870
2018-08-11,Alamein,Saturday,Saturday,2018-19,2680
2018-08-12,Alamein,Sunday,Sunday,2018-19,2660
2018-08-13,Alamein,Monday,Normal Weekday,2018-19,21850
2018-08-14,Alamein,Tuesday,Normal Weekday,2018-19,24180
2018-08-15,Alamein,Wednesday,Normal Weekday,2018-19,23560
2018-08-16,Alamein,Thursday,Normal Weekday,2018-19,22040
2018-08-17,Alamein,Friday,Normal Weekday,2018-19,23230
2018-08-18,Alamein,Saturday,Saturday,2018-19,1580
2018-08-19,Alamein,Sunday,Sunday,2018-19,1130
2018-08-20,Alamein,Monday,Normal Weekday,2018-19,21870
2018-08-21,Alamein,Tuesday,Normal Weekday,2018-19,23460
2018-08-22,Alamein,Wednesday,Normal Weekday,2018-19,23970
2018-08-23,Alamein,Thursday,Normal Weekday,2018-19,24530
2018-08-24,Alamein,Friday,Normal Weekday,2018-19,20530
2018-08-25,Alamein,Saturday,Saturday,2018-19,1960
2018-08-26,Alamein,Sunday,Sunday,2018-19,1550
2018-08-27,Alamein,Monday,Normal Weekday,2018-19,23200
2018-08-28,Alamein,Tuesday,Normal Weekday,2018-19,21540
2018-08-29,Alamein,Wednesday,Normal Weekday,2018-19,23080
2018-08-30,Alamein,Thursday,Normal Weekday,2018-19,22270
2018-08-31,Alamein,Friday,Normal Weekday,2018-19,21980
2018-09-01,Alamein,Saturday,Saturday,2018-19,1380
2018-09-02,Alamein,Sunday,Sunday,2018-19,850
2018-09-03,Alamein,Monday,Normal Weekday,2018-19,21320
2018-09-04,Alamein,Tuesday,Normal Weekday,2018-19,24550
2018-09-05,Alamein,Wednesday,Normal Weekday,2018-19,21650
2018-09-06,Alamein,Thursday,Normal Weekday,2018-19,24410
2018-09-07,Alamein,Friday,Normal Weekday,2018-19,23790
2018-09-08,Alamein,Saturday,Saturday,2018-19,1660
2018-09-09,Alamein,Sunday,Sunday,2018-19,940
2018-09-10,Alamein,Monday,Normal Weekday,2018-19,21660
2018-09-11,Alamein,Tuesday,Normal Weekday,2018-19,21910
2018-09-12,Alamein,Wednesday,Normal Weekday,2018-19,22620
2018-09-13,Alamein,Thursday,Normal Weekday,2018-19,22020
2018-09-14,Alamein,Friday,Normal Weekday,2018-19,22250
2018-09-15,Alamein,Saturday,Saturday,2018-19,1530
2018-09-16,Alamein,Sunday,Sunday,2018-19,1120
2018-09-17,Alamein,Monday,Normal Weekday,2018-19,21320
2018-09-18,Alamein,Tuesday,Normal Weekday,2018-19,22080
2018-09-19,Alamein,Wednesday,Normal Weekday,2018-19,22270
2018-09-20,Alamein,Thursday,Normal Weekday,2018-19,22400
2018-09-21,Alamein,Friday,Normal Weekday,2018-19,22480
2018-09-22,Alamein,Saturday,Saturday,2018-19,1500
2018-09-23,Alamein,Sunday,Sunday,2018-19,1220
2018-09-24,Alamein,Monday,School Holiday,2018-19,21090
2018-09-25,Alamein,Tuesday,School Holiday,2018-19,20720
2018-09-26,Alamein,Wednesday,School Holiday,2018-19,20420
2018-09-27,Alamein,Thursday,School Holiday,2018-19,21340
2018-09-28,Alamein,Friday,Public Holiday,2018-19,1590
2018-09-29,Alamein,Saturday,Saturday,2018-19,2020
2018-09-30,Alamein,Sunday,Sunday,2018-19,1040
2018-10-01,Alamein,Monday,School Holiday,2018-19,19780
2018-10-02,Alamein,Tuesday,School Holiday,2018-19,19820
2018-10-03,Alamein,Wednesday,School Holiday,2018-19,21310
2018-10-04,Alamein,Thursday,School Holiday,2018-19,21650
2018-10-05,Alamein,Friday,School Holiday,2018-19,20040
2018-10-06,Alamein,Saturday,Saturday,2018-19,1690
2018-10-07,Alamein,Sunday,Sunday,2018-19,860
2018-10-08,Alamein,Monday,Normal Weekday,2018-19,21940
2018-10-09,Alamein,Tuesday,Normal Weekday,2018-19,22940
2018-10-10,Alamein,Wednesday,Normal Weekday,2018-19,23240
2018-10-11,Alamein,Thursday,Normal Weekday,2018-19,23150
2018-10-12,Alamein,Friday,Normal Weekday,2018-19,23270
2018-10-13,Alamein,Saturday,Saturday,2018-19,1920
2018-10-14,Alamein,Sunday,Sunday,2018-19,1510
2018-10-15,Alamein,Monday,Normal Weekday,2018-19,21740
2018-10-16,Alamein,Tuesday,Normal Weekday,2018-19,23490
2018-10-17,Alamein,Wednesday,Normal Weekday,2018-19,23360
2018-10-18,Alamein,Thursday,Normal Weekday,2018-19,22930
2018-10-19,Alamein,Friday,Normal Weekday,2018-19,23500
2018-10-20,Alamein,Saturday,Saturday,2018-19,1430
2018-10-21,Alamein,Sunday,Sunday,2018-19,1380
2018-10-22,Alamein,Monday,Normal Weekday,2018-19,21400
2018-10-23,Alamein,Tuesday,Normal Weekday,2018-19,22760
2018-10-24,Alamein,Wednesday,Normal Weekday,2018-19,22190
2018-10-25,Alamein,Thursday,Normal Weekday,2018-19,21150
2018-10-26,Alamein,Friday,Normal Weekday,2018-19,21610
2018-10-27,Alamein,Saturday,Saturday,2018-19,1560
2018-10-28,Alamein,Sunday,Sunday,2018-19,1410
2018-10-29,Alamein,Monday,Normal Weekday,2018-19,20710
2018-10-30,Alamein,Tuesday,Normal Weekday,2018-19,22590
2018-10-31,Alamein,Wednesday,Normal Weekday,2018-19,21600
2018-11-01,Alamein,Thursday,Normal Weekday,2018-19,21050
2018-11-02,Alamein,Friday,Normal Weekday,2018-19,21750
2018-11-03,Alamein,Saturday,Saturday,2018-19,1320
2018-11-04,Alamein,Sunday,Sunday,2018-19,1140
2018-11-05,Alamein,Monday,Normal Weekday,2018-19,15050
2018-11-06,Alamein,Tuesday,Public Holiday,2018-19,630
2018-11-07,Alamein,Wednesday,Normal Weekday,2018-19,22080
2018-11-08,Alamein,Thursday,Normal Weekday,2018-19,22140
2018-11-09,Alamein,Friday,Normal Weekday,2018-19,22470
2018-11-10,Alamein,Saturday,Saturday,2018-19,1400
2018-11-11,Alamein,Sunday,Sunday,2018-19,1170
2018-11-12,Alamein,Monday,Normal Weekday,2018-19,22070
2018-11-13,Alamein,Tuesday,Normal Weekday,2018-19,22910
2018-11-14,Alamein,Wednesday,Normal Weekday,2018-19,21380
2018-11-15,Alamein,Thursday,Normal Weekday,2018-19,21580
2018-11-16,Alamein,Friday,Normal Weekday,2018-19,21760
2018-11-17,Alamein,Saturday,Saturday,2018-19,1580
2018-11-18,Alamein,Sunday,Sunday,2018-19,1350
2018-11-19,Alamein,Monday,Normal Weekday,2018-19,20120
2018-11-20,Alamein,Tuesday,Normal Weekday,2018-19,22370
2018-11-21,Alamein,Wednesday,Normal Weekday,2018-19,21700
2018-11-22,Alamein,Thursday,Normal Weekday,2018-19,20980
2018-11-23,Alamein,Friday,Normal Weekday,2018-19,19640
2018-11-24,Alamein,Saturday,Saturday,2018-19,1370
2018-11-25,Alamein,Sunday,Sunday,2018-19,1390
2018-11-26,Alamein,Monday,Normal Weekday,2018-19,21180
2018-11-27,Alamein,Tuesday,Normal Weekday,2018-19,22030
2018-11-28,Alamein,Wednesday,Normal Weekday,2018-19,21690
2018-11-29,Alamein,Thursday,Normal Weekday,2018-19,21650
2018-11-30,Alamein,Friday,Normal Weekday,2018-19,21180
2018-12-01,Alamein,Saturday,Saturday,2018-19,1570
2018-12-02,Alamein,Sunday,Sunday,2018-19,1370
2018-12-03,Alamein,Monday,Normal Weekday,2018-19,21100
2018-12-04,Alamein,Tuesday,Normal Weekday,2018-19,21520
2018-12-05,Alamein,Wednesday,Normal Weekday,2018-19,21720
2018-12-06,Alamein,Thursday,Normal Weekday,2018-19,21400
2018-12-07,Alamein,Friday,Normal Weekday,2018-19,21010
2018-12-08,Alamein,Saturday,Saturday,2018-19,1520
2018-12-09,Alamein,Sunday,Sunday,2018-19,1420
2018-12-10,Alamein,Monday,Normal Weekday,2018-19,21090
2018-12-11,Alamein,Tuesday,Normal Weekday,2018-19,21070
2018-12-12,Alamein,Wednesday,Normal Weekday,2018-19,21350
2018-12-13,Alamein,Thursday,Normal Weekday,2018-19,20130
2018-12-14,Alamein,Friday,Normal Weekday,2018-19,16850
2018-12-15,Alamein,Saturday,Saturday,2018-19,1050
2018-12-16,Alamein,Sunday,Sunday,2018-19,880
2018-12-17,Alamein,Monday,Normal Weekday,2018-19,19370
2018-12-18,Alamein,Tuesday,Normal Weekday,2018-19,19860
2018-12-19,Alamein,Wednesday,Normal Weekday,2018-19,19300
2018-12-20,Alamein,Thursday,Normal Weekday,2018-19,19190
2018-12-21,Alamein,Friday,Normal Weekday,2018-19,17980
2018-12-22,Alamein,Saturday,Saturday,2018-19,1680
2018-12-23,Alamein,Sunday,Sunday,2018-19,1560
2018-12-24,Alamein,Monday,School Holiday,2018-19,6200
2018-12-25,Alamein,Tuesday,Public Holiday,2018-19,150
2018-12-26,Alamein,Wednesday,Public Holiday,2018-19,2010
2018-12-27,Alamein,Thursday,School Holiday,2018-19,6500
2018-12-28,Alamein,Friday,School Holiday,2018-19,6960
2018-12-29,Alamein,Saturday,Saturday,2018-19,1120
2018-12-30,Alamein,Sunday,Sunday,2018-19,1200
2018-12-31,Alamein,Monday,School Holiday,2018-19,5470
2019-01-01,Alamein,Tuesday,Public Holiday,2018-19,830
2019-01-02,Alamein,Wednesday,School Holiday,2018-19,10420
2019-01-03,Alamein,Thursday,School Holiday,2018-19,11520
2019-01-04,Alamein,Friday,School Holiday,2018-19,10010
2019-01-05,Alamein,Saturday,Saturday,2018-19,1280
2019-01-06,Alamein,Sunday,Sunday,2018-19,1180
2019-01-07,Alamein,Monday,School Holiday,2018-19,18100
2019-01-08,Alamein,Tuesday,School Holiday,2018-19,19210
2019-01-09,Alamein,Wednesday,School Holiday,2018-19,19740
2019-01-10,Alamein,Thursday,School Holiday,2018-19,19900
2019-01-11,Alamein,Friday,School Holiday,2018-19,17730
2019-01-12,Alamein,Saturday,Saturday,2018-19,990
2019-01-13,Alamein,Sunday,Sunday,2018-19,480
2019-01-14,Alamein,Monday,School Holiday,2018-19,18410
2019-01-15,Alamein,Tuesday,School Holiday,2018-19,18310
2019-01-16,Alamein,Wednesday,School Holiday,2018-19,19430
2019-01-17,Alamein,Thursday,School Holiday,2018-19,19000
2019-01-18,Alamein,Friday,School Holiday,2018-19,19640
2019-01-19,Alamein,Saturday,Saturday,2018-19,1880
2019-01-20,Alamein,Sunday,Sunday,2018-19,1920
2019-01-21,Alamein,Monday,School Holiday,2018-19,18920
2019-01-22,Alamein,Tuesday,School Holiday,2018-19,17940
2019-01-23,Alamein,Wednesday,School Holiday,2018-19,19480
2019-01-24,Alamein,Thursday,School Holiday,2018-19,18920
2019-01-25,Alamein,Friday,School Holiday,2018-19,15120
2019-01-26,Alamein,Saturday,Saturday,2018-19,1460
2019-01-27,Alamein,Sunday,Sunday,2018-19,1340
2019-01-28,Alamein,Monday,Public Holiday,2018-19,800
2019-01-29,Alamein,Tuesday,School Holiday,2018-19,19530
2019-01-30,Alamein,Wednesday,Normal Weekday,2018-19,20340
2019-01-31,Alamein,Thursday,Normal Weekday,2018-19,20760
2019-02-01,Alamein,Friday,Normal Weekday,2018-19,21780
2019-02-02,Alamein,Saturday,Saturday,2018-19,1480
2019-02-03,Alamein,Sunday,Sunday,2018-19,1010
2019-02-04,Alamein,Monday,Normal Weekday,2018-19,22010
2019-02-05,Alamein,Tuesday,Normal Weekday,2018-19,21340
2019-02-06,Alamein,Wednesday,Normal Weekday,2018-19,22420
2019-02-07,Alamein,Thursday,Normal Weekday,2018-19,22160
2019-02-08,Alamein,Friday,Normal Weekday,2018-19,21800
2019-02-09,Alamein,Saturday,Saturday,2018-19,1690
2019-02-10,Alamein,Sunday,Sunday,2018-19,2530
2019-02-11,Alamein,Monday,Normal Weekday,2018-19,22630
2019-02-12,Alamein,Tuesday,Normal Weekday,2018-19,22090
2019-02-13,Alamein,Wednesday,Normal Weekday,2018-19,22440
2019-02-14,Alamein,Thursday,Normal Weekday,2018-19,23410
2019-02-15,Alamein,Friday,Normal Weekday,2018-19,22300
2019-02-16,Alamein,Saturday,Saturday,2018-19,1630
2019-02-17,Alamein,Sunday,Sunday,2018-19,1470
2019-02-18,Alamein,Monday,Normal Weekday,2018-19,21820
2019-02-19,Alamein,Tuesday,Normal Weekday,2018-19,23680
2019-02-20,Alamein,Wednesday,Normal Weekday,2018-19,22560
2019-02-21,Alamein,Thursday,Normal Weekday,2018-19,22470
2019-02-22,Alamein,Friday,Normal Weekday,2018-19,23640
2019-02-23,Alamein,Saturday,Saturday,2018-19,1830
2019-02-24,Alamein,Sunday,Sunday,2018-19,1680
2019-02-25,Alamein,Monday,Normal Weekday,2018-19,24260
2019-02-26,Alamein,Tuesday,Normal Weekday,2018-19,22410
2019-02-27,Alamein,Wednesday,Normal Weekday,2018-19,24150
2019-02-28,Alamein,Thursday,Normal Weekday,2018-19,22820
2019-03-01,Alamein,Friday,Normal Weekday,2018-19,21980
2019-03-02,Alamein,Saturday,Saturday,2018-19,890
2019-03-03,Alamein,Sunday,Sunday,2018-19,600
2019-03-04,Alamein,Monday,Normal Weekday,2018-19,25740
2019-03-05,Alamein,Tuesday,Normal Weekday,2018-19,27040
2019-03-06,Alamein,Wednesday,Normal Weekday,2018-19,26400
2019-03-07,Alamein,Thursday,Normal Weekday,2018-19,25260
2019-03-08,Alamein,Friday,Normal Weekday,2018-19,1820
2019-03-09,Alamein,Saturday,Saturday,2018-19,440
2019-03-10,Alamein,Sunday,Sunday,2018-19,310
2019-03-11,Alamein,Monday,Public Holiday,2018-19,290
2019-03-12,Alamein,Tuesday,Normal Weekday,2018-19,26490
2019-03-13,Alamein,Wednesday,Normal Weekday,2018-19,24270
2019-03-14,Alamein,Thursday,Normal Weekday,2018-19,25600
2019-03-15,Alamein,Friday,Normal Weekday,2018-19,25640
2019-03-16,Alamein,Saturday,Saturday,2018-19,1860
2019-03-17,Alamein,Sunday,Sunday,2018-19,1160
2019-03-18,Alamein,Monday,Normal Weekday,2018-19,24450
2019-03-19,Alamein,Tuesday,Normal Weekday,2018-19,26500
2019-03-20,Alamein,Wednesday,Normal Weekday,2018-19,26530
2019-03-21,Alamein,Thursday,Normal Weekday,2018-19,25800
2019-03-22,Alamein,Friday,Normal Weekday,2018-19,25030
2019-03-23,Alamein,Saturday,Saturday,2018-19,3010
2019-03-24,Alamein,Sunday,Sunday,2018-19,1370
2019-03-25,Alamein,Monday,Normal Weekday,2018-19,24470
2019-03-26,Alamein,Tuesday,Normal Weekday,2018-19,24870
2019-03-27,Alamein,Wednesday,Normal Weekday,2018-19,25480
2019-03-28,Alamein,Thursday,Normal Weekday,2018-19,27830
2019-03-29,Alamein,Friday,Normal Weekday,2018-19,23540
2019-03-30,Alamein,Saturday,Saturday,2018-19,1470
2019-03-31,Alamein,Sunday,Sunday,2018-19,1520
2019-04-01,Alamein,Monday,Normal Weekday,2018-19,23670
2019-04-02,Alamein,Tuesday,Normal Weekday,2018-19,25100
2019-04-03,Alamein,Wednesday,Normal Weekday,2018-19,24870
2019-04-04,Alamein,Thursday,Normal Weekday,2018-19,24260
2019-04-05,Alamein,Friday,Normal Weekday,2018-19,25610
2019-04-06,Alamein,Saturday,Saturday,2018-19,1980
2019-04-07,Alamein,Sunday,Sunday,2018-19,1360
2019-04-08,Alamein,Monday,School Holiday,2018-19,25340
2019-04-09,Alamein,Tuesday,School Holiday,2018-19,26090
2019-04-10,Alamein,Wednesday,School Holiday,2018-19,25580
2019-04-11,Alamein,Thursday,School Holiday,2018-19,25390
2019-04-12,Alamein,Friday,School Holiday,2018-19,28970
2019-04-13,Alamein,Saturday,Saturday,2018-19,3410
2019-04-14,Alamein,Sunday,Sunday,2018-19,2230
2019-04-15,Alamein,Monday,School Holiday,2018-19,24090
2019-04-16,Alamein,Tuesday,School Holiday,2018-19,24930
2019-04-17,Alamein,Wednesday,School Holiday,2018-19,24160
2019-04-18,Alamein,Thursday,School Holiday,2018-19,21450
2019-04-19,Alamein,Friday,Public Holiday,2018-19,1000
2019-04-20,Alamein,Saturday,Public Holiday,2018-19,1720
2019-04-21,Alamein,Sunday,Public Holiday,2018-19,910
2019-04-22,Alamein,Monday,Public Holiday,2018-19,1160
2019-04-23,Alamein,Tuesday,Normal Weekday,2018-19,18870
2019-04-24,Alamein,Wednesday,Normal Weekday,2018-19,19830
2019-04-25,Alamein,Thursday,Public Holiday,2018-19,1610
2019-04-26,Alamein,Friday,Normal Weekday,2018-19,17320
2019-04-27,Alamein,Saturday,Saturday,2018-19,1300
2019-04-28,Alamein,Sunday,Sunday,2018-19,890
2019-04-29,Alamein,Monday,Normal Weekday,2018-19,24000
2019-04-30,Alamein,Tuesday,Normal Weekday,2018-19,23540
2019-05-01,Alamein,Wednesday,Normal Weekday,2018-19,24300
2019-05-02,Alamein,Thursday,Normal Weekday,2018-19,25090
2019-05-03,Alamein,Friday,Normal Weekday,2018-19,24400
2019-05-04,Alamein,Saturday,Saturday,2018-19,1730
2019-05-05,Alamein,Sunday,Sunday,2018-19,1480
2019-05-06,Alamein,Monday,Normal Weekday,2018-19,22400
2019-05-07,Alamein,Tuesday,Normal Weekday,2018-19,26580
2019-05-08,Alamein,Wednesday,Normal Weekday,2018-19,25110
2019-05-09,Alamein,Thursday,Normal Weekday,2018-19,23940
2019-05-10,Alamein,Friday,Normal Weekday,2018-19,23760
2019-05-11,Alamein,Saturday,Saturday,2018-19,2110
2019-05-12,Alamein,Sunday,Sunday,2018-19,580
2019-05-13,Alamein,Monday,Normal Weekday,2018-19,22710
2019-05-14,Alamein,Tuesday,Normal Weekday,2018-19,24100
2019-05-15,Alamein,Wednesday,Normal Weekday,2018-19,25190
2019-05-16,Alamein,Thursday,Normal Weekday,2018-19,24490
2019-05-17,Alamein,Friday,Normal Weekday,2018-19,23390
2019-05-18,Alamein,Saturday,Saturday,2018-19,1570
2019-05-19,Alamein,Sunday,Sunday,2018-19,1380
2019-05-20,Alamein,Monday,Normal Weekday,2018-19,24580
2019-05-21,Alamein,Tuesday,Normal Weekday,2018-19,24670
2019-05-22,Alamein,Wednesday,Normal Weekday,2018-19,24940
2019-05-23,Alamein,Thursday,Normal Weekday,2018-19,24810
2019-05-24,Alamein,Friday,Normal Weekday,2018-19,23800
2019-05-25,Alamein,Saturday,Saturday,2018-19,1920
2019-05-26,Alamein,Sunday,Sunday,2018-19,1250
2019-05-27,Alamein,Monday,Normal Weekday,2018-19,21780
2019-05-28,Alamein,Tuesday,Normal Weekday,2018-19,22870
2019-05-29,Alamein,Wednesday,Normal Weekday,2018-19,22070
2019-05-30,Alamein,Thursday,Normal Weekday,2018-19,21180
2019-05-31,Alamein,Friday,Normal Weekday,2018-19,22460
2019-06-01,Alamein,Saturday,Saturday,2018-19,1540
2019-06-02,Alamein,Sunday,Sunday,2018-19,1190
2019-06-03,Alamein,Monday,Normal Weekday,2018-19,20510
2019-06-04,Alamein,Tuesday,Normal Weekday,2018-19,20440
2019-06-05,Alamein,Wednesday,Normal Weekday,2018-19,21300
2019-06-06,Alamein,Thursday,Normal Weekday,2018-19,21040
2019-06-07,Alamein,Friday,Normal Weekday,2018-19,21890
2019-06-08,Alamein,Saturday,Saturday,2018-19,1070
2019-06-09,Alamein,Sunday,Sunday,2018-19,750
2019-06-10,Alamein,Monday,Public Holiday,2018-19,830
2019-06-11,Alamein,Tuesday,Normal Weekday,2018-19,20300
2019-06-12,Alamein,Wednesday,Normal Weekday,2018-19,21680
2019-06-13,Alamein,Thursday,Normal Weekday,2018-19,22610
2019-06-14,Alamein,Friday,Normal Weekday,2018-19,21340
2019-06-15,Alamein,Saturday,Saturday,2018-19,1530
2019-06-16,Alamein,Sunday,Sunday,2018-19,1170
2019-06-17,Alamein,Monday,Normal Weekday,2018-19,21470
2019-06-18,Alamein,Tuesday,Normal Weekday,2018-19,21960
2019-06-19,Alamein,Wednesday,Normal Weekday,2018-19,21260
2019-06-20,Alamein,Thursday,Normal Weekday,2018-19,20980
2019-06-21,Alamein,Friday,Normal Weekday,2018-19,21430
2019-06-22,Alamein,Saturday,Saturday,2018-19,1530
2019-06-23,Alamein,Sunday,Sunday,2018-19,1250
2019-06-24,Alamein,Monday,Normal Weekday,2018-19,21200
2019-06-25,Alamein,Tuesday,Normal Weekday,2018-19,21510
2019-06-26,Alamein,Wednesday,Normal Weekday,2018-19,21070
2019-06-27,Alamein,Thursday,Normal Weekday,2018-19,21400
2019-06-28,Alamein,Friday,Normal Weekday,2018-19,20270
2019-06-29,Alamein,Saturday,Saturday,2018-19,1370
2019-06-30,Alamein,Sunday,Sunday,2018-19,1250
2019-07-01,Alamein,Monday,School Holiday,2019-20,19210
2019-07-02,Alamein,Tuesday,School Holiday,2019-20,19350
2019-07-03,Alamein,Wednesday,School Holiday,2019-20,19140
2019-07-04,Alamein,Thursday,School Holiday,2019-20,19610
2019-07-05,Alamein,Friday,School Holiday,2019-20,20490
2019-07-06,Alamein,Saturday,Saturday,2019-20,2180
2019-07-07,Alamein,Sunday,Sunday,2019-20,1490
2019-07-08,Alamein,Monday,School Holiday,2019-20,20620
2019-07-09,Alamein,Tuesday,School Holiday,2019-20,21200
2019-07-10,Alamein,Wednesday,School Holiday,2019-20,21890
2019-07-11,Alamein,Thursday,School Holiday,2019-20,20300
2019-07-12,Alamein,Friday,School Holiday,2019-20,20440
2019-07-13,Alamein,Saturday,Saturday,2019-20,1350
2019-07-14,Alamein,Sunday,Sunday,2019-20,1120
2019-07-15,Alamein,Monday,Normal Weekday,2019-20,20040
2019-07-16,Alamein,Tuesday,Normal Weekday,2019-20,20910
2019-07-17,Alamein,Wednesday,Normal Weekday,2019-20,21650
2019-07-18,Alamein,Thursday,Normal Weekday,2019-20,21820
2019-07-19,Alamein,Friday,Normal Weekday,2019-20,21660
2019-07-20,Alamein,Saturday,Saturday,2019-20,1770
2019-07-21,Alamein,Sunday,Sunday,2019-20,1560
2019-07-22,Alamein,Monday,Normal Weekday,2019-20,19950
2019-07-23,Alamein,Tuesday,Normal Weekday,2019-20,22190
2019-07-24,Alamein,Wednesday,Normal Weekday,2019-20,22070
2019-07-25,Alamein,Thursday,Normal Weekday,2019-20,20980
2019-07-26,Alamein,Friday,Normal Weekday,2019-20,22560
2019-07-27,Alamein,Saturday,Saturday,2019-20,1920
2019-07-28,Alamein,Sunday,Sunday,2019-20,1670
2019-07-29,Alamein,Monday,Normal Weekday,2019-20,22030
2019-07-30,Alamein,Tuesday,Normal Weekday,2019-20,23060
2019-07-31,Alamein,Wednesday,Normal Weekday,2019-20,21160
2019-08-01,Alamein,Thursday,Normal Weekday,2019-20,22550
2019-08-02,Alamein,Friday,Normal Weekday,2019-20,21150
2019-08-03,Alamein,Saturday,Saturday,2019-20,1810
2019-08-04,Alamein,Sunday,Sunday,2019-20,1510
2019-08-05,Alamein,Monday,Normal Weekday,2019-20,22700
2019-08-06,Alamein,Tuesday,Normal Weekday,2019-20,25780
2019-08-07,Alamein,Wednesday,Normal Weekday,2019-20,24940
2019-08-08,Alamein,Thursday,Normal Weekday,2019-20,24120
2019-08-09,Alamein,Friday,Normal Weekday,2019-20,21870
2019-08-10,Alamein,Saturday,Saturday,2019-20,1220
2019-08-11,Alamein,Sunday,Sunday,2019-20,1570
2019-08-12,Alamein,Monday,Normal Weekday,2019-20,23310
2019-08-13,Alamein,Tuesday,Normal Weekday,2019-20,24150
2019-08-14,Alamein,Wednesday,Normal Weekday,2019-20,23380
2019-08-15,Alamein,Thursday,Normal Weekday,2019-20,24060
2019-08-16,Alamein,Friday,Normal Weekday,2019-20,23230
2019-08-17,Alamein,Saturday,Saturday,2019-20,2220
2019-08-18,Alamein,Sunday,Sunday,2019-20,1980
2019-08-19,Alamein,Monday,Normal Weekday,2019-20,23500
2019-08-20,Alamein,Tuesday,Normal Weekday,2019-20,25500
2019-08-21,Alamein,Wednesday,Normal Weekday,2019-20,23990
2019-08-22,Alamein,Thursday,Normal Weekday,2019-20,24810
2019-08-23,Alamein,Friday,Normal Weekday,2019-20,24810
2019-08-24,Alamein,Saturday,Saturday,2019-20,1780
2019-08-25,Alamein,Sunday,Sunday,2019-20,1720
2019-08-26,Alamein,Monday,Normal Weekday,2019-20,23040
2019-08-27,Alamein,Tuesday,Normal Weekday,2019-20,24440
2019-08-28,Alamein,Wednesday,Normal Weekday,2019-20,24160
2019-08-29,Alamein,Thursday,Normal Weekday,2019-20,24600
2019-08-30,Alamein,Friday,Normal Weekday,2019-20,23720
2019-08-31,Alamein,Saturday,Saturday,2019-20,1840
2019-09-01,Alamein,Sunday,Sunday,2019-20,820
2019-09-02,Alamein,Monday,Normal Weekday,2019-20,22970
2019-09-03,Alamein,Tuesday,Normal Weekday,2019-20,24150
2019-09-04,Alamein,Wednesday,Normal Weekday,2019-20,23560
2019-09-05,Alamein,Thursday,Normal Weekday,2019-20,23710
2019-09-06,Alamein,Friday,Normal Weekday,2019-20,24910
2019-09-07,Alamein,Saturday,Saturday,2019-20,1190
2019-09-08,Alamein,Sunday,Sunday,2019-20,700
2019-09-09,Alamein,Monday,Normal Weekday,2019-20,22030
2019-09-10,Alamein,Tuesday,Normal Weekday,2019-20,24170
2019-09-11,Alamein,Wednesday,Normal Weekday,2019-20,23720
2019-09-12,Alamein,Thursday,Normal Weekday,2019-20,24360
2019-09-13,Alamein,Friday,Normal Weekday,2019-20,26150
2019-09-14,Alamein,Saturday,Saturday,2019-20,1330
2019-09-15,Alamein,Sunday,Sunday,2019-20,780
2019-09-16,Alamein,Monday,Normal Weekday,2019-20,20580
2019-09-17,Alamein,Tuesday,Normal Weekday,2019-20,21710
2019-09-18,Alamein,Wednesday,Normal Weekday,2019-20,23710
2019-09-19,Alamein,Thursday,Normal Weekday,2019-20,22680
2019-09-20,Alamein,Friday,Normal Weekday,2019-20,23580
2019-09-21,Alamein,Saturday,Saturday,2019-20,1640
2019-09-22,Alamein,Sunday,Sunday,2019-20,1050
2019-09-23,Alamein,Monday,School Holiday,2019-20,18530
2019-09-24,Alamein,Tuesday,School Holiday,2019-20,20820
2019-09-25,Alamein,Wednesday,School Holiday,2019-20,22320
2019-09-26,Alamein,Thursday,School Holiday,2019-20,22770
2019-09-27,Alamein,Friday,Public Holiday,2019-20,1280
2019-09-28,Alamein,Saturday,Saturday,2019-20,2100
2019-09-29,Alamein,Sunday,Sunday,2019-20,970
2019-09-30,Alamein,Monday,School Holiday,2019-20,18540
2019-10-01,Alamein,Tuesday,School Holiday,2019-20,20840
2019-10-02,Alamein,Wednesday,School Holiday,2019-20,20030
2019-10-03,Alamein,Thursday,School Holiday,2019-20,21410
2019-10-04,Alamein,Friday,School Holiday,2019-20,19260
2019-10-05,Alamein,Saturday,Saturday,2019-20,1140
2019-10-06,Alamein,Sunday,Sunday,2019-20,520
2019-10-07,Alamein,Monday,Normal Weekday,2019-20,23060
2019-10-08,Alamein,Tuesday,Normal Weekday,2019-20,24460
2019-10-09,Alamein,Wednesday,Normal Weekday,2019-20,22820
2019-10-10,Alamein,Thursday,Normal Weekday,2019-20,23480
2019-10-11,Alamein,Friday,Normal Weekday,2019-20,21870
2019-10-12,Alamein,Saturday,Saturday,2019-20,1460
2019-10-13,Alamein,Sunday,Sunday,2019-20,1160
2019-10-14,Alamein,Monday,Normal Weekday,2019-20,22570
2019-10-15,Alamein,Tuesday,Normal Weekday,2019-20,23610
2019-10-16,Alamein,Wednesday,Normal Weekday,2019-20,23620
2019-10-17,Alamein,Thursday,Normal Weekday,2019-20,23680
2019-10-18,Alamein,Friday,Normal Weekday,2019-20,22330
2019-10-19,Alamein,Saturday,Saturday,2019-20,1350
2019-10-20,Alamein,Sunday,Sunday,2019-20,970
2019-10-21,Alamein,Monday,Normal Weekday,2019-20,23010
2019-10-22,Alamein,Tuesday,Normal Weekday,2019-20,25140
2019-10-23,Alamein,Wednesday,Normal Weekday,2019-20,22850
2019-10-24,Alamein,Thursday,Normal Weekday,2019-20,24520
2019-10-25,Alamein,Friday,Normal Weekday,2019-20,21940
2019-10-26,Alamein,Saturday,Saturday,2019-20,1400
2019-10-27,Alamein,Sunday,Sunday,2019-20,950
2019-10-28,Alamein,Monday,Normal Weekday,2019-20,21900
2019-10-29,Alamein,Tuesday,Normal Weekday,2019-20,24050
2019-10-30,Alamein,Wednesday,Normal Weekday,2019-20,22230
2019-10-31,Alamein,Thursday,Normal Weekday,2019-20,23670
2019-11-01,Alamein,Friday,Normal Weekday,2019-20,21680
2019-11-02,Alamein,Saturday,Saturday,2019-20,950
2019-11-03,Alamein,Sunday,Sunday,2019-20,1110
2019-11-04,Alamein,Monday,Normal Weekday,2019-20,14240
2019-11-05,Alamein,Tuesday,Public Holiday,2019-20,870
2019-11-06,Alamein,Wednesday,Normal Weekday,2019-20,21700
2019-11-07,Alamein,Thursday,Normal Weekday,2019-20,23280
2019-11-08,Alamein,Friday,Normal Weekday,2019-20,21340
2019-11-09,Alamein,Saturday,Saturday,2019-20,1160
2019-11-10,Alamein,Sunday,Sunday,2019-20,1160
2019-11-11,Alamein,Monday,Normal Weekday,2019-20,23550
2019-11-12,Alamein,Tuesday,Normal Weekday,2019-20,22740
2019-11-13,Alamein,Wednesday,Normal Weekday,2019-20,22100
2019-11-14,Alamein,Thursday,Normal Weekday,2019-20,23360
2019-11-15,Alamein,Friday,Normal Weekday,2019-20,22740
2019-11-16,Alamein,Saturday,Saturday,2019-20,1470
2019-11-17,Alamein,Sunday,Sunday,2019-20,1290
2019-11-18,Alamein,Monday,Normal Weekday,2019-20,22150
2019-11-19,Alamein,Tuesday,Normal Weekday,2019-20,23090
2019-11-20,Alamein,Wednesday,Normal Weekday,2019-20,22920
2019-11-21,Alamein,Thursday,Normal Weekday,2019-20,22010
2019-11-22,Alamein,Friday,Normal Weekday,2019-20,22320
2019-11-23,Alamein,Saturday,Saturday,2019-20,1770
2019-11-24,Alamein,Sunday,Sunday,2019-20,1140
2019-11-25,Alamein,Monday,Normal Weekday,2019-20,22250
2019-11-26,Alamein,Tuesday,Normal Weekday,2019-20,23450
2019-11-27,Alamein,Wednesday,Normal Weekday,2019-20,22610
2019-11-28,Alamein,Thursday,Normal Weekday,2019-20,23020
2019-11-29,Alamein,Friday,Normal Weekday,2019-20,23160
2019-11-30,Alamein,Saturday,Saturday,2019-20,2130
2019-12-01,Alamein,Sunday,Sunday,2019-20,1290
2019-12-02,Alamein,Monday,Normal Weekday,2019-20,21020
2019-12-03,Alamein,Tuesday,Normal Weekday,2019-20,22840
2019-12-04,Alamein,Wednesday,Normal Weekday,2019-20,23510
2019-12-05,Alamein,Thursday,Normal Weekday,2019-20,22480
2019-12-06,Alamein,Friday,Normal Weekday,2019-20,21900
2019-12-07,Alamein,Saturday,Saturday,2019-20,1870
2019-12-08,Alamein,Sunday,Sunday,2019-20,1330
2019-12-09,Alamein,Monday,Normal Weekday,2019-20,20640
2019-12-10,Alamein,Tuesday,Normal Weekday,2019-20,21900
2019-12-11,Alamein,Wednesday,Normal Weekday,2019-20,20990
2019-12-12,Alamein,Thursday,Normal Weekday,2019-20,22610
2019-12-13,Alamein,Friday,Normal Weekday,2019-20,20770
2019-12-14,Alamein,Saturday,Saturday,2019-20,1580
2019-12-15,Alamein,Sunday,Sunday,2019-20,1130
2019-12-16,Alamein,Monday,Normal Weekday,2019-20,20420
2019-12-17,Alamein,Tuesday,Normal Weekday,2019-20,20070
2019-12-18,Alamein,Wednesday,Normal Weekday,2019-20,19270
2019-12-19,Alamein,Thursday,Normal Weekday,2019-20,20160
2019-12-20,Alamein,Friday,Normal Weekday,2019-20,16140
2019-12-21,Alamein,Saturday,Saturday,2019-20,750
2019-12-22,Alamein,Sunday,Sunday,2019-20,530
2019-12-23,Alamein,Monday,School Holiday,2019-20,12050
2019-12-24,Alamein,Tuesday,School Holiday,2019-20,8670
2019-12-25,Alamein,Wednesday,Public Holiday,2019-20,50
2019-12-26,Alamein,Thursday,Public Holiday,2019-20,1650
2019-12-27,Alamein,Friday,School Holiday,2019-20,6490
2019-12-28,Alamein,Saturday,Saturday,2019-20,1220
2019-12-29,Alamein,Sunday,Sunday,2019-20,1100
2019-12-30,Alamein,Monday,School Holiday,2019-20,5300
2019-12-31,Alamein,Tuesday,School Holiday,2019-20,6540
2020-01-01,Alamein,Wednesday,Public Holiday,2019-20,580
2020-01-02,Alamein,Thursday,School Holiday,2019-20,9240
2020-01-03,Alamein,Friday,School Holiday,2019-20,9130
2020-01-04,Alamein,Saturday,Saturday,2019-20,1300
2020-01-05,Alamein,Sunday,Sunday,2019-20,820
2020-01-06,Alamein,Monday,School Holiday,2019-20,18870
2020-01-07,Alamein,Tuesday,School Holiday,2019-20,18200
2020-01-08,Alamein,Wednesday,School Holiday,2019-20,19330
2020-01-09,Alamein,Thursday,School Holiday,2019-20,18710
2020-01-10,Alamein,Friday,School Holiday,2019-20,18910
2020-01-11,Alamein,Saturday,Saturday,2019-20,1330
2020-01-12,Alamein,Sunday,Sunday,2019-20,1130
2020-01-13,Alamein,Monday,School Holiday,2019-20,21000
2020-01-14,Alamein,Tuesday,School Holiday,2019-20,21450
2020-01-15,Alamein,Wednesday,School Holiday,2019-20,19650
2020-01-16,Alamein,Thursday,School Holiday,2019-20,21230
2020-01-17,Alamein,Friday,School Holiday,2019-20,22080
2020-01-18,Alamein,Saturday,Saturday,2019-20,2100
2020-01-19,Alamein,Sunday,Sunday,2019-20,1150
2020-01-20,Alamein,Monday,School Holiday,2019-20,22580
2020-01-21,Alamein,Tuesday,School Holiday,2019-20,23830
2020-01-22,Alamein,Wednesday,School Holiday,2019-20,21560
2020-01-23,Alamein,Thursday,School Holiday,2019-20,21780
2020-01-24,Alamein,Friday,School Holiday,2019-20,22210
2020-01-25,Alamein,Saturday,Saturday,2019-20,1970
2020-01-26,Alamein,Sunday,Sunday,2019-20,1430
2020-01-27,Alamein,Monday,Public Holiday,2019-20,1320
2020-01-28,Alamein,Tuesday,School Holiday,2019-20,21850
2020-01-29,Alamein,Wednesday,Normal Weekday,2019-20,21440
2020-01-30,Alamein,Thursday,Normal Weekday,2019-20,19990
2020-01-31,Alamein,Friday,Normal Weekday,2019-20,20700
2020-02-01,Alamein,Saturday,Saturday,2019-20,870
2020-02-02,Alamein,Sunday,Sunday,2019-20,1110
2020-02-03,Alamein,Monday,Normal Weekday,2019-20,22670
2020-02-04,Alamein,Tuesday,Normal Weekday,2019-20,23540
2020-02-05,Alamein,Wednesday,Normal Weekday,2019-20,20480
2020-02-06,Alamein,Thursday,Normal Weekday,2019-20,22960
2020-02-07,Alamein,Friday,Normal Weekday,2019-20,21460
2020-02-08,Alamein,Saturday,Saturday,2019-20,1460
2020-02-09,Alamein,Sunday,Sunday,2019-20,1040
2020-02-10,Alamein,Monday,Normal Weekday,2019-20,22470
2020-02-11,Alamein,Tuesday,Normal Weekday,2019-20,22820
2020-02-12,Alamein,Wednesday,Normal Weekday,2019-20,21460
2020-02-13,Alamein,Thursday,Normal Weekday,2019-20,23250
2020-02-14,Alamein,Friday,Normal Weekday,2019-20,21720
2020-02-15,Alamein,Saturday,Saturday,2019-20,1420
2020-02-16,Alamein,Sunday,Sunday,2019-20,1350
2020-02-17,Alamein,Monday,Normal Weekday,2019-20,23070
2020-02-18,Alamein,Tuesday,Normal Weekday,2019-20,24340
2020-02-19,Alamein,Wednesday,Normal Weekday,2019-20,22790
2020-02-20,Alamein,Thursday,Normal Weekday,2019-20,25170
2020-02-21,Alamein,Friday,Normal Weekday,2019-20,21980
2020-02-22,Alamein,Saturday,Saturday,2019-20,1490
2020-02-23,Alamein,Sunday,Sunday,2019-20,920
2020-02-24,Alamein,Monday,Normal Weekday,2019-20,23010
2020-02-25,Alamein,Tuesday,Normal Weekday,2019-20,25350
2020-02-26,Alamein,Wednesday,Normal Weekday,2019-20,23880
2020-02-27,Alamein,Thursday,Normal Weekday,2019-20,24070
2020-02-28,Alamein,Friday,Normal Weekday,2019-20,22940
2020-02-29,Alamein,Saturday,Saturday,2019-20,1640
2020-03-01,Alamein,Sunday,Sunday,2019-20,1480
2020-03-02,Alamein,Monday,Normal Weekday,2019-20,26610
2020-03-03,Alamein,Tuesday,Normal Weekday,2019-20,27130
2020-03-04,Alamein,Wednesday,Normal Weekday,2019-20,25520
2020-03-05,Alamein,Thursday,Normal Weekday,2019-20,24840
2020-03-06,Alamein,Friday,Normal Weekday,2019-20,24490
2020-03-07,Alamein,Saturday,Saturday,2019-20,1160
2020-03-08,Alamein,Sunday,Sunday,2019-20,1140
2020-03-09,Alamein,Monday,Public Holiday,2019-20,1000
2020-03-10,Alamein,Tuesday,Normal Weekday,2019-20,24510
2020-03-11,Alamein,Wednesday,Normal Weekday,2019-20,23230
2020-03-12,Alamein,Thursday,Normal Weekday,2019-20,23430
2020-03-13,Alamein,Friday,Normal Weekday,2019-20,21070
2020-03-14,Alamein,Saturday,Saturday,2019-20,960
2020-03-15,Alamein,Sunday,Sunday,2019-20,730
2020-03-16,Alamein,Monday,Normal Weekday,2019-20,17970
2020-03-17,Alamein,Tuesday,Normal Weekday,2019-20,13870
2020-03-18,Alamein,Wednesday,Normal Weekday,2019-20,10930
2020-03-19,Alamein,Thursday,Normal Weekday,2019-20,9740
2020-03-20,Alamein,Friday,Normal Weekday,2019-20,8670
2020-03-21,Alamein,Saturday,Saturday,2019-20,440
2020-03-22,Alamein,Sunday,Sunday,2019-20,130
2020-03-23,Alamein,Monday,Normal Weekday,2019-20,5360
2020-03-24,Alamein,Tuesday,School Holiday,2019-20,3040
2020-03-25,Alamein,Wednesday,School Holiday,2019-20,2300
2020-03-26,Alamein,Thursday,School Holiday,2019-20,2010
2020-03-27,Alamein,Friday,School Holiday,2019-20,1800
2020-03-28,Alamein,Saturday,Saturday,2019-20,50
2020-03-29,Alamein,Sunday,Sunday,2019-20,20
2020-03-30,Alamein,Monday,School Holiday,2019-20,1240
2020-03-31,Alamein,Tuesday,School Holiday,2019-20,920
2020-04-01,Alamein,Wednesday,School Holiday,2019-20,970
2020-04-02,Alamein,Thursday,School Holiday,2019-20,880
2020-04-03,Alamein,Friday,School Holiday,2019-20,930
2020-04-04,Alamein,Saturday,Saturday,2019-20,20
2020-04-05,Alamein,Sunday,Sunday,2019-20,0
2020-04-06,Alamein,Monday,School Holiday,2019-20,1160
2020-04-07,Alamein,Tuesday,School Holiday,2019-20,1290
2020-04-08,Alamein,Wednesday,School Holiday,2019-20,1070
2020-04-09,Alamein,Thursday,School Holiday,2019-20,1130
2020-04-10,Alamein,Friday,Public Holiday,2019-20,10
2020-04-11,Alamein,Saturday,Public Holiday,2019-20,20
2020-04-12,Alamein,Sunday,Public Holiday,2019-20,20
2020-04-13,Alamein,Monday,Public Holiday,2019-20,20
2020-04-14,Alamein,Tuesday,School Holiday,2019-20,840
2020-04-15,Alamein,Wednesday,Normal Weekday,2019-20,820
2020-04-16,Alamein,Thursday,Normal Weekday,2019-20,1220
2020-04-17,Alamein,Friday,Normal Weekday,2019-20,890
2020-04-18,Alamein,Saturday,Saturday,2019-20,50
2020-04-19,Alamein,Sunday,Sunday,2019-20,20
2020-04-20,Alamein,Monday,Normal Weekday,2019-20,940
2020-04-21,Alamein,Tuesday,Normal Weekday,2019-20,1000
2020-04-22,Alamein,Wednesday,Normal Weekday,2019-20,970
2020-04-23,Alamein,Thursday,Normal Weekday,2019-20,1000
2020-04-24,Alamein,Friday,Normal Weekday,2019-20,1040
2020-04-25,Alamein,Saturday,Public Holiday,2019-20,40
2020-04-26,Alamein,Sunday,Sunday,2019-20,30
2020-04-27,Alamein,Monday,Normal Weekday,2019-20,790
2020-04-28,Alamein,Tuesday,Normal Weekday,2019-20,790
2020-04-29,Alamein,Wednesday,Normal Weekday,2019-20,1060
2020-04-30,Alamein,Thursday,Normal Weekday,2019-20,1040
2020-05-01,Alamein,Friday,Normal Weekday,2019-20,1030
2020-05-02,Alamein,Saturday,Saturday,2019-20,80
2020-05-03,Alamein,Sunday,Sunday,2019-20,20
2020-05-04,Alamein,Monday,Normal Weekday,2019-20,1350
2020-05-05,Alamein,Tuesday,Normal Weekday,2019-20,1380
2020-05-06,Alamein,Wednesday,Normal Weekday,2019-20,1510
2020-05-07,Alamein,Thursday,Normal Weekday,2019-20,1470
2020-05-08,Alamein,Friday,Normal Weekday,2019-20,1520
2020-05-09,Alamein,Saturday,Saturday,2019-20,90
2020-05-10,Alamein,Sunday,Sunday,2019-20,150
2020-05-11,Alamein,Monday,Normal Weekday,2019-20,1440
2020-05-12,Alamein,Tuesday,Normal Weekday,2019-20,1750
2020-05-13,Alamein,Wednesday,Normal Weekday,2019-20,1600
2020-05-14,Alamein,Thursday,Normal Weekday,2019-20,1790
2020-05-15,Alamein,Friday,Normal Weekday,2019-20,1850
2020-05-16,Alamein,Saturday,Saturday,2019-20,280
2020-05-17,Alamein,Sunday,Sunday,2019-20,200
2020-05-18,Alamein,Monday,Normal Weekday,2019-20,1730
2020-05-19,Alamein,Tuesday,Normal Weekday,2019-20,1940
2020-05-20,Alamein,Wednesday,Normal Weekday,2019-20,2070
2020-05-21,Alamein,Thursday,Normal Weekday,2019-20,1990
2020-05-22,Alamein,Friday,Normal Weekday,2019-20,2300
2020-05-23,Alamein,Saturday,Saturday,2019-20,230
2020-05-24,Alamein,Sunday,Sunday,2019-20,190
2020-05-25,Alamein,Monday,Normal Weekday,2019-20,2200
2020-05-26,Alamein,Tuesday,Normal Weekday,2019-20,2820
2020-05-27,Alamein,Wednesday,Normal Weekday,2019-20,3070
2020-05-28,Alamein,Thursday,Normal Weekday,2019-20,3100
2020-05-29,Alamein,Friday,Normal Weekday,2019-20,3130
2020-05-30,Alamein,Saturday,Saturday,2019-20,290
2020-05-31,Alamein,Sunday,Sunday,2019-20,190
2020-06-01,Alamein,Monday,Normal Weekday,2019-20,3340
2020-06-02,Alamein,Tuesday,Normal Weekday,2019-20,3630
2020-06-03,Alamein,Wednesday,Normal Weekday,2019-20,3670
2020-06-04,Alamein,Thursday,Normal Weekday,2019-20,4150
2020-06-05,Alamein,Friday,Normal Weekday,2019-20,4380
2020-06-06,Alamein,Saturday,Saturday,2019-20,520
2020-06-07,Alamein,Sunday,Sunday,2019-20,340
2020-06-08,Alamein,Monday,Public Holiday,2019-20,330
2020-06-09,Alamein,Tuesday,Normal Weekday,2019-20,4320
2020-06-10,Alamein,Wednesday,Normal Weekday,2019-20,4750
2020-06-11,Alamein,Thursday,Normal Weekday,2019-20,4790
2020-06-12,Alamein,Friday,Normal Weekday,2019-20,5300
2020-06-13,Alamein,Saturday,Saturday,2019-20,380
2020-06-14,Alamein,Sunday,Sunday,2019-20,420
2020-06-15,Alamein,Monday,Normal Weekday,2019-20,4660
2020-06-16,Alamein,Tuesday,Normal Weekday,2019-20,5060
2020-06-17,Alamein,Wednesday,Normal Weekday,2019-20,5020
2020-06-18,Alamein,Thursday,Normal Weekday,2019-20,5460
2020-06-19,Alamein,Friday,Normal Weekday,2019-20,5750
2020-06-20,Alamein,Saturday,Saturday,2019-20,530
2020-06-21,Alamein,Sunday,Sunday,2019-20,500
2020-06-22,Alamein,Monday,Normal Weekday,2019-20,4430
2020-06-23,Alamein,Tuesday,Normal Weekday,2019-20,5170
2020-06-24,Alamein,Wednesday,Normal Weekday,2019-20,4930
2020-06-25,Alamein,Thursday,Normal Weekday,2019-20,4830
2020-06-26,Alamein,Friday,Normal Weekday,2019-20,5200
2020-06-27,Alamein,Saturday,Saturday,2019-20,530
2020-06-28,Alamein,Sunday,Sunday,2019-20,490
2020-06-29,Alamein,Monday,School Holiday,2019-20,3740
2020-06-30,Alamein,Tuesday,School Holiday,2019-20,3960
2020-07-01,Alamein,Wednesday,School Holiday,2020-21,3750
2020-07-02,Alamein,Thursday,School Holiday,2020-21,3310
2020-07-03,Alamein,Friday,School Holiday,2020-21,3270
2020-07-04,Alamein,Saturday,Saturday,2020-21,350
2020-07-05,Alamein,Sunday,Sunday,2020-21,390
2020-07-06,Alamein,Monday,School Holiday,2020-21,2810
2020-07-07,Alamein,Tuesday,School Holiday,2020-21,3290
2020-07-08,Alamein,Wednesday,School Holiday,2020-21,3440
2020-07-09,Alamein,Thursday,School Holiday,2020-21,1730
2020-07-10,Alamein,Friday,School Holiday,2020-21,2130
2020-07-11,Alamein,Saturday,Saturday,2020-21,40
2020-07-12,Alamein,Sunday,Sunday,2020-21,80
2020-07-13,Alamein,Monday,Normal Weekday,2020-21,1950
2020-07-14,Alamein,Tuesday,Normal Weekday,2020-21,2540
2020-07-15,Alamein,Wednesday,Normal Weekday,2020-21,2150
2020-07-16,Alamein,Thursday,Normal Weekday,2020-21,2310
2020-07-17,Alamein,Friday,Normal Weekday,2020-21,1950
2020-07-18,Alamein,Saturday,Saturday,2020-21,50
2020-07-19,Alamein,Sunday,Sunday,2020-21,40
2020-07-20,Alamein,Monday,Normal Weekday,2020-21,1810
2020-07-21,Alamein,Tuesday,Normal Weekday,2020-21,2040
2020-07-22,Alamein,Wednesday,Normal Weekday,2020-21,2020
2020-07-23,Alamein,Thursday,Normal Weekday,2020-21,1920
2020-07-24,Alamein,Friday,Normal Weekday,2020-21,1840
2020-07-25,Alamein,Saturday,Saturday,2020-21,40
2020-07-26,Alamein,Sunday,Sunday,2020-21,50
2020-07-27,Alamein,Monday,Normal Weekday,2020-21,1900
2020-07-28,Alamein,Tuesday,Normal Weekday,2020-21,1920
2020-07-29,Alamein,Wednesday,Normal Weekday,2020-21,1810
2020-07-30,Alamein,Thursday,Normal Weekday,2020-21,1790
2020-07-31,Alamein,Friday,Normal Weekday,2020-21,0
2020-08-01,Alamein,Saturday,Saturday,2020-21,130
2020-08-02,Alamein,Sunday,Sunday,2020-21,110
2020-08-03,Alamein,Monday,Normal Weekday,2020-21,1490
2020-08-04,Alamein,Tuesday,Normal Weekday,2020-21,1100
2020-08-05,Alamein,Wednesday,Normal Weekday,2020-21,1020
2020-08-06,Alamein,Thursday,Normal Weekday,2020-21,610
2020-08-07,Alamein,Friday,Normal Weekday,2020-21,550
2020-08-10,Alamein,Monday,Normal Weekday,2020-21,570
2020-08-11,Alamein,Tuesday,Normal Weekday,2020-21,570
2020-08-12,Alamein,Wednesday,Normal Weekday,2020-21,470
2020-08-13,Alamein,Thursday,Normal Weekday,2020-21,530
2020-08-14,Alamein,Friday,Normal Weekday,2020-21,400
2020-08-15,Alamein,Saturday,Saturday,2020-21,10
2020-08-16,Alamein,Sunday,Sunday,2020-21,0
2020-08-17,Alamein,Monday,Normal Weekday,2020-21,450
2020-08-18,Alamein,Tuesday,Normal Weekday,2020-21,500
2020-08-19,Alamein,Wednesday,Normal Weekday,2020-21,540
2020-08-20,Alamein,Thursday,Normal Weekday,2020-21,470
2020-08-21,Alamein,Friday,Normal Weekday,2020-21,510
2020-08-22,Alamein,Saturday,Saturday,2020-21,0
2020-08-23,Alamein,Sunday,Sunday,2020-21,30
2020-08-24,Alamein,Monday,Normal Weekday,2020-21,460
2020-08-25,Alamein,Tuesday,Normal Weekday,2020-21,650
2020-08-26,Alamein,Wednesday,Normal Weekday,2020-21,490
2020-08-27,Alamein,Thursday,Normal Weekday,2020-21,570
2020-08-28,Alamein,Friday,Normal Weekday,2020-21,450
2020-08-29,Alamein,Saturday,Saturday,2020-21,20
2020-08-30,Alamein,Sunday,Sunday,2020-21,0
2020-08-31,Alamein,Monday,Normal Weekday,2020-21,550
2020-09-01,Alamein,Tuesday,Normal Weekday,2020-21,600
2020-09-02,Alamein,Wednesday,Normal Weekday,2020-21,540
2020-09-03,Alamein,Thursday,Normal Weekday,2020-21,460
2020-09-04,Alamein,Friday,Normal Weekday,2020-21,600
2020-09-05,Alamein,Saturday,Saturday,2020-21,30
2020-09-06,Alamein,Sunday,Sunday,2020-21,30
2020-09-07,Alamein,Monday,Normal Weekday,2020-21,510
2020-09-08,Alamein,Tuesday,Normal Weekday,2020-21,600
2020-09-09,Alamein,Wednesday,Normal Weekday,2020-21,640
2020-09-10,Alamein,Thursday,Normal Weekday,2020-21,570
2020-09-11,Alamein,Friday,Normal Weekday,2020-21,510
2020-09-12,Alamein,Saturday,Saturday,2020-21,20
2020-09-13,Alamein,Sunday,Sunday,2020-21,100
2020-09-14,Alamein,Monday,Normal Weekday,2020-21,410
2020-09-15,Alamein,Tuesday,Normal Weekday,2020-21,550
2020-09-16,Alamein,Wednesday,Normal Weekday,2020-21,690
2020-09-17,Alamein,Thursday,Normal Weekday,2020-21,690
2020-09-18,Alamein,Friday,Normal Weekday,2020-21,570
2020-09-19,Alamein,Saturday,Saturday,2020-21,10
2020-09-20,Alamein,Sunday,Sunday,2020-21,80
2020-09-21,Alamein,Monday,School Holiday,2020-21,520
2020-09-22,Alamein,Tuesday,School Holiday,2020-21,730
2020-09-23,Alamein,Wednesday,School Holiday,2020-21,810
2020-09-24,Alamein,Thursday,School Holiday,2020-21,620
2020-09-25,Alamein,Friday,School Holiday,2020-21,630
2020-09-26,Alamein,Saturday,Saturday,2020-21,20
2020-09-27,Alamein,Sunday,Sunday,2020-21,80
2020-09-28,Alamein,Monday,School Holiday,2020-21,660
2020-09-29,Alamein,Tuesday,School Holiday,2020-21,880
2020-09-30,Alamein,Wednesday,School Holiday,2020-21,890
2020-10-01,Alamein,Thursday,School Holiday,2020-21,860
2020-10-02,Alamein,Friday,School Holiday,2020-21,820
2020-10-03,Alamein,Saturday,Saturday,2020-21,40
2020-10-04,Alamein,Sunday,Sunday,2020-21,80
2020-10-05,Alamein,Monday,Normal Weekday,2020-21,810
2020-10-06,Alamein,Tuesday,Normal Weekday,2020-21,840
2020-10-07,Alamein,Wednesday,Normal Weekday,2020-21,1190
2020-10-08,Alamein,Thursday,Normal Weekday,2020-21,1180
2020-10-09,Alamein,Friday,Normal Weekday,2020-21,820
2020-10-10,Alamein,Saturday,Saturday,2020-21,80
2020-10-11,Alamein,Sunday,Sunday,2020-21,150
2020-10-12,Alamein,Monday,Normal Weekday,2020-21,1340
2020-10-13,Alamein,Tuesday,Normal Weekday,2020-21,1640
2020-10-14,Alamein,Wednesday,Normal Weekday,2020-21,1630
2020-10-15,Alamein,Thursday,Normal Weekday,2020-21,1710
2020-10-16,Alamein,Friday,Normal Weekday,2020-21,1740
2020-10-17,Alamein,Saturday,Saturday,2020-21,40
2020-10-18,Alamein,Sunday,Sunday,2020-21,70
2020-10-19,Alamein,Monday,Normal Weekday,2020-21,1830
2020-10-20,Alamein,Tuesday,Normal Weekday,2020-21,2070
2020-10-21,Alamein,Wednesday,Normal Weekday,2020-21,2050
2020-10-22,Alamein,Thursday,Normal Weekday,2020-21,2270
2020-10-23,Alamein,Friday,Public Holiday,2020-21,310
2020-10-24,Alamein,Saturday,Saturday,2020-21,140
2020-10-25,Alamein,Sunday,Sunday,2020-21,300
2020-10-26,Alamein,Monday,Normal Weekday,2020-21,2590
2020-10-27,Alamein,Tuesday,Normal Weekday,2020-21,2830
2020-10-28,Alamein,Wednesday,Normal Weekday,2020-21,3810
2020-10-29,Alamein,Thursday,Normal Weekday,2020-21,3810
2020-10-30,Alamein,Friday,Normal Weekday,2020-21,4070
2020-10-31,Alamein,Saturday,Saturday,2020-21,510
2020-11-01,Alamein,Sunday,Sunday,2020-21,440
2020-11-02,Alamein,Monday,Normal Weekday,2020-21,2740
2020-11-03,Alamein,Tuesday,Public Holiday,2020-21,420
2020-11-04,Alamein,Wednesday,Normal Weekday,2020-21,3610
2020-11-05,Alamein,Thursday,Normal Weekday,2020-21,3820
2020-11-06,Alamein,Friday,Normal Weekday,2020-21,3870
2020-11-07,Alamein,Saturday,Saturday,2020-21,630
2020-11-08,Alamein,Sunday,Sunday,2020-21,420
2020-11-09,Alamein,Monday,Normal Weekday,2020-21,3970
2020-11-10,Alamein,Tuesday,Normal Weekday,2020-21,4070
2020-11-11,Alamein,Wednesday,Normal Weekday,2020-21,4190
2020-11-12,Alamein,Thursday,Normal Weekday,2020-21,4440
2020-11-13,Alamein,Friday,Normal Weekday,2020-21,5030
2020-11-14,Alamein,Saturday,Saturday,2020-21,760
2020-11-15,Alamein,Sunday,Sunday,2020-21,380
2020-11-16,Alamein,Monday,Normal Weekday,2020-21,3560
2020-11-17,Alamein,Tuesday,Normal Weekday,2020-21,4290
2020-11-18,Alamein,Wednesday,Normal Weekday,2020-21,4290
2020-11-19,Alamein,Thursday,Normal Weekday,2020-21,4490
2020-11-20,Alamein,Friday,Normal Weekday,2020-21,5140
2020-11-21,Alamein,Saturday,Saturday,2020-21,760
2020-11-22,Alamein,Sunday,Sunday,2020-21,360
2020-11-23,Alamein,Monday,Normal Weekday,2020-21,4110
2020-11-24,Alamein,Tuesday,Normal Weekday,2020-21,5030
2020-11-25,Alamein,Wednesday,Normal Weekday,2020-21,4860
2020-11-26,Alamein,Thursday,Normal Weekday,2020-21,5550
2020-11-27,Alamein,Friday,Normal Weekday,2020-21,6090
2020-11-28,Alamein,Saturday,Saturday,2020-21,1050
2020-11-29,Alamein,Sunday,Sunday,2020-21,410
2020-11-30,Alamein,Monday,Normal Weekday,2020-21,5120
2020-12-01,Alamein,Tuesday,Normal Weekday,2020-21,5130
2020-12-02,Alamein,Wednesday,Normal Weekday,2020-21,5670
2020-12-03,Alamein,Thursday,Normal Weekday,2020-21,5810
2020-12-04,Alamein,Friday,Normal Weekday,2020-21,6720
2020-12-05,Alamein,Saturday,Saturday,2020-21,830
2020-12-06,Alamein,Sunday,Sunday,2020-21,620
2020-12-07,Alamein,Monday,Normal Weekday,2020-21,4590
2020-12-08,Alamein,Tuesday,Normal Weekday,2020-21,5260
2020-12-09,Alamein,Wednesday,Normal Weekday,2020-21,5920
2020-12-10,Alamein,Thursday,Normal Weekday,2020-21,6230
2020-12-11,Alamein,Friday,Normal Weekday,2020-21,6430
2020-12-12,Alamein,Saturday,Saturday,2020-21,860
2020-12-13,Alamein,Sunday,Sunday,2020-21,540
2020-12-14,Alamein,Monday,Normal Weekday,2020-21,5010
2020-12-15,Alamein,Tuesday,Normal Weekday,2020-21,5590
2020-12-16,Alamein,Wednesday,Normal Weekday,2020-21,5680
2020-12-17,Alamein,Thursday,Normal Weekday,2020-21,6170
2020-12-18,Alamein,Friday,Normal Weekday,2020-21,7170
2020-12-19,Alamein,Saturday,Saturday,2020-21,830
2020-12-20,Alamein,Sunday,Sunday,2020-21,680
2020-12-21,Alamein,Monday,School Holiday,2020-21,4700
2020-12-22,Alamein,Tuesday,School Holiday,2020-21,4770
2020-12-23,Alamein,Wednesday,School Holiday,2020-21,4590
2020-12-24,Alamein,Thursday,School Holiday,2020-21,2710
2020-12-25,Alamein,Friday,Public Holiday,2020-21,10
2020-12-26,Alamein,Saturday,Public Holiday,2020-21,800
2020-12-27,Alamein,Sunday,Sunday,2020-21,660
2020-12-28,Alamein,Monday,Public Holiday,2020-21,810
2020-12-29,Alamein,Tuesday,School Holiday,2020-21,3050
2020-12-30,Alamein,Wednesday,School Holiday,2020-21,2750
2020-12-31,Alamein,Thursday,School Holiday,2020-21,2200
2021-01-01,Alamein,Friday,Public Holiday,2020-21,310
2021-01-02,Alamein,Saturday,Saturday,2020-21,410
2021-01-03,Alamein,Sunday,Sunday,2020-21,400
2021-01-04,Alamein,Monday,School Holiday,2020-21,2280
2021-01-05,Alamein,Tuesday,School Holiday,2020-21,2950
2021-01-06,Alamein,Wednesday,School Holiday,2020-21,2720
2021-01-07,Alamein,Thursday,School Holiday,2020-21,2940
2021-01-08,Alamein,Friday,School Holiday,2020-21,3380
2021-01-09,Alamein,Saturday,Saturday,2020-21,450
2021-01-10,Alamein,Sunday,Sunday,2020-21,330
2021-01-11,Alamein,Monday,School Holiday,2020-21,3300
2021-01-12,Alamein,Tuesday,School Holiday,2020-21,4220
2021-01-13,Alamein,Wednesday,School Holiday,2020-21,4430
2021-01-14,Alamein,Thursday,School Holiday,2020-21,4730
2021-01-15,Alamein,Friday,School Holiday,2020-21,5050
2021-01-16,Alamein,Saturday,Saturday,2020-21,590
2021-01-17,Alamein,Sunday,Sunday,2020-21,670
2021-01-18,Alamein,Monday,School Holiday,2020-21,5110
2021-01-19,Alamein,Tuesday,School Holiday,2020-21,5580
2021-01-20,Alamein,Wednesday,School Holiday,2020-21,5780
2021-01-21,Alamein,Thursday,School Holiday,2020-21,5720
2021-01-22,Alamein,Friday,School Holiday,2020-21,5350
2021-01-23,Alamein,Saturday,Saturday,2020-21,710
2021-01-24,Alamein,Sunday,Sunday,2020-21,470
2021-01-25,Alamein,Monday,School Holiday,2020-21,3440
2021-01-26,Alamein,Tuesday,Public Holiday,2020-21,530
2021-01-27,Alamein,Wednesday,School Holiday,2020-21,6350
2021-01-28,Alamein,Thursday,Normal Weekday,2020-21,7280
2021-01-29,Alamein,Friday,Normal Weekday,2020-21,6710
2021-01-30,Alamein,Saturday,Saturday,2020-21,990
2021-01-31,Alamein,Sunday,Sunday,2020-21,730
2021-02-01,Alamein,Monday,Normal Weekday,2020-21,7770
2021-02-02,Alamein,Tuesday,Normal Weekday,2020-21,8380
2021-02-03,Alamein,Wednesday,Normal Weekday,2020-21,8660
2021-02-04,Alamein,Thursday,Normal Weekday,2020-21,7950
2021-02-05,Alamein,Friday,Normal Weekday,2020-21,7530
2021-02-06,Alamein,Saturday,Saturday,2020-21,970
2021-02-07,Alamein,Sunday,Sunday,2020-21,650
2021-02-08,Alamein,Monday,Normal Weekday,2020-21,7350
2021-02-09,Alamein,Tuesday,Normal Weekday,2020-21,8320
2021-02-10,Alamein,Wednesday,Normal Weekday,2020-21,8210
2021-02-11,Alamein,Thursday,Normal Weekday,2020-21,8340
2021-02-12,Alamein,Friday,Normal Weekday,2020-21,8630
2021-02-13,Alamein,Saturday,Saturday,2020-21,10
2021-02-14,Alamein,Sunday,Sunday,2020-21,40
2021-02-15,Alamein,Monday,Normal Weekday,2020-21,700
2021-02-16,Alamein,Tuesday,Normal Weekday,2020-21,940
2021-02-17,Alamein,Wednesday,Normal Weekday,2020-21,890
2021-02-18,Alamein,Thursday,Normal Weekday,2020-21,6990
2021-02-19,Alamein,Friday,Normal Weekday,2020-21,7750
2021-02-20,Alamein,Saturday,Saturday,2020-21,940
2021-02-21,Alamein,Sunday,Sunday,2020-21,820
2021-02-22,Alamein,Monday,Normal Weekday,2020-21,7600
2021-02-23,Alamein,Tuesday,Normal Weekday,2020-21,8280
2021-02-24,Alamein,Wednesday,Normal Weekday,2020-21,8560
2021-02-25,Alamein,Thursday,Normal Weekday,2020-21,8910
2021-02-26,Alamein,Friday,Normal Weekday,2020-21,8750
2021-02-27,Alamein,Saturday,Saturday,2020-21,980
2021-02-28,Alamein,Sunday,Sunday,2020-21,760
2021-03-01,Alamein,Monday,Normal Weekday,2020-21,8540
2021-03-02,Alamein,Tuesday,Normal Weekday,2020-21,9860
2021-03-03,Alamein,Wednesday,Normal Weekday,2020-21,9900
2021-03-04,Alamein,Thursday,Normal Weekday,2020-21,10510
2021-03-05,Alamein,Friday,Normal Weekday,2020-21,9090
2021-03-06,Alamein,Saturday,Saturday,2020-21,870
2021-03-07,Alamein,Sunday,Sunday,2020-21,830
2021-03-08,Alamein,Monday,Public Holiday,2020-21,500
2021-03-09,Alamein,Tuesday,Normal Weekday,2020-21,10380
2021-03-10,Alamein,Wednesday,Normal Weekday,2020-21,10680
2021-03-11,Alamein,Thursday,Normal Weekday,2020-21,11250
2021-03-12,Alamein,Friday,Normal Weekday,2020-21,10420
2021-03-13,Alamein,Saturday,Saturday,2020-21,710
2021-03-14,Alamein,Sunday,Sunday,2020-21,700
2021-03-15,Alamein,Monday,Normal Weekday,2020-21,9730
2021-03-16,Alamein,Tuesday,Normal Weekday,2020-21,10950
2021-03-17,Alamein,Wednesday,Normal Weekday,2020-21,11180
2021-03-18,Alamein,Thursday,Normal Weekday,2020-21,11600
2021-03-19,Alamein,Friday,Normal Weekday,2020-21,11370
2021-03-20,Alamein,Saturday,Saturday,2020-21,1220
2021-03-21,Alamein,Sunday,Sunday,2020-21,360
2021-03-22,Alamein,Monday,Normal Weekday,2020-21,9240
2021-03-23,Alamein,Tuesday,Normal Weekday,2020-21,10790
2021-03-24,Alamein,Wednesday,Normal Weekday,2020-21,11300
2021-03-25,Alamein,Thursday,Normal Weekday,2020-21,12200
2021-03-26,Alamein,Friday,Normal Weekday,2020-21,10980
2021-03-27,Alamein,Saturday,Saturday,2020-21,1060
2021-03-28,Alamein,Sunday,Sunday,2020-21,990
2021-03-29,Alamein,Monday,Normal Weekday,2020-21,10180
2021-03-30,Alamein,Tuesday,Normal Weekday,2020-21,11750
2021-03-31,Alamein,Wednesday,Normal Weekday,2020-21,11560
2021-04-01,Alamein,Thursday,Normal Weekday,2020-21,10980
2021-04-02,Alamein,Friday,Public Holiday,2020-21,500
2021-04-03,Alamein,Saturday,Public Holiday,2020-21,1070
2021-04-04,Alamein,Sunday,Public Holiday,2020-21,450
2021-04-05,Alamein,Monday,Public Holiday,2020-21,730
2021-04-06,Alamein,Tuesday,School Holiday,2020-21,8110
2021-04-07,Alamein,Wednesday,School Holiday,2020-21,8930
2021-04-08,Alamein,Thursday,School Holiday,2020-21,9370
2021-04-09,Alamein,Friday,School Holiday,2020-21,8880
2021-04-10,Alamein,Saturday,Saturday,2020-21,910
2021-04-11,Alamein,Sunday,Sunday,2020-21,750
2021-04-12,Alamein,Monday,School Holiday,2020-21,8760
2021-04-13,Alamein,Tuesday,School Holiday,2020-21,10330
2021-04-14,Alamein,Wednesday,School Holiday,2020-21,10680
2021-04-15,Alamein,Thursday,School Holiday,2020-21,11650
2021-04-16,Alamein,Friday,School Holiday,2020-21,9510
2021-04-17,Alamein,Saturday,Saturday,2020-21,1330
2021-04-18,Alamein,Sunday,Sunday,2020-21,1200
2021-04-19,Alamein,Monday,Normal Weekday,2020-21,10200
2021-04-20,Alamein,Tuesday,Normal Weekday,2020-21,12110
2021-04-21,Alamein,Wednesday,Normal Weekday,2020-21,12020
2021-04-22,Alamein,Thursday,Normal Weekday,2020-21,12530
2021-04-23,Alamein,Friday,Normal Weekday,2020-21,11620
2021-04-24,Alamein,Saturday,Saturday,2020-21,1380
2021-04-25,Alamein,Sunday,Public Holiday,2020-21,1190
2021-04-26,Alamein,Monday,Normal Weekday,2020-21,10170
2021-04-27,Alamein,Tuesday,Normal Weekday,2020-21,12010
2021-04-28,Alamein,Wednesday,Normal Weekday,2020-21,12420
2021-04-29,Alamein,Thursday,Normal Weekday,2020-21,12660
2021-04-30,Alamein,Friday,Normal Weekday,2020-21,12410
2021-05-03,Alamein,Monday,Normal Weekday,2020-21,10980
2021-05-04,Alamein,Tuesday,Normal Weekday,2020-21,12080
2021-05-05,Alamein,Wednesday,Normal Weekday,2020-21,12340
2021-05-06,Alamein,Thursday,Normal Weekday,2020-21,12210
2021-05-07,Alamein,Friday,Normal Weekday,2020-21,11720
2021-05-08,Alamein,Saturday,Saturday,2020-21,1220
2021-05-09,Alamein,Sunday,Sunday,2020-21,720
2021-05-10,Alamein,Monday,Normal Weekday,2020-21,11260
2021-05-11,Alamein,Tuesday,Normal Weekday,2020-21,11930
2021-05-12,Alamein,Wednesday,Normal Weekday,2020-21,13250
2021-05-13,Alamein,Thursday,Normal Weekday,2020-21,12580
2021-05-14,Alamein,Friday,Normal Weekday,2020-21,11870
2021-05-15,Alamein,Saturday,Saturday,2020-21,890
2021-05-16,Alamein,Sunday,Sunday,2020-21,1090
2021-05-17,Alamein,Monday,Normal Weekday,2020-21,10700
2021-05-18,Alamein,Tuesday,Normal Weekday,2020-21,12320
2021-05-19,Alamein,Wednesday,Normal Weekday,2020-21,12970
2021-05-20,Alamein,Thursday,Normal Weekday,2020-21,13110
2021-05-21,Alamein,Friday,Normal Weekday,2020-21,12280
2021-05-22,Alamein,Saturday,Saturday,2020-21,1510
2021-05-23,Alamein,Sunday,Sunday,2020-21,950
2021-05-24,Alamein,Monday,Normal Weekday,2020-21,11260
2021-05-25,Alamein,Tuesday,Normal Weekday,2020-21,12430
2021-05-26,Alamein,Wednesday,Normal Weekday,2020-21,8520
2021-05-27,Alamein,Thursday,Normal Weekday,2020-21,7850
2021-05-28,Alamein,Friday,Normal Weekday,2020-21,1270
2021-05-29,Alamein,Saturday,Saturday,2020-21,40
2021-05-30,Alamein,Sunday,Sunday,2020-21,30
2021-05-31,Alamein,Monday,Normal Weekday,2020-21,1100
2021-06-01,Alamein,Tuesday,Normal Weekday,2020-21,1110
2021-06-02,Alamein,Wednesday,Normal Weekday,2020-21,1160
2021-06-03,Alamein,Thursday,Normal Weekday,2020-21,1260
2021-06-04,Alamein,Friday,Normal Weekday,2020-21,1730
2021-06-05,Alamein,Saturday,Saturday,2020-21,50
2021-06-06,Alamein,Sunday,Sunday,2020-21,130
2021-06-07,Alamein,Monday,Normal Weekday,2020-21,1900
2021-06-08,Alamein,Tuesday,Normal Weekday,2020-21,1880
2021-06-09,Alamein,Wednesday,Normal Weekday,2020-21,1660
2021-06-10,Alamein,Thursday,Normal Weekday,2020-21,1710
2021-06-11,Alamein,Friday,Normal Weekday,2020-21,5060
2021-06-12,Alamein,Saturday,Saturday,2020-21,490
2021-06-13,Alamein,Sunday,Sunday,2020-21,630
2021-06-14,Alamein,Monday,Public Holiday,2020-21,480
2021-06-15,Alamein,Tuesday,Normal Weekday,2020-21,6050
2021-06-16,Alamein,Wednesday,Normal Weekday,2020-21,6380
2021-06-17,Alamein,Thursday,Normal Weekday,2020-21,6500
2021-06-18,Alamein,Friday,Normal Weekday,2020-21,7090
2021-06-19,Alamein,Saturday,Saturday,2020-21,710
2021-06-20,Alamein,Sunday,Sunday,2020-21,560
2021-06-21,Alamein,Monday,Normal Weekday,2020-21,6940
2021-06-22,Alamein,Tuesday,Normal Weekday,2020-21,7540
2021-06-23,Alamein,Wednesday,Normal Weekday,2020-21,7250
2021-06-24,Alamein,Thursday,Normal Weekday,2020-21,7840
2021-06-25,Alamein,Friday,Normal Weekday,2020-21,8280
2021-06-26,Alamein,Saturday,Saturday,2020-21,930
2021-06-27,Alamein,Sunday,Sunday,2020-21,810
2021-06-28,Alamein,Monday,School Holiday,2020-21,6350
2021-06-29,Alamein,Tuesday,School Holiday,2020-21,7940
2021-06-30,Alamein,Wednesday,School Holiday,2020-21,7580
2021-07-01,Alamein,Thursday,School Holiday,2021-22,7800
2021-07-02,Alamein,Friday,School Holiday,2021-22,7250
2021-07-03,Alamein,Saturday,Saturday,2021-22,1070
2021-07-04,Alamein,Sunday,Sunday,2021-22,620
2021-07-05,Alamein,Monday,School Holiday,2021-22,6900
2021-07-06,Alamein,Tuesday,School Holiday,2021-22,8050
2021-07-07,Alamein,Wednesday,School Holiday,2021-22,8140
2021-07-08,Alamein,Thursday,School Holiday,2021-22,8460
2021-07-09,Alamein,Friday,School Holiday,2021-22,8710
2021-07-10,Alamein,Saturday,Saturday,2021-22,1240
2021-07-11,Alamein,Sunday,Sunday,2021-22,810
2021-07-12,Alamein,Monday,Normal Weekday,2021-22,8580
2021-07-13,Alamein,Tuesday,Normal Weekday,2021-22,11170
2021-07-14,Alamein,Wednesday,Normal Weekday,2021-22,10870
2021-07-15,Alamein,Thursday,Normal Weekday,2021-22,9790
2021-07-16,Alamein,Friday,Normal Weekday,2021-22,1330
2021-07-17,Alamein,Saturday,Saturday,2021-22,20
2021-07-18,Alamein,Sunday,Sunday,2021-22,10
2021-07-19,Alamein,Monday,Normal Weekday,2021-22,1310
2021-07-20,Alamein,Tuesday,Normal Weekday,2021-22,1230
2021-07-21,Alamein,Wednesday,Normal Weekday,2021-22,1350
2021-07-22,Alamein,Thursday,Normal Weekday,2021-22,1530
2021-07-23,Alamein,Friday,Normal Weekday,2021-22,1350
2021-07-24,Alamein,Saturday,Saturday,2021-22,60
2021-07-25,Alamein,Sunday,Sunday,2021-22,30
2021-07-26,Alamein,Monday,Normal Weekday,2021-22,1230
2021-07-27,Alamein,Tuesday,Normal Weekday,2021-22,1530
2021-07-28,Alamein,Wednesday,Normal Weekday,2021-22,5260
2021-07-29,Alamein,Thursday,Normal Weekday,2021-22,5930
2021-07-30,Alamein,Friday,Normal Weekday,2021-22,6430
2021-07-31,Alamein,Saturday,Saturday,2021-22,700
2021-08-01,Alamein,Sunday,Sunday,2021-22,540
2021-08-02,Alamein,Monday,Normal Weekday,2021-22,6570
2021-08-03,Alamein,Tuesday,Normal Weekday,2021-22,7870
2021-08-04,Alamein,Wednesday,Normal Weekday,2021-22,7580
2021-08-05,Alamein,Thursday,Normal Weekday,2021-22,7570
2021-08-06,Alamein,Friday,Normal Weekday,2021-22,1460
2021-08-07,Alamein,Saturday,Saturday,2021-22,40
2021-08-08,Alamein,Sunday,Sunday,2021-22,50
2021-08-09,Alamein,Monday,Normal Weekday,2021-22,1290
2021-08-10,Alamein,Tuesday,Normal Weekday,2021-22,1430
2021-08-11,Alamein,Wednesday,Normal Weekday,2021-22,1650
2021-08-12,Alamein,Thursday,Normal Weekday,2021-22,1990
2021-08-13,Alamein,Friday,Normal Weekday,2021-22,1600
2021-08-14,Alamein,Saturday,Saturday,2021-22,110
2021-08-15,Alamein,Sunday,Sunday,2021-22,190
2021-08-16,Alamein,Monday,Normal Weekday,2021-22,1520
2021-08-17,Alamein,Tuesday,Normal Weekday,2021-22,1300
2021-08-18,Alamein,Wednesday,Normal Weekday,2021-22,1230
2021-08-19,Alamein,Thursday,Normal Weekday,2021-22,1240
2021-08-20,Alamein,Friday,Normal Weekday,2021-22,1390
2021-08-21,Alamein,Saturday,Saturday,2021-22,30
2021-08-22,Alamein,Sunday,Sunday,2021-22,50
2021-08-23,Alamein,Monday,Normal Weekday,2021-22,1050
2021-08-24,Alamein,Tuesday,Normal Weekday,2021-22,1150
2021-08-25,Alamein,Wednesday,Normal Weekday,2021-22,1240
2021-08-26,Alamein,Thursday,Normal Weekday,2021-22,1260
2021-08-27,Alamein,Friday,Normal Weekday,2021-22,1210
2021-08-28,Alamein,Saturday,Saturday,2021-22,90
2021-08-29,Alamein,Sunday,Sunday,2021-22,50
2021-08-30,Alamein,Monday,Normal Weekday,2021-22,1130
2021-08-31,Alamein,Tuesday,Normal Weekday,2021-22,1280
2021-09-01,Alamein,Wednesday,Normal Weekday,2021-22,1170
2021-09-02,Alamein,Thursday,Normal Weekday,2021-22,1230
2021-09-03,Alamein,Friday,Normal Weekday,2021-22,1190
2021-09-04,Alamein,Saturday,Saturday,2021-22,110
2021-09-05,Alamein,Sunday,Sunday,2021-22,20
2021-09-06,Alamein,Monday,Normal Weekday,2021-22,1220
2021-09-07,Alamein,Tuesday,Normal Weekday,2021-22,1390
2021-09-08,Alamein,Wednesday,Normal Weekday,2021-22,1390
2021-09-09,Alamein,Thursday,Normal Weekday,2021-22,1200
2021-09-10,Alamein,Friday,Normal Weekday,2021-22,1150
2021-09-11,Alamein,Saturday,Saturday,2021-22,140
2021-09-12,Alamein,Sunday,Sunday,2021-22,60
2021-09-13,Alamein,Monday,Normal Weekday,2021-22,1210
2021-09-14,Alamein,Tuesday,Normal Weekday,2021-22,1270
2021-09-15,Alamein,Wednesday,Normal Weekday,2021-22,1320
2021-09-16,Alamein,Thursday,Normal Weekday,2021-22,1230
2021-09-17,Alamein,Friday,Normal Weekday,2021-22,1250
2021-09-18,Alamein,Saturday,Saturday,2021-22,80
2021-09-19,Alamein,Sunday,Sunday,2021-22,230
2021-09-20,Alamein,Monday,School Holiday,2021-22,1310
2021-09-21,Alamein,Tuesday,School Holiday,2021-22,1520
2021-09-22,Alamein,Wednesday,School Holiday,2021-22,1370
2021-09-23,Alamein,Thursday,School Holiday,2021-22,1630
2021-09-24,Alamein,Friday,Public Holiday,2021-22,180
2021-09-25,Alamein,Saturday,Saturday,2021-22,160
2021-09-26,Alamein,Sunday,Sunday,2021-22,230
2021-09-27,Alamein,Monday,School Holiday,2021-22,1390
2021-09-28,Alamein,Tuesday,School Holiday,2021-22,1440
2021-09-29,Alamein,Wednesday,School Holiday,2021-22,1500
2021-09-30,Alamein,Thursday,School Holiday,2021-22,1330
2021-10-01,Alamein,Friday,School Holiday,2021-22,1440
2021-10-02,Alamein,Saturday,Saturday,2021-22,240
2021-10-03,Alamein,Sunday,Sunday,2021-22,170
2021-10-04,Alamein,Monday,Normal Weekday,2021-22,1230
2021-10-05,Alamein,Tuesday,Normal Weekday,2021-22,1610
2021-10-06,Alamein,Wednesday,Normal Weekday,2021-22,1920
2021-10-07,Alamein,Thursday,Normal Weekday,2021-22,1780
2021-10-08,Alamein,Friday,Normal Weekday,2021-22,1780
2021-10-09,Alamein,Saturday,Saturday,2021-22,220
2021-10-10,Alamein,Sunday,Sunday,2021-22,180
2021-10-11,Alamein,Monday,Normal Weekday,2021-22,1360
2021-10-12,Alamein,Tuesday,Normal Weekday,2021-22,1890
2021-10-13,Alamein,Wednesday,Normal Weekday,2021-22,1640
2021-10-14,Alamein,Thursday,Normal Weekday,2021-22,1830
2021-10-15,Alamein,Friday,Normal Weekday,2021-22,1690
2021-10-16,Alamein,Saturday,Saturday,2021-22,190
2021-10-17,Alamein,Sunday,Sunday,2021-22,300
2021-10-18,Alamein,Monday,Normal Weekday,2021-22,1600
2021-10-19,Alamein,Tuesday,Normal Weekday,2021-22,1710
2021-10-20,Alamein,Wednesday,Normal Weekday,2021-22,1830
2021-10-21,Alamein,Thursday,Normal Weekday,2021-22,2050
2021-10-22,Alamein,Friday,Normal Weekday,2021-22,3290
2021-10-23,Alamein,Saturday,Saturday,2021-22,600
2021-10-24,Alamein,Sunday,Sunday,2021-22,590
2021-10-25,Alamein,Monday,Normal Weekday,2021-22,2930
2021-10-26,Alamein,Tuesday,Normal Weekday,2021-22,3800
2021-10-27,Alamein,Wednesday,Normal Weekday,2021-22,3780
2021-10-28,Alamein,Thursday,Normal Weekday,2021-22,3790
2021-10-29,Alamein,Friday,Normal Weekday,2021-22,3010
2021-10-30,Alamein,Saturday,Saturday,2021-22,250
2021-10-31,Alamein,Sunday,Sunday,2021-22,280
2021-11-01,Alamein,Monday,Normal Weekday,2021-22,3240
2021-11-02,Alamein,Tuesday,Public Holiday,2021-22,230
2021-11-03,Alamein,Wednesday,Normal Weekday,2021-22,4570
2021-11-04,Alamein,Thursday,Normal Weekday,2021-22,5770
2021-11-05,Alamein,Friday,Normal Weekday,2021-22,6540
2021-11-06,Alamein,Saturday,Saturday,2021-22,540
2021-11-07,Alamein,Sunday,Sunday,2021-22,530
2021-11-08,Alamein,Monday,Normal Weekday,2021-22,5510
2021-11-09,Alamein,Tuesday,Normal Weekday,2021-22,6250
2021-11-10,Alamein,Wednesday,Normal Weekday,2021-22,5660
2021-11-11,Alamein,Thursday,Normal Weekday,2021-22,6890
2021-11-12,Alamein,Friday,Normal Weekday,2021-22,6530
2021-11-15,Alamein,Monday,Normal Weekday,2021-22,5880
2021-11-16,Alamein,Tuesday,Normal Weekday,2021-22,6460
2021-11-17,Alamein,Wednesday,Normal Weekday,2021-22,6600
2021-11-18,Alamein,Thursday,Normal Weekday,2021-22,7050
2021-11-19,Alamein,Friday,Normal Weekday,2021-22,7160
2021-11-20,Alamein,Saturday,Saturday,2021-22,1060
2021-11-21,Alamein,Sunday,Sunday,2021-22,880
2021-11-22,Alamein,Monday,Normal Weekday,2021-22,6550
2021-11-23,Alamein,Tuesday,Normal Weekday,2021-22,8120
2021-11-24,Alamein,Wednesday,Normal Weekday,2021-22,7810
2021-11-25,Alamein,Thursday,Normal Weekday,2021-22,9090
2021-11-26,Alamein,Friday,Normal Weekday,2021-22,8490
2021-11-27,Alamein,Saturday,Saturday,2021-22,950
2021-11-28,Alamein,Sunday,Sunday,2021-22,750
2021-11-29,Alamein,Monday,Normal Weekday,2021-22,7240
2021-11-30,Alamein,Tuesday,Normal Weekday,2021-22,8440
2021-12-01,Alamein,Wednesday,Normal Weekday,2021-22,8490
2021-12-02,Alamein,Thursday,Normal Weekday,2021-22,8960
2021-12-03,Alamein,Friday,Normal Weekday,2021-22,8870
2021-12-04,Alamein,Saturday,Saturday,2021-22,1080
2021-12-05,Alamein,Sunday,Sunday,2021-22,1020
2021-12-06,Alamein,Monday,Normal Weekday,2021-22,6850
2021-12-07,Alamein,Tuesday,Normal Weekday,2021-22,8960
2021-12-08,Alamein,Wednesday,Normal Weekday,2021-22,8790
2021-12-09,Alamein,Thursday,Normal Weekday,2021-22,8540
2021-12-10,Alamein,Friday,Normal Weekday,2021-22,9330
2021-12-11,Alamein,Saturday,Saturday,2021-22,1170
2021-12-12,Alamein,Sunday,Sunday,2021-22,1030
2021-12-13,Alamein,Monday,Normal Weekday,2021-22,7060
2021-12-14,Alamein,Tuesday,Normal Weekday,2021-22,8320
2021-12-15,Alamein,Wednesday,Normal Weekday,2021-22,9460
2021-12-16,Alamein,Thursday,Normal Weekday,2021-22,9460
2021-12-17,Alamein,Friday,Normal Weekday,2021-22,8840
2021-12-18,Alamein,Saturday,Saturday,2021-22,760
2021-12-19,Alamein,Sunday,Sunday,2021-22,610
2021-12-20,Alamein,Monday,School Holiday,2021-22,7770
2021-12-21,Alamein,Tuesday,School Holiday,2021-22,8560
2021-12-22,Alamein,Wednesday,School Holiday,2021-22,7920
2021-12-23,Alamein,Thursday,School Holiday,2021-22,6580
2021-12-24,Alamein,Friday,School Holiday,2021-22,2530
2021-12-25,Alamein,Saturday,Public Holiday,2021-22,220
2021-12-26,Alamein,Sunday,Public Holiday,2021-22,1050
2021-12-27,Alamein,Monday,Public Holiday,2021-22,660
2021-12-28,Alamein,Tuesday,Public Holiday,2021-22,810
2021-12-29,Alamein,Wednesday,School Holiday,2021-22,2310
2021-12-30,Alamein,Thursday,School Holiday,2021-22,2250
2021-12-31,Alamein,Friday,School Holiday,2021-22,2390
2022-01-01,Alamein,Saturday,Public Holiday,2021-22,310
2022-01-02,Alamein,Sunday,Sunday,2021-22,350
2022-01-03,Alamein,Monday,Public Holiday,2021-22,450
2022-01-04,Alamein,Tuesday,School Holiday,2021-22,2710
2022-01-05,Alamein,Wednesday,School Holiday,2021-22,2530
2022-01-06,Alamein,Thursday,School Holiday,2021-22,2230
2022-01-07,Alamein,Friday,School Holiday,2021-22,2120
2022-01-08,Alamein,Saturday,Saturday,2021-22,370
2022-01-09,Alamein,Sunday,Sunday,2021-22,350
2022-01-10,Alamein,Monday,School Holiday,2021-22,2480
2022-01-11,Alamein,Tuesday,School Holiday,2021-22,3010
2022-01-12,Alamein,Wednesday,School Holiday,2021-22,3070
2022-01-13,Alamein,Thursday,School Holiday,2021-22,2630
2022-01-14,Alamein,Friday,School Holiday,2021-22,3350
2022-01-15,Alamein,Saturday,Saturday,2021-22,490
2022-01-16,Alamein,Sunday,Sunday,2021-22,330
2022-01-17,Alamein,Monday,School Holiday,2021-22,3360
2022-01-18,Alamein,Tuesday,School Holiday,2021-22,4070
2022-01-19,Alamein,Wednesday,School Holiday,2021-22,4360
2022-01-20,Alamein,Thursday,School Holiday,2021-22,4100
2022-01-21,Alamein,Friday,School Holiday,2021-22,3980
2022-01-22,Alamein,Saturday,Saturday,2021-22,610
2022-01-23,Alamein,Sunday,Sunday,2021-22,580
2022-01-24,Alamein,Monday,School Holiday,2021-22,3550
2022-01-25,Alamein,Tuesday,School Holiday,2021-22,4500
2022-01-26,Alamein,Wednesday,Public Holiday,2021-22,410
2022-01-27,Alamein,Thursday,School Holiday,2021-22,4830
2022-01-28,Alamein,Friday,School Holiday,2021-22,4370
2022-01-29,Alamein,Saturday,Saturday,2021-22,780
2022-01-30,Alamein,Sunday,Sunday,2021-22,450
2022-01-31,Alamein,Monday,Normal Weekday,2021-22,5040
2022-02-01,Alamein,Tuesday,Normal Weekday,2021-22,6260
2022-02-02,Alamein,Wednesday,Normal Weekday,2021-22,6540
2022-02-03,Alamein,Thursday,Normal Weekday,2021-22,4220
2022-02-04,Alamein,Friday,Normal Weekday,2021-22,6650
2022-02-05,Alamein,Saturday,Saturday,2021-22,810
2022-02-06,Alamein,Sunday,Sunday,2021-22,580
2022-02-07,Alamein,Monday,Normal Weekday,2021-22,6380
2022-02-08,Alamein,Tuesday,Normal Weekday,2021-22,7610
2022-02-09,Alamein,Wednesday,Normal Weekday,2021-22,6990
2022-02-10,Alamein,Thursday,Normal Weekday,2021-22,7130
2022-02-11,Alamein,Friday,Normal Weekday,2021-22,7290
2022-02-12,Alamein,Saturday,Saturday,2021-22,870
2022-02-13,Alamein,Sunday,Sunday,2021-22,580
2022-02-14,Alamein,Monday,Normal Weekday,2021-22,7270
2022-02-15,Alamein,Tuesday,Normal Weekday,2021-22,8070
2022-02-16,Alamein,Wednesday,Normal Weekday,2021-22,8080
2022-02-17,Alamein,Thursday,Normal Weekday,2021-22,8270
2022-02-18,Alamein,Friday,Normal Weekday,2021-22,8500
2022-02-19,Alamein,Saturday,Saturday,2021-22,890
2022-02-20,Alamein,Sunday,Sunday,2021-22,770
2022-02-21,Alamein,Monday,Normal Weekday,2021-22,7380
2022-02-22,Alamein,Tuesday,Normal Weekday,2021-22,8420
2022-02-23,Alamein,Wednesday,Normal Weekday,2021-22,8520
2022-02-24,Alamein,Thursday,Normal Weekday,2021-22,8710
2022-02-25,Alamein,Friday,Normal Weekday,2021-22,8520
2022-02-26,Alamein,Saturday,Saturday,2021-22,980
2022-02-27,Alamein,Sunday,Sunday,2021-22,590
2022-02-28,Alamein,Monday,Normal Weekday,2021-22,9990
2022-03-01,Alamein,Tuesday,Normal Weekday,2021-22,11150
2022-03-02,Alamein,Wednesday,Normal Weekday,2021-22,10620
2022-03-03,Alamein,Thursday,Normal Weekday,2021-22,12470
2022-03-04,Alamein,Friday,Normal Weekday,2021-22,10120
2022-03-05,Alamein,Saturday,Saturday,2021-22,850
2022-03-06,Alamein,Sunday,Sunday,2021-22,680
2022-03-07,Alamein,Monday,Normal Weekday,2021-22,10390
2022-03-08,Alamein,Tuesday,Normal Weekday,2021-22,11890
2022-03-09,Alamein,Wednesday,Normal Weekday,2021-22,11400
2022-03-10,Alamein,Thursday,Normal Weekday,2021-22,12000
2022-03-11,Alamein,Friday,Normal Weekday,2021-22,10280
2022-03-12,Alamein,Saturday,Saturday,2021-22,1280
2022-03-13,Alamein,Sunday,Sunday,2021-22,1130
2022-03-14,Alamein,Monday,Public Holiday,2021-22,110
2022-03-15,Alamein,Tuesday,Normal Weekday,2021-22,11610
2022-03-16,Alamein,Wednesday,Normal Weekday,2021-22,13090
2022-03-17,Alamein,Thursday,Normal Weekday,2021-22,13590
2022-03-18,Alamein,Friday,Normal Weekday,2021-22,12100
2022-03-19,Alamein,Saturday,Saturday,2021-22,1380
2022-03-20,Alamein,Sunday,Sunday,2021-22,960
2022-03-21,Alamein,Monday,Normal Weekday,2021-22,9670
2022-03-22,Alamein,Tuesday,Normal Weekday,2021-22,11580
2022-03-23,Alamein,Wednesday,Normal Weekday,2021-22,10600
2022-03-24,Alamein,Thursday,Normal Weekday,2021-22,12490
2022-03-25,Alamein,Friday,Normal Weekday,2021-22,10980
2022-03-26,Alamein,Saturday,Saturday,2021-22,1540
2022-03-27,Alamein,Sunday,Sunday,2021-22,1100
2022-03-28,Alamein,Monday,Normal Weekday,2021-22,11700
2022-03-29,Alamein,Tuesday,Normal Weekday,2021-22,14590
2022-03-30,Alamein,Wednesday,Normal Weekday,2021-22,13910
2022-03-31,Alamein,Thursday,Normal Weekday,2021-22,14490
2022-04-01,Alamein,Friday,Normal Weekday,2021-22,14060
2022-04-02,Alamein,Saturday,Saturday,2021-22,1410
2022-04-03,Alamein,Sunday,Sunday,2021-22,1680
2022-04-04,Alamein,Monday,Normal Weekday,2021-22,10470
2022-04-05,Alamein,Tuesday,Normal Weekday,2021-22,12550
2022-04-06,Alamein,Wednesday,Normal Weekday,2021-22,11630
2022-04-07,Alamein,Thursday,Normal Weekday,2021-22,13070
2022-04-08,Alamein,Friday,Normal Weekday,2021-22,12230
2022-04-09,Alamein,Saturday,Saturday,2021-22,1650
2022-04-10,Alamein,Sunday,Sunday,2021-22,1410
2022-04-11,Alamein,Monday,School Holiday,2021-22,9210
2022-04-12,Alamein,Tuesday,School Holiday,2021-22,10980
2022-04-13,Alamein,Wednesday,School Holiday,2021-22,10010
2022-04-14,Alamein,Thursday,School Holiday,2021-22,8920
2022-04-15,Alamein,Friday,Public Holiday,2021-22,470
2022-04-16,Alamein,Saturday,Public Holiday,2021-22,1130
2022-04-17,Alamein,Sunday,Public Holiday,2021-22,790
2022-04-18,Alamein,Monday,Public Holiday,2021-22,720
2022-04-19,Alamein,Tuesday,School Holiday,2021-22,7060
2022-04-20,Alamein,Wednesday,School Holiday,2021-22,8670
2022-04-21,Alamein,Thursday,School Holiday,2021-22,8800
2022-04-22,Alamein,Friday,School Holiday,2021-22,7740
2022-04-23,Alamein,Saturday,Saturday,2021-22,1440
2022-04-24,Alamein,Sunday,Sunday,2021-22,1260
2022-04-25,Alamein,Monday,Public Holiday,2021-22,1030
2022-04-26,Alamein,Tuesday,Normal Weekday,2021-22,11960
2022-04-27,Alamein,Wednesday,Normal Weekday,2021-22,11860
2022-04-28,Alamein,Thursday,Normal Weekday,2021-22,11990
2022-04-29,Alamein,Friday,Normal Weekday,2021-22,10280
2022-04-30,Alamein,Saturday,Saturday,2021-22,1040
2022-05-01,Alamein,Sunday,Sunday,2021-22,790
2022-05-02,Alamein,Monday,Normal Weekday,2021-22,10350
2022-05-03,Alamein,Tuesday,Normal Weekday,2021-22,11870
2022-05-04,Alamein,Wednesday,Normal Weekday,2021-22,12890
2022-05-05,Alamein,Thursday,Normal Weekday,2021-22,12450
2022-05-06,Alamein,Friday,Normal Weekday,2021-22,11210
2022-05-07,Alamein,Saturday,Saturday,2021-22,1620
2022-05-08,Alamein,Sunday,Sunday,2021-22,950
2022-05-09,Alamein,Monday,Normal Weekday,2021-22,10390
2022-05-10,Alamein,Tuesday,Normal Weekday,2021-22,12700
2022-05-11,Alamein,Wednesday,Normal Weekday,2021-22,12420
2022-05-12,Alamein,Thursday,Normal Weekday,2021-22,11820
2022-05-13,Alamein,Friday,Normal Weekday,2021-22,10890
2022-05-14,Alamein,Saturday,Saturday,2021-22,1490
2022-05-15,Alamein,Sunday,Sunday,2021-22,700
2022-05-16,Alamein,Monday,Normal Weekday,2021-22,10170
2022-05-17,Alamein,Tuesday,Normal Weekday,2021-22,12830
2022-05-18,Alamein,Wednesday,Normal Weekday,2021-22,12030
2022-05-19,Alamein,Thursday,Normal Weekday,2021-22,11270
2022-05-20,Alamein,Friday,Normal Weekday,2021-22,11020
2022-05-21,Alamein,Saturday,Saturday,2021-22,1480
2022-05-22,Alamein,Sunday,Sunday,2021-22,650
2022-05-23,Alamein,Monday,Normal Weekday,2021-22,10940
2022-05-24,Alamein,Tuesday,Normal Weekday,2021-22,12130
2022-05-25,Alamein,Wednesday,Normal Weekday,2021-22,11520
2022-05-26,Alamein,Thursday,Normal Weekday,2021-22,12040
2022-05-27,Alamein,Friday,Normal Weekday,2021-22,10960
2022-05-28,Alamein,Saturday,Saturday,2021-22,1510
2022-05-29,Alamein,Sunday,Sunday,2021-22,1450
2022-05-30,Alamein,Monday,Normal Weekday,2021-22,9020
2022-05-31,Alamein,Tuesday,Normal Weekday,2021-22,10580
2022-06-01,Alamein,Wednesday,Normal Weekday,2021-22,9750
2022-06-02,Alamein,Thursday,Normal Weekday,2021-22,10670
2022-06-03,Alamein,Friday,Normal Weekday,2021-22,10690
2022-06-04,Alamein,Saturday,Saturday,2021-22,1100
2022-06-05,Alamein,Sunday,Sunday,2021-22,570
2022-06-06,Alamein,Monday,Normal Weekday,2021-22,9500
2022-06-07,Alamein,Tuesday,Normal Weekday,2021-22,10850
2022-06-08,Alamein,Wednesday,Normal Weekday,2021-22,10750
2022-06-09,Alamein,Thursday,Normal Weekday,2021-22,11210
2022-06-10,Alamein,Friday,Normal Weekday,2021-22,10500
2022-06-11,Alamein,Saturday,Saturday,2021-22,1080
2022-06-12,Alamein,Sunday,Sunday,2021-22,710
2022-06-13,Alamein,Monday,Public Holiday,2021-22,970
2022-06-14,Alamein,Tuesday,Normal Weekday,2021-22,10890
2022-06-15,Alamein,Wednesday,Normal Weekday,2021-22,10210
2022-06-16,Alamein,Thursday,Normal Weekday,2021-22,12290
2022-06-17,Alamein,Friday,Normal Weekday,2021-22,10870
2022-06-18,Alamein,Saturday,Saturday,2021-22,1050
2022-06-19,Alamein,Sunday,Sunday,2021-22,710
2022-06-20,Alamein,Monday,Normal Weekday,2021-22,9700
2022-06-21,Alamein,Tuesday,Normal Weekday,2021-22,11510
2022-06-22,Alamein,Wednesday,Normal Weekday,2021-22,11880
2022-06-23,Alamein,Thursday,Normal Weekday,2021-22,11790
2022-06-24,Alamein,Friday,Normal Weekday,2021-22,10350
2022-06-25,Alamein,Saturday,Saturday,2021-22,1490
2022-06-26,Alamein,Sunday,Sunday,2021-22,700
2022-06-27,Alamein,Monday,School Holiday,2021-22,8830
2022-06-28,Alamein,Tuesday,School Holiday,2021-22,9880
2022-06-29,Alamein,Wednesday,School Holiday,2021-22,9200
2022-06-30,Alamein,Thursday,School Holiday,2021-22,10730
2022-07-01,Alamein,Friday,School Holiday,2022-23,9220
2022-07-02,Alamein,Saturday,Saturday,2022-23,1480
2022-07-03,Alamein,Sunday,Sunday,2022-23,1280
2022-07-04,Alamein,Monday,School Holiday,2022-23,7830
2022-07-05,Alamein,Tuesday,School Holiday,2022-23,9550
2022-07-06,Alamein,Wednesday,School Holiday,2022-23,9780
2022-07-07,Alamein,Thursday,School Holiday,2022-23,9970
2022-07-08,Alamein,Friday,School Holiday,2022-23,8140
2022-07-09,Alamein,Saturday,Saturday,2022-23,1600
2022-07-10,Alamein,Sunday,Sunday,2022-23,950
2022-07-11,Alamein,Monday,Normal Weekday,2022-23,9940
2022-07-12,Alamein,Tuesday,Normal Weekday,2022-23,12290
2022-07-13,Alamein,Wednesday,Normal Weekday,2022-23,12630
2022-07-14,Alamein,Thursday,Normal Weekday,2022-23,12540
2022-07-15,Alamein,Friday,Normal Weekday,2022-23,11740
2022-07-16,Alamein,Saturday,Saturday,2022-23,1630
2022-07-17,Alamein,Sunday,Sunday,2022-23,1210
2022-07-18,Alamein,Monday,Normal Weekday,2022-23,10540
2022-07-19,Alamein,Tuesday,Normal Weekday,2022-23,13580
2022-07-20,Alamein,Wednesday,Normal Weekday,2022-23,11750
2022-07-21,Alamein,Thursday,Normal Weekday,2022-23,12430
2022-07-22,Alamein,Friday,Normal Weekday,2022-23,11090
2022-07-23,Alamein,Saturday,Saturday,2022-23,1020
2022-07-24,Alamein,Sunday,Sunday,2022-23,1630
2022-07-25,Alamein,Monday,Normal Weekday,2022-23,9060
2022-07-26,Alamein,Tuesday,Normal Weekday,2022-23,10150
2022-07-27,Alamein,Wednesday,Normal Weekday,2022-23,10490
2022-07-28,Alamein,Thursday,Normal Weekday,2022-23,10580
2022-07-29,Alamein,Friday,Normal Weekday,2022-23,9830
2022-07-30,Alamein,Saturday,Saturday,2022-23,1210
2022-07-31,Alamein,Sunday,Sunday,2022-23,1100
2022-08-01,Alamein,Monday,Normal Weekday,2022-23,10180
2022-08-02,Alamein,Tuesday,Normal Weekday,2022-23,12170
2022-08-03,Alamein,Wednesday,Normal Weekday,2022-23,11530
2022-08-04,Alamein,Thursday,Normal Weekday,2022-23,11410
2022-08-05,Alamein,Friday,Normal Weekday,2022-23,10960
2022-08-06,Alamein,Saturday,Saturday,2022-23,780
2022-08-07,Alamein,Sunday,Sunday,2022-23,620
2022-08-08,Alamein,Monday,Normal Weekday,2022-23,10170
2022-08-09,Alamein,Tuesday,Normal Weekday,2022-23,12410
2022-08-10,Alamein,Wednesday,Normal Weekday,2022-23,12380
2022-08-11,Alamein,Thursday,Normal Weekday,2022-23,12350
2022-08-12,Alamein,Friday,Normal Weekday,2022-23,10280
2022-08-13,Alamein,Saturday,Saturday,2022-23,1250
2022-08-14,Alamein,Sunday,Sunday,2022-23,1200
2022-08-15,Alamein,Monday,Normal Weekday,2022-23,10680
2022-08-16,Alamein,Tuesday,Normal Weekday,2022-23,12540
2022-08-17,Alamein,Wednesday,Normal Weekday,2022-23,12380
2022-08-18,Alamein,Thursday,Normal Weekday,2022-23,12530
2022-08-19,Alamein,Friday,Normal Weekday,2022-23,10780
2022-08-20,Alamein,Saturday,Saturday,2022-23,1230
2022-08-21,Alamein,Sunday,Sunday,2022-23,1410
2022-08-22,Alamein,Monday,Normal Weekday,2022-23,10110
2022-08-23,Alamein,Tuesday,Normal Weekday,2022-23,11890
2022-08-24,Alamein,Wednesday,Normal Weekday,2022-23,12360
2022-08-25,Alamein,Thursday,Normal Weekday,2022-23,12300
2022-08-26,Alamein,Friday,Normal Weekday,2022-23,10080
2022-08-29,Alamein,Monday,Normal Weekday,2022-23,10490
2022-08-30,Alamein,Tuesday,Normal Weekday,2022-23,12410
2022-08-31,Alamein,Wednesday,Normal Weekday,2022-23,12470
2022-09-01,Alamein,Thursday,Normal Weekday,2022-23,12740
2022-09-02,Alamein,Friday,Normal Weekday,2022-23,12430
2022-09-03,Alamein,Saturday,Saturday,2022-23,1630
2022-09-04,Alamein,Sunday,Sunday,2022-23,700
2022-09-05,Alamein,Monday,Normal Weekday,2022-23,10760
2022-09-06,Alamein,Tuesday,Normal Weekday,2022-23,13330
2022-09-07,Alamein,Wednesday,Normal Weekday,2022-23,12690
2022-09-08,Alamein,Thursday,Normal Weekday,2022-23,13360
2022-09-09,Alamein,Friday,Normal Weekday,2022-23,12190
2022-09-10,Alamein,Saturday,Saturday,2022-23,1160
2022-09-11,Alamein,Sunday,Sunday,2022-23,820
2022-09-12,Alamein,Monday,Normal Weekday,2022-23,9520
2022-09-13,Alamein,Tuesday,Normal Weekday,2022-23,11870
2022-09-14,Alamein,Wednesday,Normal Weekday,2022-23,12040
2022-09-15,Alamein,Thursday,Normal Weekday,2022-23,12160
2022-09-16,Alamein,Friday,Normal Weekday,2022-23,11340
2022-09-17,Alamein,Saturday,Saturday,2022-23,820
2022-09-18,Alamein,Sunday,Sunday,2022-23,710
2022-09-19,Alamein,Monday,School Holiday,2022-23,9900
2022-09-20,Alamein,Tuesday,School Holiday,2022-23,11970
2022-09-21,Alamein,Wednesday,School Holiday,2022-23,11580
2022-09-22,Alamein,Thursday,Public Holiday,2022-23,950
2022-09-23,Alamein,Friday,Public Holiday,2022-23,1080
2022-09-24,Alamein,Saturday,Saturday,2022-23,1490
2022-09-25,Alamein,Sunday,Sunday,2022-23,690
2022-09-26,Alamein,Monday,School Holiday,2022-23,9280
2022-09-27,Alamein,Tuesday,School Holiday,2022-23,11380
2022-09-28,Alamein,Wednesday,School Holiday,2022-23,11230
2022-09-29,Alamein,Thursday,School Holiday,2022-23,11360
2022-09-30,Alamein,Friday,School Holiday,2022-23,9110
2022-10-01,Alamein,Saturday,Saturday,2022-23,1060
2022-10-02,Alamein,Sunday,Sunday,2022-23,610
2022-10-03,Alamein,Monday,Normal Weekday,2022-23,10230
2022-10-04,Alamein,Tuesday,Normal Weekday,2022-23,13200
2022-10-05,Alamein,Wednesday,Normal Weekday,2022-23,12910
2022-10-06,Alamein,Thursday,Normal Weekday,2022-23,13460
2022-10-07,Alamein,Friday,Normal Weekday,2022-23,10450
2022-10-08,Alamein,Saturday,Saturday,2022-23,1000
2022-10-09,Alamein,Sunday,Sunday,2022-23,640
2022-10-10,Alamein,Monday,Normal Weekday,2022-23,10900
2022-10-11,Alamein,Tuesday,Normal Weekday,2022-23,13440
2022-10-12,Alamein,Wednesday,Normal Weekday,2022-23,12050
2022-10-13,Alamein,Thursday,Normal Weekday,2022-23,9260
2022-10-14,Alamein,Friday,Normal Weekday,2022-23,10170
2022-10-15,Alamein,Saturday,Saturday,2022-23,600
2022-10-16,Alamein,Sunday,Sunday,2022-23,430
2022-10-17,Alamein,Monday,Normal Weekday,2022-23,11760
2022-10-18,Alamein,Tuesday,Normal Weekday,2022-23,13350
2022-10-19,Alamein,Wednesday,Normal Weekday,2022-23,12440
2022-10-20,Alamein,Thursday,Normal Weekday,2022-23,14050
2022-10-21,Alamein,Friday,Normal Weekday,2022-23,10720
2022-10-22,Alamein,Saturday,Saturday,2022-23,780
2022-10-23,Alamein,Sunday,Sunday,2022-23,820
2022-10-24,Alamein,Monday,Normal Weekday,2022-23,10950
2022-10-25,Alamein,Tuesday,Normal Weekday,2022-23,12670
2022-10-26,Alamein,Wednesday,Normal Weekday,2022-23,12090
2022-10-27,Alamein,Thursday,Normal Weekday,2022-23,12030
2022-10-28,Alamein,Friday,Normal Weekday,2022-23,10820
2022-10-29,Alamein,Saturday,Saturday,2022-23,560
2022-10-30,Alamein,Sunday,Sunday,2022-23,660
2022-10-31,Alamein,Monday,Normal Weekday,2022-23,6080
2022-11-01,Alamein,Tuesday,Public Holiday,2022-23,450
2022-11-02,Alamein,Wednesday,Normal Weekday,2022-23,11250
2022-11-03,Alamein,Thursday,Normal Weekday,2022-23,11370
2022-11-04,Alamein,Friday,Normal Weekday,2022-23,10290
2022-11-05,Alamein,Saturday,Saturday,2022-23,870
2022-11-06,Alamein,Sunday,Sunday,2022-23,830
2022-11-07,Alamein,Monday,Normal Weekday,2022-23,10580
2022-11-08,Alamein,Tuesday,Normal Weekday,2022-23,12680
2022-11-09,Alamein,Wednesday,Normal Weekday,2022-23,12610
2022-11-10,Alamein,Thursday,Normal Weekday,2022-23,12700
2022-11-11,Alamein,Friday,Normal Weekday,2022-23,10830
2022-11-12,Alamein,Saturday,Saturday,2022-23,1150
2022-11-13,Alamein,Sunday,Sunday,2022-23,770
2022-11-14,Alamein,Monday,Normal Weekday,2022-23,9910
2022-11-15,Alamein,Tuesday,Normal Weekday,2022-23,12980
2022-11-16,Alamein,Wednesday,Normal Weekday,2022-23,12400
2022-11-17,Alamein,Thursday,Normal Weekday,2022-23,13040
2022-11-18,Alamein,Friday,Normal Weekday,2022-23,11230
2022-11-19,Alamein,Saturday,Saturday,2022-23,910
2022-11-20,Alamein,Sunday,Sunday,2022-23,650
2022-11-21,Alamein,Monday,Normal Weekday,2022-23,9950
2022-11-22,Alamein,Tuesday,Normal Weekday,2022-23,12860
2022-11-23,Alamein,Wednesday,Normal Weekday,2022-23,12810
2022-11-24,Alamein,Thursday,Normal Weekday,2022-23,12800
2022-11-25,Alamein,Friday,Normal Weekday,2022-23,10470
2022-11-26,Alamein,Saturday,Saturday,2022-23,1220
2022-11-27,Alamein,Sunday,Sunday,2022-23,680
2022-11-28,Alamein,Monday,Normal Weekday,2022-23,10650
2022-11-29,Alamein,Tuesday,Normal Weekday,2022-23,12610
2022-11-30,Alamein,Wednesday,Normal Weekday,2022-23,12170
2022-12-01,Alamein,Thursday,Normal Weekday,2022-23,12990
2022-12-02,Alamein,Friday,Normal Weekday,2022-23,10350
2022-12-03,Alamein,Saturday,Saturday,2022-23,750
2022-12-04,Alamein,Sunday,Sunday,2022-23,340
2022-12-05,Alamein,Monday,Normal Weekday,2022-23,9280
2022-12-06,Alamein,Tuesday,Normal Weekday,2022-23,12030
2022-12-07,Alamein,Wednesday,Normal Weekday,2022-23,12440
2022-12-08,Alamein,Thursday,Normal Weekday,2022-23,12140
2022-12-09,Alamein,Friday,Normal Weekday,2022-23,10770
2022-12-10,Alamein,Saturday,Saturday,2022-23,1320
2022-12-11,Alamein,Sunday,Sunday,2022-23,750
2022-12-12,Alamein,Monday,Normal Weekday,2022-23,9480
2022-12-13,Alamein,Tuesday,Normal Weekday,2022-23,10970
2022-12-14,Alamein,Wednesday,Normal Weekday,2022-23,11310
2022-12-15,Alamein,Thursday,Normal Weekday,2022-23,12230
2022-12-16,Alamein,Friday,Normal Weekday,2022-23,11010
2022-12-17,Alamein,Saturday,Saturday,2022-23,1210
2022-12-18,Alamein,Sunday,Sunday,2022-23,830
2022-12-19,Alamein,Monday,Normal Weekday,2022-23,8520
2022-12-20,Alamein,Tuesday,Normal Weekday,2022-23,11040
2022-12-21,Alamein,Wednesday,School Holiday,2022-23,9420
2022-12-22,Alamein,Thursday,School Holiday,2022-23,6720
2022-12-23,Alamein,Friday,School Holiday,2022-23,6320
2022-12-24,Alamein,Saturday,Saturday,2022-23,700
2022-12-25,Alamein,Sunday,Public Holiday,2022-23,80
2022-12-26,Alamein,Monday,Public Holiday,2022-23,1030
2022-12-27,Alamein,Tuesday,Public Holiday,2022-23,870
2022-12-28,Alamein,Wednesday,School Holiday,2022-23,3400
2022-12-29,Alamein,Thursday,School Holiday,2022-23,3980
2022-12-30,Alamein,Friday,School Holiday,2022-23,3420
2022-12-31,Alamein,Saturday,Saturday,2022-23,570
2023-01-01,Alamein,Sunday,Public Holiday,2022-23,240
2023-01-02,Alamein,Monday,Public Holiday,2022-23,190
2023-01-16,Alamein,Monday,School Holiday,2022-23,9430
2023-01-17,Alamein,Tuesday,School Holiday,2022-23,10680
2023-01-18,Alamein,Wednesday,School Holiday,2022-23,11040
2023-01-19,Alamein,Thursday,School Holiday,2022-23,12670
2023-01-20,Alamein,Friday,School Holiday,2022-23,10100
2023-01-21,Alamein,Saturday,Saturday,2022-23,1150
2023-01-22,Alamein,Sunday,Sunday,2022-23,1010
2023-01-23,Alamein,Monday,School Holiday,2022-23,9880
2023-01-24,Alamein,Tuesday,School Holiday,2022-23,12500
2023-01-25,Alamein,Wednesday,School Holiday,2022-23,12700
2023-01-26,Alamein,Thursday,Public Holiday,2022-23,1040
2023-01-27,Alamein,Friday,School Holiday,2022-23,7750
2023-01-28,Alamein,Saturday,Saturday,2022-23,730
2023-01-29,Alamein,Sunday,Sunday,2022-23,620
2023-01-30,Alamein,Monday,Normal Weekday,2022-23,9580
2023-01-31,Alamein,Tuesday,Normal Weekday,2022-23,12650
2023-02-01,Alamein,Wednesday,Normal Weekday,2022-23,12770
2023-02-02,Alamein,Thursday,Normal Weekday,2022-23,10740
2023-02-03,Alamein,Friday,Normal Weekday,2022-23,10200
2023-02-04,Alamein,Saturday,Saturday,2022-23,770
2023-02-05,Alamein,Sunday,Sunday,2022-23,670
2023-02-06,Alamein,Monday,Normal Weekday,2022-23,10820
2023-02-07,Alamein,Tuesday,Normal Weekday,2022-23,12650
2023-02-08,Alamein,Wednesday,Normal Weekday,2022-23,12230
2023-02-09,Alamein,Thursday,Normal Weekday,2022-23,13300
2023-02-10,Alamein,Friday,Normal Weekday,2022-23,10840
2023-02-11,Alamein,Saturday,Saturday,2022-23,1000
2023-02-12,Alamein,Sunday,Sunday,2022-23,700
2023-02-13,Alamein,Monday,Normal Weekday,2022-23,11080
2023-02-14,Alamein,Tuesday,Normal Weekday,2022-23,13910
2023-02-15,Alamein,Wednesday,Normal Weekday,2022-23,12910
2023-02-16,Alamein,Thursday,Normal Weekday,2022-23,13440
2023-02-17,Alamein,Friday,Normal Weekday,2022-23,10470
2023-02-18,Alamein,Saturday,Saturday,2022-23,960
2023-02-19,Alamein,Sunday,Sunday,2022-23,550
2023-02-20,Alamein,Monday,Normal Weekday,2022-23,14110
2023-02-21,Alamein,Tuesday,Normal Weekday,2022-23,16840
2023-02-22,Alamein,Wednesday,Normal Weekday,2022-23,15460
2023-02-23,Alamein,Thursday,Normal Weekday,2022-23,17080
2023-02-24,Alamein,Friday,Normal Weekday,2022-23,13460
2023-02-25,Alamein,Saturday,Saturday,2022-23,1000
2023-02-26,Alamein,Sunday,Sunday,2022-23,1050
2023-02-27,Alamein,Monday,Normal Weekday,2022-23,15140
2023-02-28,Alamein,Tuesday,Normal Weekday,2022-23,19380
2023-03-01,Alamein,Wednesday,Normal Weekday,2022-23,17350
2023-03-02,Alamein,Thursday,Normal Weekday,2022-23,19500
2023-03-03,Alamein,Friday,Normal Weekday,2022-23,16590
2023-03-04,Alamein,Saturday,Saturday,2022-23,930
2023-03-05,Alamein,Sunday,Sunday,2022-23,1040
2023-03-06,Alamein,Monday,Normal Weekday,2022-23,15580
2023-03-07,Alamein,Tuesday,Normal Weekday,2022-23,18970
2023-03-08,Alamein,Wednesday,Normal Weekday,2022-23,18840
2023-03-09,Alamein,Thursday,Normal Weekday,2022-23,17770
2023-03-10,Alamein,Friday,Normal Weekday,2022-23,14660
2023-03-11,Alamein,Saturday,Saturday,2022-23,1350
2023-03-12,Alamein,Sunday,Sunday,2022-23,1340
2023-03-13,Alamein,Monday,Public Holiday,2022-23,1320
2023-03-14,Alamein,Tuesday,Normal Weekday,2022-23,17830
2023-03-15,Alamein,Wednesday,Normal Weekday,2022-23,17890
2023-03-16,Alamein,Thursday,Normal Weekday,2022-23,20640
2023-03-17,Alamein,Friday,Normal Weekday,2022-23,16670
2023-03-18,Alamein,Saturday,Saturday,2022-23,1090
2023-03-19,Alamein,Sunday,Sunday,2022-23,1880
2023-03-20,Alamein,Monday,Normal Weekday,2022-23,14340
2023-03-21,Alamein,Tuesday,Normal Weekday,2022-23,18490
2023-03-22,Alamein,Wednesday,Normal Weekday,2022-23,17400
2023-03-23,Alamein,Thursday,Normal Weekday,2022-23,17880
2023-03-24,Alamein,Friday,Normal Weekday,2022-23,13930
2023-03-25,Alamein,Saturday,Saturday,2022-23,1510
2023-03-26,Alamein,Sunday,Sunday,2022-23,850
2023-03-27,Alamein,Monday,Normal Weekday,2022-23,14960
2023-03-28,Alamein,Tuesday,Normal Weekday,2022-23,18140
2023-03-29,Alamein,Wednesday,Normal Weekday,2022-23,18090
2023-03-30,Alamein,Thursday,Normal Weekday,2022-23,18660
2023-03-31,Alamein,Friday,Normal Weekday,2022-23,17320
2023-04-01,Alamein,Saturday,Saturday,2022-23,1970
2023-04-02,Alamein,Sunday,Sunday,2022-23,1280
2023-04-03,Alamein,Monday,Normal Weekday,2022-23,14490
2023-04-04,Alamein,Tuesday,Normal Weekday,2022-23,18370
2023-04-05,Alamein,Wednesday,Normal Weekday,2022-23,17320
2023-04-06,Alamein,Thursday,Normal Weekday,2022-23,15510
2023-04-07,Alamein,Friday,Public Holiday,2022-23,430
2023-04-08,Alamein,Saturday,Public Holiday,2022-23,1280
2023-04-09,Alamein,Sunday,Public Holiday,2022-23,460
2023-04-10,Alamein,Monday,Public Holiday,2022-23,1410
2023-04-11,Alamein,Tuesday,School Holiday,2022-23,11850
2023-04-12,Alamein,Wednesday,School Holiday,2022-23,12620
2023-04-13,Alamein,Thursday,School Holiday,2022-23,13660
2023-04-14,Alamein,Friday,School Holiday,2022-23,11010
2023-04-15,Alamein,Saturday,Saturday,2022-23,1010
2023-04-16,Alamein,Sunday,Sunday,2022-23,560
2023-04-17,Alamein,Monday,School Holiday,2022-23,12660
2023-04-18,Alamein,Tuesday,School Holiday,2022-23,16570
2023-04-19,Alamein,Wednesday,School Holiday,2022-23,15620
2023-04-20,Alamein,Thursday,School Holiday,2022-23,16290
2023-04-21,Alamein,Friday,School Holiday,2022-23,11930
2023-04-22,Alamein,Saturday,Saturday,2022-23,890
2023-04-23,Alamein,Sunday,Sunday,2022-23,760
2023-04-24,Alamein,Monday,Normal Weekday,2022-23,12920
2023-04-25,Alamein,Tuesday,Public Holiday,2022-23,1480
2023-04-26,Alamein,Wednesday,Normal Weekday,2022-23,15890
2023-04-27,Alamein,Thursday,Normal Weekday,2022-23,17270
2023-04-28,Alamein,Friday,Normal Weekday,2022-23,14020
2023-05-01,Alamein,Monday,Normal Weekday,2022-23,14480
2023-05-02,Alamein,Tuesday,Normal Weekday,2022-23,17520
2023-05-03,Alamein,Wednesday,Normal Weekday,2022-23,15140
2023-05-04,Alamein,Thursday,Normal Weekday,2022-23,17600
2023-05-05,Alamein,Friday,Normal Weekday,2022-23,14410
2023-05-06,Alamein,Saturday,Saturday,2022-23,1040
2023-05-07,Alamein,Sunday,Sunday,2022-23,910
2023-05-08,Alamein,Monday,Normal Weekday,2022-23,13390
2023-05-09,Alamein,Tuesday,Normal Weekday,2022-23,16280
2023-05-10,Alamein,Wednesday,Normal Weekday,2022-23,16150
2023-05-11,Alamein,Thursday,Normal Weekday,2022-23,16720
2023-05-12,Alamein,Friday,Normal Weekday,2022-23,14720
2023-05-13,Alamein,Saturday,Saturday,2022-23,1370
2023-05-14,Alamein,Sunday,Sunday,2022-23,940
2023-05-15,Alamein,Monday,Normal Weekday,2022-23,13610
2023-05-16,Alamein,Tuesday,Normal Weekday,2022-23,16630
2023-05-17,Alamein,Wednesday,Normal Weekday,2022-23,15570
2023-05-18,Alamein,Thursday,Normal Weekday,2022-23,16290
2023-05-19,Alamein,Friday,Normal Weekday,2022-23,14420
2023-05-20,Alamein,Saturday,Saturday,2022-23,1310
2023-05-21,Alamein,Sunday,Sunday,2022-23,1120
2023-05-22,Alamein,Monday,Normal Weekday,2022-23,11620
2023-05-23,Alamein,Tuesday,Normal Weekday,2022-23,15210
2023-05-24,Alamein,Wednesday,Normal Weekday,2022-23,14640
2023-05-25,Alamein,Thursday,Normal Weekday,2022-23,16020
2023-05-26,Alamein,Friday,Normal Weekday,2022-23,12150
2023-05-27,Alamein,Saturday,Saturday,2022-23,1180
2023-05-28,Alamein,Sunday,Sunday,2022-23,680
2023-05-29,Alamein,Monday,Normal Weekday,2022-23,12400
2023-05-30,Alamein,Tuesday,Normal Weekday,2022-23,14210
2023-05-31,Alamein,Wednesday,Normal Weekday,2022-23,12670
2023-06-01,Alamein,Thursday,Normal Weekday,2022-23,13920
2023-06-02,Alamein,Friday,Normal Weekday,2022-23,11710
2023-06-03,Alamein,Saturday,Saturday,2022-23,850
2023-06-04,Alamein,Sunday,Sunday,2022-23,620
2023-06-05,Alamein,Monday,Normal Weekday,2022-23,11460
2023-06-06,Alamein,Tuesday,Normal Weekday,2022-23,13610
2023-06-07,Alamein,Wednesday,Normal Weekday,2022-23,13630
2023-06-08,Alamein,Thursday,Normal Weekday,2022-23,14130
2023-06-09,Alamein,Friday,Normal Weekday,2022-23,10970
2023-06-10,Alamein,Saturday,Saturday,2022-23,1330
2023-06-11,Alamein,Sunday,Sunday,2022-23,1280
2023-06-12,Alamein,Monday,Public Holiday,2022-23,1140
2023-06-13,Alamein,Tuesday,Normal Weekday,2022-23,13010
2023-06-14,Alamein,Wednesday,Normal Weekday,2022-23,13220
2023-06-15,Alamein,Thursday,Normal Weekday,2022-23,13810
2023-06-16,Alamein,Friday,Normal Weekday,2022-23,11310
2023-06-17,Alamein,Saturday,Saturday,2022-23,1360
2023-06-18,Alamein,Sunday,Sunday,2022-23,900
2023-06-19,Alamein,Monday,Normal Weekday,2022-23,10970
2023-06-20,Alamein,Tuesday,Normal Weekday,2022-23,14020
2023-06-21,Alamein,Wednesday,Normal Weekday,2022-23,13370
2023-06-22,Alamein,Thursday,Normal Weekday,2022-23,13430
2023-06-23,Alamein,Friday,Normal Weekday,2022-23,10880
2023-06-24,Alamein,Saturday,Saturday,2022-23,1010
2023-06-25,Alamein,Sunday,Sunday,2022-23,830
2023-06-26,Alamein,Monday,School Holiday,2022-23,9870
2023-06-27,Alamein,Tuesday,School Holiday,2022-23,11870
2023-06-28,Alamein,Wednesday,School Holiday,2022-23,11220
2023-06-29,Alamein,Thursday,School Holiday,2022-23,12700
2023-06-30,Alamein,Friday,School Holiday,2022-23,10520
2023-07-01,Alamein,Saturday,Saturday,2023-24,1030
2023-07-02,Alamein,Sunday,Sunday,2023-24,1280
2023-07-03,Alamein,Monday,School Holiday,2023-24,9800
2023-07-04,Alamein,Tuesday,School Holiday,2023-24,11960
2023-07-05,Alamein,Wednesday,School Holiday,2023-24,11880
2023-07-06,Alamein,Thursday,School Holiday,2023-24,12370
2023-07-07,Alamein,Friday,School Holiday,2023-24,10150
2023-07-08,Alamein,Saturday,Saturday,2023-24,1100
2023-07-09,Alamein,Sunday,Sunday,2023-24,780
2023-07-10,Alamein,Monday,Normal Weekday,2023-24,10580
2023-07-11,Alamein,Tuesday,Normal Weekday,2023-24,14230
2023-07-12,Alamein,Wednesday,Normal Weekday,2023-24,13030
2023-07-13,Alamein,Thursday,Normal Weekday,2023-24,13340
2023-07-14,Alamein,Friday,Normal Weekday,2023-24,11770
2023-07-15,Alamein,Saturday,Saturday,2023-24,1300
2023-07-16,Alamein,Sunday,Sunday,2023-24,830
2023-07-17,Alamein,Monday,Normal Weekday,2023-24,11870
2023-07-18,Alamein,Tuesday,Normal Weekday,2023-24,14080
2023-07-19,Alamein,Wednesday,Normal Weekday,2023-24,13950
2023-07-20,Alamein,Thursday,Normal Weekday,2023-24,14080
2023-07-21,Alamein,Friday,Normal Weekday,2023-24,12130
2023-07-22,Alamein,Saturday,Saturday,2023-24,1730
2023-07-23,Alamein,Sunday,Sunday,2023-24,860
2023-07-24,Alamein,Monday,Normal Weekday,2023-24,12420
2023-07-25,Alamein,Tuesday,Normal Weekday,2023-24,14630
2023-07-26,Alamein,Wednesday,Normal Weekday,2023-24,13790
2023-07-27,Alamein,Thursday,Normal Weekday,2023-24,13500
2023-07-28,Alamein,Friday,Normal Weekday,2023-24,13150
2023-07-29,Alamein,Saturday,Saturday,2023-24,1650
2023-07-30,Alamein,Sunday,Sunday,2023-24,1190
2023-07-31,Alamein,Monday,Normal Weekday,2023-24,13880
2023-08-01,Alamein,Tuesday,Normal Weekday,2023-24,16230
2023-08-02,Alamein,Wednesday,Normal Weekday,2023-24,16480
2023-08-03,Alamein,Thursday,Normal Weekday,2023-24,15570
2023-08-04,Alamein,Friday,Normal Weekday,2023-24,12860
2023-08-05,Alamein,Saturday,Saturday,2023-24,1400
2023-08-06,Alamein,Sunday,Sunday,2023-24,700
2023-08-07,Alamein,Monday,Normal Weekday,2023-24,12770
2023-08-08,Alamein,Tuesday,Normal Weekday,2023-24,14830
2023-08-09,Alamein,Wednesday,Normal Weekday,2023-24,15370
2023-08-10,Alamein,Thursday,Normal Weekday,2023-24,16030
2023-08-11,Alamein,Friday,Normal Weekday,2023-24,13630
2023-08-12,Alamein,Saturday,Saturday,2023-24,1560
2023-08-13,Alamein,Sunday,Sunday,2023-24,820
2023-08-14,Alamein,Monday,Normal Weekday,2023-24,12950
2023-08-15,Alamein,Tuesday,Normal Weekday,2023-24,16420
2023-08-16,Alamein,Wednesday,Normal Weekday,2023-24,16740
2023-08-17,Alamein,Thursday,Normal Weekday,2023-24,15580
2023-08-18,Alamein,Friday,Normal Weekday,2023-24,13610
2023-08-19,Alamein,Saturday,Saturday,2023-24,1320
2023-08-20,Alamein,Sunday,Sunday,2023-24,1410
2023-08-21,Alamein,Monday,Normal Weekday,2023-24,13120
2023-08-22,Alamein,Tuesday,Normal Weekday,2023-24,15830
2023-08-23,Alamein,Wednesday,Normal Weekday,2023-24,15960
2023-08-24,Alamein,Thursday,Normal Weekday,2023-24,15750
2023-08-25,Alamein,Friday,Normal Weekday,2023-24,13460
2023-08-26,Alamein,Saturday,Saturday,2023-24,1440
2023-08-27,Alamein,Sunday,Sunday,2023-24,800
2023-08-28,Alamein,Monday,Normal Weekday,2023-24,13050
2023-08-29,Alamein,Tuesday,Normal Weekday,2023-24,16370
2023-08-30,Alamein,Wednesday,Normal Weekday,2023-24,14520
2023-08-31,Alamein,Thursday,Normal Weekday,2023-24,15390
2023-09-01,Alamein,Friday,Normal Weekday,2023-24,12000
2023-09-02,Alamein,Saturday,Saturday,2023-24,1180
2023-09-03,Alamein,Sunday,Sunday,2023-24,600
2023-09-04,Alamein,Monday,Normal Weekday,2023-24,12490
2023-09-05,Alamein,Tuesday,Normal Weekday,2023-24,15670
2023-09-06,Alamein,Wednesday,Normal Weekday,2023-24,14090
2023-09-07,Alamein,Thursday,Normal Weekday,2023-24,16400
2023-09-08,Alamein,Friday,Normal Weekday,2023-24,10960
2023-09-09,Alamein,Saturday,Saturday,2023-24,1380
2023-09-10,Alamein,Sunday,Sunday,2023-24,780
2023-09-11,Alamein,Monday,Normal Weekday,2023-24,11570
2023-09-12,Alamein,Tuesday,Normal Weekday,2023-24,13370
2023-09-13,Alamein,Wednesday,Normal Weekday,2023-24,13140
2023-09-14,Alamein,Thursday,Normal Weekday,2023-24,14200
2023-09-15,Alamein,Friday,Normal Weekday,2023-24,12890
2023-09-16,Alamein,Saturday,Saturday,2023-24,1060
2023-09-17,Alamein,Sunday,Sunday,2023-24,700
2023-09-18,Alamein,Monday,School Holiday,2023-24,11150
2023-09-19,Alamein,Tuesday,School Holiday,2023-24,13470
2023-09-20,Alamein,Wednesday,School Holiday,2023-24,13070
2023-09-21,Alamein,Thursday,School Holiday,2023-24,13350
2023-09-22,Alamein,Friday,School Holiday,2023-24,12890
2023-09-23,Alamein,Saturday,Saturday,2023-24,1120
2023-09-24,Alamein,Sunday,Sunday,2023-24,350
2023-09-26,Alamein,Tuesday,School Holiday,2023-24,13840
2023-09-27,Alamein,Wednesday,School Holiday,2023-24,13290
2023-09-28,Alamein,Thursday,School Holiday,2023-24,13400
2023-09-29,Alamein,Friday,Public Holiday,2023-24,1080
2023-09-30,Alamein,Saturday,Saturday,2023-24,1580
2023-10-01,Alamein,Sunday,Sunday,2023-24,520
2023-10-02,Alamein,Monday,Normal Weekday,2023-24,12290
2023-10-03,Alamein,Tuesday,Normal Weekday,2023-24,15020
2023-10-04,Alamein,Wednesday,Normal Weekday,2023-24,15290
2023-10-05,Alamein,Thursday,Normal Weekday,2023-24,15510
2023-10-06,Alamein,Friday,Normal Weekday,2023-24,12700
2023-10-07,Alamein,Saturday,Saturday,2023-24,890
2023-10-08,Alamein,Sunday,Sunday,2023-24,670
2023-10-09,Alamein,Monday,Normal Weekday,2023-24,12610
2023-10-10,Alamein,Tuesday,Normal Weekday,2023-24,15490
2023-10-11,Alamein,Wednesday,Normal Weekday,2023-24,15150
2023-10-12,Alamein,Thursday,Normal Weekday,2023-24,14740
2023-10-13,Alamein,Friday,Normal Weekday,2023-24,12600
2023-10-14,Alamein,Saturday,Saturday,2023-24,590
2023-10-15,Alamein,Sunday,Sunday,2023-24,650
2023-10-16,Alamein,Monday,Normal Weekday,2023-24,12290
2023-10-17,Alamein,Tuesday,Normal Weekday,2023-24,15180
2023-10-18,Alamein,Wednesday,Normal Weekday,2023-24,15640
2023-10-19,Alamein,Thursday,Normal Weekday,2023-24,16610
2023-10-20,Alamein,Friday,Normal Weekday,2023-24,12230
2023-10-21,Alamein,Saturday,Saturday,2023-24,1000
2023-10-22,Alamein,Sunday,Sunday,2023-24,450
2023-10-23,Alamein,Monday,Normal Weekday,2023-24,12210
2023-10-24,Alamein,Tuesday,Normal Weekday,2023-24,15400
2023-10-25,Alamein,Wednesday,Normal Weekday,2023-24,14720
2023-10-26,Alamein,Thursday,Normal Weekday,2023-24,14730
2023-10-27,Alamein,Friday,Normal Weekday,2023-24,12120
2023-10-28,Alamein,Saturday,Saturday,2023-24,860
2023-10-29,Alamein,Sunday,Sunday,2023-24,560
2023-10-30,Alamein,Monday,Normal Weekday,2023-24,12360
2023-10-31,Alamein,Tuesday,Normal Weekday,2023-24,14370
2023-11-01,Alamein,Wednesday,Normal Weekday,2023-24,14260
2023-11-02,Alamein,Thursday,Normal Weekday,2023-24,15070
2023-11-03,Alamein,Friday,Normal Weekday,2023-24,11540
2023-11-04,Alamein,Saturday,Saturday,2023-24,810
2023-11-05,Alamein,Sunday,Sunday,2023-24,580
2023-11-06,Alamein,Monday,Normal Weekday,2023-24,7950
2023-11-07,Alamein,Tuesday,Public Holiday,2023-24,460
2023-11-08,Alamein,Wednesday,Normal Weekday,2023-24,11860
2023-11-09,Alamein,Thursday,Normal Weekday,2023-24,14490
2023-11-10,Alamein,Friday,Normal Weekday,2023-24,12020
2023-11-11,Alamein,Saturday,Saturday,2023-24,850
2023-11-12,Alamein,Sunday,Sunday,2023-24,860
2023-11-13,Alamein,Monday,Normal Weekday,2023-24,11990
2023-11-14,Alamein,Tuesday,Normal Weekday,2023-24,15150
2023-11-15,Alamein,Wednesday,Normal Weekday,2023-24,14860
2023-11-16,Alamein,Thursday,Normal Weekday,2023-24,14690
2023-11-17,Alamein,Friday,Normal Weekday,2023-24,11700
2023-11-18,Alamein,Saturday,Saturday,2023-24,770
2023-11-19,Alamein,Sunday,Sunday,2023-24,590
2023-11-20,Alamein,Monday,Normal Weekday,2023-24,12170
2023-11-21,Alamein,Tuesday,Normal Weekday,2023-24,14930
2023-11-22,Alamein,Wednesday,Normal Weekday,2023-24,14870
2023-11-23,Alamein,Thursday,Normal Weekday,2023-24,15840
2023-11-24,Alamein,Friday,Normal Weekday,2023-24,13320
2023-11-25,Alamein,Saturday,Saturday,2023-24,1070
2023-11-26,Alamein,Sunday,Sunday,2023-24,740
2023-11-27,Alamein,Monday,Normal Weekday,2023-24,12690
2023-11-28,Alamein,Tuesday,Normal Weekday,2023-24,15070
2023-11-29,Alamein,Wednesday,Normal Weekday,2023-24,14670
2023-11-30,Alamein,Thursday,Normal Weekday,2023-24,14280
2023-12-01,Alamein,Friday,Normal Weekday,2023-24,12350
2023-12-02,Alamein,Saturday,Saturday,2023-24,930
2023-12-03,Alamein,Sunday,Sunday,2023-24,970
2023-12-04,Alamein,Monday,Normal Weekday,2023-24,13060
2023-12-05,Alamein,Tuesday,Normal Weekday,2023-24,15240
2023-12-06,Alamein,Wednesday,Normal Weekday,2023-24,15970
2023-12-07,Alamein,Thursday,Normal Weekday,2023-24,15210
2023-12-08,Alamein,Friday,Normal Weekday,2023-24,12740
2023-12-09,Alamein,Saturday,Saturday,2023-24,790
2023-12-10,Alamein,Sunday,Sunday,2023-24,900
2023-12-11,Alamein,Monday,Normal Weekday,2023-24,11230
2023-12-12,Alamein,Tuesday,Normal Weekday,2023-24,13690
2023-12-13,Alamein,Wednesday,Normal Weekday,2023-24,13790
2023-12-14,Alamein,Thursday,Normal Weekday,2023-24,13700
2023-12-15,Alamein,Friday,Normal Weekday,2023-24,11450
2023-12-16,Alamein,Saturday,Saturday,2023-24,1110
2023-12-17,Alamein,Sunday,Sunday,2023-24,730
2023-12-18,Alamein,Monday,Normal Weekday,2023-24,10240
2023-12-19,Alamein,Tuesday,Normal Weekday,2023-24,11660
2023-12-20,Alamein,Wednesday,Normal Weekday,2023-24,11930
2023-12-21,Alamein,Thursday,School Holiday,2023-24,11880
2023-12-22,Alamein,Friday,School Holiday,2023-24,8370
2023-12-23,Alamein,Saturday,Saturday,2023-24,1210
2023-12-24,Alamein,Sunday,Sunday,2023-24,550
2023-12-25,Alamein,Monday,Public Holiday,2023-24,0
2023-12-26,Alamein,Tuesday,Public Holiday,2023-24,820
2023-12-27,Alamein,Wednesday,School Holiday,2023-24,4840
2023-12-28,Alamein,Thursday,School Holiday,2023-24,4670
2023-12-29,Alamein,Friday,School Holiday,2023-24,4460
2023-12-30,Alamein,Saturday,Saturday,2023-24,740
2023-12-31,Alamein,Sunday,Sunday,2023-24,720
2024-01-01,Alamein,Monday,Public Holiday,2023-24,320
2024-01-02,Alamein,Tuesday,School Holiday,2023-24,4650
2024-01-03,Alamein,Wednesday,School Holiday,2023-24,5020
2024-01-04,Alamein,Thursday,School Holiday,2023-24,5820
2024-01-05,Alamein,Friday,School Holiday,2023-24,5250
2024-01-06,Alamein,Saturday,Saturday,2023-24,760
2024-01-07,Alamein,Sunday,Sunday,2023-24,470
2024-01-08,Alamein,Monday,School Holiday,2023-24,7690
2024-01-09,Alamein,Tuesday,School Holiday,2023-24,10720
2024-01-10,Alamein,Wednesday,School Holiday,2023-24,10830
2024-01-11,Alamein,Thursday,School Holiday,2023-24,10370
2024-01-12,Alamein,Friday,School Holiday,2023-24,7790
2024-01-13,Alamein,Saturday,Saturday,2023-24,1050
2024-01-14,Alamein,Sunday,Sunday,2023-24,1070
2024-01-15,Alamein,Monday,School Holiday,2023-24,10830
2024-01-16,Alamein,Tuesday,School Holiday,2023-24,12760
2024-01-17,Alamein,Wednesday,School Holiday,2023-24,12050
2024-01-18,Alamein,Thursday,School Holiday,2023-24,12930
2024-01-19,Alamein,Friday,School Holiday,2023-24,10140
2024-01-20,Alamein,Saturday,Saturday,2023-24,1230
2024-01-21,Alamein,Sunday,Sunday,2023-24,1150
2024-01-22,Alamein,Monday,School Holiday,2023-24,11320
2024-01-23,Alamein,Tuesday,School Holiday,2023-24,13250
2024-01-24,Alamein,Wednesday,School Holiday,2023-24,13020
2024-01-25,Alamein,Thursday,School Holiday,2023-24,11370
2024-01-26,Alamein,Friday,Public Holiday,2023-24,1100
2024-01-27,Alamein,Saturday,Saturday,2023-24,1160
2024-01-28,Alamein,Sunday,Sunday,2023-24,850
2024-01-29,Alamein,Monday,School Holiday,2023-24,10880
2024-01-30,Alamein,Tuesday,Normal Weekday,2023-24,14030
2024-01-31,Alamein,Wednesday,Normal Weekday,2023-24,14910
2024-02-01,Alamein,Thursday,Normal Weekday,2023-24,14660
2024-02-02,Alamein,Friday,Normal Weekday,2023-24,11440
2024-02-03,Alamein,Saturday,Saturday,2023-24,990
2024-02-04,Alamein,Sunday,Sunday,2023-24,460
2024-02-05,Alamein,Monday,Normal Weekday,2023-24,13610
2024-02-06,Alamein,Tuesday,Normal Weekday,2023-24,16850
2024-02-07,Alamein,Wednesday,Normal Weekday,2023-24,16070
2024-02-08,Alamein,Thursday,Normal Weekday,2023-24,16570
2024-02-09,Alamein,Friday,Normal Weekday,2023-24,12300
2024-02-10,Alamein,Saturday,Saturday,2023-24,1110
2024-02-11,Alamein,Sunday,Sunday,2023-24,890
2024-02-12,Alamein,Monday,Normal Weekday,2023-24,12700
2024-02-13,Alamein,Tuesday,Normal Weekday,2023-24,13810
2024-02-14,Alamein,Wednesday,Normal Weekday,2023-24,15760
2024-02-15,Alamein,Thursday,Normal Weekday,2023-24,17090
2024-02-16,Alamein,Friday,Normal Weekday,2023-24,15080
2024-02-17,Alamein,Saturday,Saturday,2023-24,1770
2024-02-18,Alamein,Sunday,Sunday,2023-24,1230
2024-02-19,Alamein,Monday,Normal Weekday,2023-24,15230
2024-02-20,Alamein,Tuesday,Normal Weekday,2023-24,18450
2024-02-21,Alamein,Wednesday,Normal Weekday,2023-24,17580
2024-02-22,Alamein,Thursday,Normal Weekday,2023-24,16190
2024-02-23,Alamein,Friday,Normal Weekday,2023-24,14840
2024-02-24,Alamein,Saturday,Saturday,2023-24,1120
2024-02-25,Alamein,Sunday,Sunday,2023-24,920
2024-02-26,Alamein,Monday,Normal Weekday,2023-24,17210
2024-02-27,Alamein,Tuesday,Normal Weekday,2023-24,19790
2024-02-28,Alamein,Wednesday,Normal Weekday,2023-24,19590
2024-02-29,Alamein,Thursday,Normal Weekday,2023-24,18570
2024-03-01,Alamein,Friday,Normal Weekday,2023-24,14420
2024-03-02,Alamein,Saturday,Saturday,2023-24,1100
2024-03-03,Alamein,Sunday,Sunday,2023-24,840
2024-03-04,Alamein,Monday,Normal Weekday,2023-24,16730
2024-03-05,Alamein,Tuesday,Normal Weekday,2023-24,20000
2024-03-06,Alamein,Wednesday,Normal Weekday,2023-24,19940
2024-03-07,Alamein,Thursday,Normal Weekday,2023-24,20050
2024-03-08,Alamein,Friday,Normal Weekday,2023-24,14630
2024-03-09,Alamein,Saturday,Saturday,2023-24,610
2024-03-10,Alamein,Sunday,Sunday,2023-24,620
2024-03-11,Alamein,Monday,Public Holiday,2023-24,690
2024-03-12,Alamein,Tuesday,Normal Weekday,2023-24,19470
2024-03-13,Alamein,Wednesday,Normal Weekday,2023-24,19490
2024-03-14,Alamein,Thursday,Normal Weekday,2023-24,21020
2024-03-15,Alamein,Friday,Normal Weekday,2023-24,16650
2024-03-16,Alamein,Saturday,Saturday,2023-24,1730
2024-03-17,Alamein,Sunday,Sunday,2023-24,1190
2024-03-18,Alamein,Monday,Normal Weekday,2023-24,16090
2024-03-19,Alamein,Tuesday,Normal Weekday,2023-24,20110
2024-03-20,Alamein,Wednesday,Normal Weekday,2023-24,18130
2024-03-21,Alamein,Thursday,Normal Weekday,2023-24,20800
2024-03-22,Alamein,Friday,Normal Weekday,2023-24,15620
2024-03-23,Alamein,Saturday,Saturday,2023-24,1740
2024-03-24,Alamein,Sunday,Sunday,2023-24,1060
2024-03-25,Alamein,Monday,Normal Weekday,2023-24,15480
2024-03-26,Alamein,Tuesday,Normal Weekday,2023-24,18780
2024-03-27,Alamein,Wednesday,Normal Weekday,2023-24,17360
2024-03-28,Alamein,Thursday,Normal Weekday,2023-24,15010
2024-03-29,Alamein,Friday,Public Holiday,2023-24,580
2024-03-30,Alamein,Saturday,Public Holiday,2023-24,820
2024-03-31,Alamein,Sunday,Public Holiday,2023-24,760
2024-04-01,Alamein,Monday,Public Holiday,2023-24,800
2024-04-02,Alamein,Tuesday,School Holiday,2023-24,10660
2024-04-03,Alamein,Wednesday,School Holiday,2023-24,12500
2024-04-04,Alamein,Thursday,School Holiday,2023-24,13270
2024-04-05,Alamein,Friday,School Holiday,2023-24,11050
2024-04-06,Alamein,Saturday,Saturday,2023-24,1180
2024-04-07,Alamein,Sunday,Sunday,2023-24,530
2024-04-08,Alamein,Monday,School Holiday,2023-24,13890
2024-04-09,Alamein,Tuesday,School Holiday,2023-24,15550
2024-04-10,Alamein,Wednesday,School Holiday,2023-24,15700
2024-04-11,Alamein,Thursday,School Holiday,2023-24,16350
2024-04-12,Alamein,Friday,School Holiday,2023-24,13120
2024-04-13,Alamein,Saturday,Saturday,2023-24,1270
2024-04-14,Alamein,Sunday,Sunday,2023-24,740
2024-04-15,Alamein,Monday,Normal Weekday,2023-24,13840
2024-04-16,Alamein,Tuesday,Normal Weekday,2023-24,17240
2024-04-17,Alamein,Wednesday,Normal Weekday,2023-24,17110
2024-04-18,Alamein,Thursday,Normal Weekday,2023-24,17920
2024-04-19,Alamein,Friday,Normal Weekday,2023-24,13640
2024-04-20,Alamein,Saturday,Saturday,2023-24,1030
2024-04-21,Alamein,Sunday,Sunday,2023-24,610
2024-04-22,Alamein,Monday,Normal Weekday,2023-24,14410
2024-04-23,Alamein,Tuesday,Normal Weekday,2023-24,18460
2024-04-24,Alamein,Wednesday,Normal Weekday,2023-24,18020
2024-04-25,Alamein,Thursday,Public Holiday,2023-24,1160
2024-04-26,Alamein,Friday,Normal Weekday,2023-24,10770
2024-04-27,Alamein,Saturday,Saturday,2023-24,1480
2024-04-28,Alamein,Sunday,Sunday,2023-24,880
2024-04-29,Alamein,Monday,Normal Weekday,2023-24,14580
2024-04-30,Alamein,Tuesday,Normal Weekday,2023-24,17380
2024-05-01,Alamein,Wednesday,Normal Weekday,2023-24,17570
2024-05-02,Alamein,Thursday,Normal Weekday,2023-24,16970
2024-05-03,Alamein,Friday,Normal Weekday,2023-24,14270
2024-05-06,Alamein,Monday,Normal Weekday,2023-24,14270
2024-05-07,Alamein,Tuesday,Normal Weekday,2023-24,16750
2024-05-08,Alamein,Wednesday,Normal Weekday,2023-24,16470
2024-05-09,Alamein,Thursday,Normal Weekday,2023-24,17950
2024-05-10,Alamein,Friday,Normal Weekday,2023-24,12620
2024-05-11,Alamein,Saturday,Saturday,2023-24,1300
2024-05-12,Alamein,Sunday,Sunday,2023-24,650
2024-05-13,Alamein,Monday,Normal Weekday,2023-24,14210
2024-05-14,Alamein,Tuesday,Normal Weekday,2023-24,16990
2024-05-15,Alamein,Wednesday,Normal Weekday,2023-24,15710
2024-05-16,Alamein,Thursday,Normal Weekday,2023-24,16540
2024-05-17,Alamein,Friday,Normal Weekday,2023-24,12830
2024-05-18,Alamein,Saturday,Saturday,2023-24,1140
2024-05-19,Alamein,Sunday,Sunday,2023-24,670
2024-05-20,Alamein,Monday,Normal Weekday,2023-24,14280
2024-05-21,Alamein,Tuesday,Normal Weekday,2023-24,16860
2024-05-22,Alamein,Wednesday,Normal Weekday,2023-24,16290
2024-05-23,Alamein,Thursday,Normal Weekday,2023-24,16590
2024-05-24,Alamein,Friday,Normal Weekday,2023-24,13500
2024-05-25,Alamein,Saturday,Saturday,2023-24,1220
2024-05-26,Alamein,Sunday,Sunday,2023-24,950
2024-05-27,Alamein,Monday,Normal Weekday,2023-24,12910
2024-05-28,Alamein,Tuesday,Normal Weekday,2023-24,15860
2024-05-29,Alamein,Wednesday,Normal Weekday,2023-24,14820
2024-05-30,Alamein,Thursday,Normal Weekday,2023-24,14740
2024-05-31,Alamein,Friday,Normal Weekday,2023-24,13750
2024-06-01,Alamein,Saturday,Saturday,2023-24,1190
2024-06-02,Alamein,Sunday,Sunday,2023-24,700
2024-06-03,Alamein,Monday,Normal Weekday,2023-24,12710
2024-06-04,Alamein,Tuesday,Normal Weekday,2023-24,16070
2024-06-05,Alamein,Wednesday,Normal Weekday,2023-24,13870
2024-06-06,Alamein,Thursday,Normal Weekday,2023-24,15340
2024-06-07,Alamein,Friday,Normal Weekday,2023-24,12050
2024-06-08,Alamein,Saturday,Saturday,2023-24,940
2024-06-09,Alamein,Sunday,Sunday,2023-24,920
2024-06-10,Alamein,Monday,Public Holiday,2023-24,1000
2024-06-11,Alamein,Tuesday,Normal Weekday,2023-24,13690
2024-06-12,Alamein,Wednesday,Normal Weekday,2023-24,14190
2024-06-13,Alamein,Thursday,Normal Weekday,2023-24,15110
2024-06-14,Alamein,Friday,Normal Weekday,2023-24,12100
2024-06-15,Alamein,Saturday,Saturday,2023-24,1490
2024-06-16,Alamein,Sunday,Sunday,2023-24,630
2024-06-17,Alamein,Monday,Normal Weekday,2023-24,12560
2024-06-18,Alamein,Tuesday,Normal Weekday,2023-24,14970
2024-06-19,Alamein,Wednesday,Normal Weekday,2023-24,14610
2024-06-20,Alamein,Thursday,Normal Weekday,2023-24,14410
2024-06-21,Alamein,Friday,Normal Weekday,2023-24,12440
2024-06-22,Alamein,Saturday,Saturday,2023-24,1310
2024-06-23,Alamein,Sunday,Sunday,2023-24,960
2024-06-24,Alamein,Monday,Normal Weekday,2023-24,12230
2024-06-25,Alamein,Tuesday,Normal Weekday,2023-24,15160
2024-06-26,Alamein,Wednesday,Normal Weekday,2023-24,15070
2024-06-27,Alamein,Thursday,Normal Weekday,2023-24,14370
2024-06-28,Alamein,Friday,Normal Weekday,2023-24,11450
2024-06-29,Alamein,Saturday,Saturday,2023-24,760
2024-06-30,Alamein,Sunday,Sunday,2023-24,970
2018-07-01,Sandringham,Sunday,Sunday,2018-19,36400
2018-07-02,Sandringham,Monday,School Holiday,2018-19,53330
2018-07-03,Sandringham,Tuesday,School Holiday,2018-19,54490
2018-07-04,Sandringham,Wednesday,School Holiday,2018-19,54190
2018-07-05,Sandringham,Thursday,School Holiday,2018-19,49170
2018-07-06,Sandringham,Friday,School Holiday,2018-19,55240
2018-07-07,Sandringham,Saturday,Saturday,2018-19,3140
2018-07-08,Sandringham,Sunday,Sunday,2018-19,3450
2018-07-09,Sandringham,Monday,School Holiday,2018-19,51430
2018-07-10,Sandringham,Tuesday,School Holiday,2018-19,54970
2018-07-11,Sandringham,Wednesday,School Holiday,2018-19,54810
2018-07-12,Sandringham,Thursday,School Holiday,2018-19,55520
2018-07-13,Sandringham,Friday,School Holiday,2018-19,54160
2018-07-14,Sandringham,Saturday,Saturday,2018-19,3990
2018-07-15,Sandringham,Sunday,Sunday,2018-19,3610
2018-07-16,Sandringham,Monday,Normal Weekday,2018-19,54550
2018-07-17,Sandringham,Tuesday,Normal Weekday,2018-19,58410
2018-07-18,Sandringham,Wednesday,Normal Weekday,2018-19,59880
2018-07-19,Sandringham,Thursday,Normal Weekday,2018-19,59820
2018-07-20,Sandringham,Friday,Normal Weekday,2018-19,63550
2018-07-21,Sandringham,Saturday,Saturday,2018-19,40560
2018-07-22,Sandringham,Sunday,Sunday,2018-19,30000
2018-07-23,Sandringham,Monday,Normal Weekday,2018-19,57140
2018-07-24,Sandringham,Tuesday,Normal Weekday,2018-19,59230
2018-07-25,Sandringham,Wednesday,Normal Weekday,2018-19,62050
2018-07-26,Sandringham,Thursday,Normal Weekday,2018-19,63090
2018-07-27,Sandringham,Friday,Normal Weekday,2018-19,65220
2018-07-28,Sandringham,Saturday,Saturday,2018-19,39810
2018-07-29,Sandringham,Sunday,Sunday,2018-19,21360
2018-07-30,Sandringham,Monday,Normal Weekday,2018-19,56030
2018-07-31,Sandringham,Tuesday,Normal Weekday,2018-19,60900
2018-08-01,Sandringham,Wednesday,Normal Weekday,2018-19,62190
2018-08-02,Sandringham,Thursday,Normal Weekday,2018-19,63090
2018-08-03,Sandringham,Friday,Normal Weekday,2018-19,70100
2018-08-04,Sandringham,Saturday,Saturday,2018-19,45950
2018-08-05,Sandringham,Sunday,Sunday,2018-19,32440
2018-08-06,Sandringham,Monday,Normal Weekday,2018-19,58050
2018-08-07,Sandringham,Tuesday,Normal Weekday,2018-19,61160
2018-08-08,Sandringham,Wednesday,Normal Weekday,2018-19,61120
2018-08-09,Sandringham,Thursday,Normal Weekday,2018-19,60910
2018-08-10,Sandringham,Friday,Normal Weekday,2018-19,65460
2018-08-11,Sandringham,Saturday,Saturday,2018-19,42790
2018-08-12,Sandringham,Sunday,Sunday,2018-19,41700
2018-08-13,Sandringham,Monday,Normal Weekday,2018-19,58460
2018-08-14,Sandringham,Tuesday,Normal Weekday,2018-19,62540
2018-08-15,Sandringham,Wednesday,Normal Weekday,2018-19,60490
2018-08-16,Sandringham,Thursday,Normal Weekday,2018-19,61250
2018-08-17,Sandringham,Friday,Normal Weekday,2018-19,71300
2018-08-18,Sandringham,Saturday,Saturday,2018-19,4230
2018-08-19,Sandringham,Sunday,Sunday,2018-19,2110
2018-08-20,Sandringham,Monday,Normal Weekday,2018-19,54890
2018-08-21,Sandringham,Tuesday,Normal Weekday,2018-19,59680
2018-08-22,Sandringham,Wednesday,Normal Weekday,2018-19,60410
2018-08-23,Sandringham,Thursday,Normal Weekday,2018-19,61490
2018-08-24,Sandringham,Friday,Normal Weekday,2018-19,60600
2018-08-25,Sandringham,Saturday,Saturday,2018-19,42510
2018-08-26,Sandringham,Sunday,Sunday,2018-19,33640
2018-08-27,Sandringham,Monday,Normal Weekday,2018-19,53440
2018-08-28,Sandringham,Tuesday,Normal Weekday,2018-19,58620
2018-08-29,Sandringham,Wednesday,Normal Weekday,2018-19,61380
2018-08-30,Sandringham,Thursday,Normal Weekday,2018-19,59340
2018-08-31,Sandringham,Friday,Normal Weekday,2018-19,65120
2018-09-01,Sandringham,Saturday,Saturday,2018-19,38580
2018-09-02,Sandringham,Sunday,Sunday,2018-19,24210
2018-09-03,Sandringham,Monday,Normal Weekday,2018-19,62850
2018-09-04,Sandringham,Tuesday,Normal Weekday,2018-19,61270
2018-09-05,Sandringham,Wednesday,Normal Weekday,2018-19,61180
2018-09-06,Sandringham,Thursday,Normal Weekday,2018-19,70620
2018-09-07,Sandringham,Friday,Normal Weekday,2018-19,74760
2018-09-08,Sandringham,Saturday,Saturday,2018-19,37310
2018-09-09,Sandringham,Sunday,Sunday,2018-19,23680
2018-09-10,Sandringham,Monday,Normal Weekday,2018-19,56080
2018-09-11,Sandringham,Tuesday,Normal Weekday,2018-19,59460
2018-09-12,Sandringham,Wednesday,Normal Weekday,2018-19,61980
2018-09-13,Sandringham,Thursday,Normal Weekday,2018-19,61140
2018-09-14,Sandringham,Friday,Normal Weekday,2018-19,72260
2018-09-15,Sandringham,Saturday,Saturday,2018-19,32350
2018-09-16,Sandringham,Sunday,Sunday,2018-19,21400
2018-09-17,Sandringham,Monday,Normal Weekday,2018-19,55860
2018-09-18,Sandringham,Tuesday,Normal Weekday,2018-19,58380
2018-09-19,Sandringham,Wednesday,Normal Weekday,2018-19,58150
2018-09-20,Sandringham,Thursday,Normal Weekday,2018-19,60190
2018-09-21,Sandringham,Friday,Normal Weekday,2018-19,74990
2018-09-22,Sandringham,Saturday,Saturday,2018-19,38000
2018-09-23,Sandringham,Sunday,Sunday,2018-19,25620
2018-09-24,Sandringham,Monday,School Holiday,2018-19,53120
2018-09-25,Sandringham,Tuesday,School Holiday,2018-19,56610
2018-09-26,Sandringham,Wednesday,School Holiday,2018-19,59410
2018-09-27,Sandringham,Thursday,School Holiday,2018-19,61600
2018-09-28,Sandringham,Friday,Public Holiday,2018-19,34740
2018-09-29,Sandringham,Saturday,Saturday,2018-19,44200
2018-09-30,Sandringham,Sunday,Sunday,2018-19,25890
2018-10-01,Sandringham,Monday,School Holiday,2018-19,54500
2018-10-02,Sandringham,Tuesday,School Holiday,2018-19,57850
2018-10-03,Sandringham,Wednesday,School Holiday,2018-19,58460
2018-10-04,Sandringham,Thursday,School Holiday,2018-19,57790
2018-10-05,Sandringham,Friday,School Holiday,2018-19,61280
2018-10-06,Sandringham,Saturday,Saturday,2018-19,41630
2018-10-07,Sandringham,Sunday,Sunday,2018-19,25050
2018-10-08,Sandringham,Monday,Normal Weekday,2018-19,57780
2018-10-09,Sandringham,Tuesday,Normal Weekday,2018-19,59980
2018-10-10,Sandringham,Wednesday,Normal Weekday,2018-19,62250
2018-10-11,Sandringham,Thursday,Normal Weekday,2018-19,63210
2018-10-12,Sandringham,Friday,Normal Weekday,2018-19,66190
2018-10-13,Sandringham,Saturday,Saturday,2018-19,33380
2018-10-14,Sandringham,Sunday,Sunday,2018-19,31290
2018-10-15,Sandringham,Monday,Normal Weekday,2018-19,58880
2018-10-16,Sandringham,Tuesday,Normal Weekday,2018-19,60430
2018-10-17,Sandringham,Wednesday,Normal Weekday,2018-19,61070
2018-10-18,Sandringham,Thursday,Normal Weekday,2018-19,63620
2018-10-19,Sandringham,Friday,Normal Weekday,2018-19,65980
2018-10-20,Sandringham,Saturday,Saturday,2018-19,38890
2018-10-21,Sandringham,Sunday,Sunday,2018-19,29860
2018-10-22,Sandringham,Monday,Normal Weekday,2018-19,60820
2018-10-23,Sandringham,Tuesday,Normal Weekday,2018-19,62290
2018-10-24,Sandringham,Wednesday,Normal Weekday,2018-19,63590
2018-10-25,Sandringham,Thursday,Normal Weekday,2018-19,62700
2018-10-26,Sandringham,Friday,Normal Weekday,2018-19,73390
2018-10-27,Sandringham,Saturday,Saturday,2018-19,62040
2018-10-28,Sandringham,Sunday,Sunday,2018-19,49850
2018-10-29,Sandringham,Monday,Normal Weekday,2018-19,59580
2018-10-30,Sandringham,Tuesday,Normal Weekday,2018-19,61320
2018-10-31,Sandringham,Wednesday,Normal Weekday,2018-19,61750
2018-11-01,Sandringham,Thursday,Normal Weekday,2018-19,63150
2018-11-02,Sandringham,Friday,Normal Weekday,2018-19,62830
2018-11-03,Sandringham,Saturday,Saturday,2018-19,34430
2018-11-04,Sandringham,Sunday,Sunday,2018-19,27540
2018-11-05,Sandringham,Monday,Normal Weekday,2018-19,45900
2018-11-06,Sandringham,Tuesday,Public Holiday,2018-19,17350
2018-11-07,Sandringham,Wednesday,Normal Weekday,2018-19,60820
2018-11-08,Sandringham,Thursday,Normal Weekday,2018-19,65680
2018-11-09,Sandringham,Friday,Normal Weekday,2018-19,65500
2018-11-10,Sandringham,Saturday,Saturday,2018-19,39160
2018-11-11,Sandringham,Sunday,Sunday,2018-19,30970
2018-11-12,Sandringham,Monday,Normal Weekday,2018-19,64710
2018-11-13,Sandringham,Tuesday,Normal Weekday,2018-19,62370
2018-11-14,Sandringham,Wednesday,Normal Weekday,2018-19,62790
2018-11-15,Sandringham,Thursday,Normal Weekday,2018-19,65270
2018-11-16,Sandringham,Friday,Normal Weekday,2018-19,67050
2018-11-17,Sandringham,Saturday,Saturday,2018-19,40730
2018-11-18,Sandringham,Sunday,Sunday,2018-19,35790
2018-11-19,Sandringham,Monday,Normal Weekday,2018-19,63470
2018-11-20,Sandringham,Tuesday,Normal Weekday,2018-19,61190
2018-11-21,Sandringham,Wednesday,Normal Weekday,2018-19,63540
2018-11-22,Sandringham,Thursday,Normal Weekday,2018-19,63170
2018-11-23,Sandringham,Friday,Normal Weekday,2018-19,65630
2018-11-24,Sandringham,Saturday,Saturday,2018-19,14840
2018-11-25,Sandringham,Sunday,Sunday,2018-19,24350
2018-11-26,Sandringham,Monday,Normal Weekday,2018-19,56940
2018-11-27,Sandringham,Tuesday,Normal Weekday,2018-19,61650
2018-11-28,Sandringham,Wednesday,Normal Weekday,2018-19,61240
2018-11-29,Sandringham,Thursday,Normal Weekday,2018-19,63130
2018-11-30,Sandringham,Friday,Normal Weekday,2018-19,64460
2018-12-01,Sandringham,Saturday,Saturday,2018-19,8580
2018-12-02,Sandringham,Sunday,Sunday,2018-19,4910
2018-12-03,Sandringham,Monday,Normal Weekday,2018-19,57780
2018-12-04,Sandringham,Tuesday,Normal Weekday,2018-19,61630
2018-12-05,Sandringham,Wednesday,Normal Weekday,2018-19,63680
2018-12-06,Sandringham,Thursday,Normal Weekday,2018-19,66650
2018-12-07,Sandringham,Friday,Normal Weekday,2018-19,63180
2018-12-08,Sandringham,Saturday,Saturday,2018-19,37150
2018-12-09,Sandringham,Sunday,Sunday,2018-19,27060
2018-12-10,Sandringham,Monday,Normal Weekday,2018-19,57810
2018-12-11,Sandringham,Tuesday,Normal Weekday,2018-19,60360
2018-12-12,Sandringham,Wednesday,Normal Weekday,2018-19,58420
2018-12-13,Sandringham,Thursday,Normal Weekday,2018-19,54660
2018-12-14,Sandringham,Friday,Normal Weekday,2018-19,58280
2018-12-15,Sandringham,Saturday,Saturday,2018-19,42600
2018-12-16,Sandringham,Sunday,Sunday,2018-19,31870
2018-12-17,Sandringham,Monday,Normal Weekday,2018-19,58130
2018-12-18,Sandringham,Tuesday,Normal Weekday,2018-19,59120
2018-12-19,Sandringham,Wednesday,Normal Weekday,2018-19,58780
2018-12-20,Sandringham,Thursday,Normal Weekday,2018-19,59740
2018-12-21,Sandringham,Friday,Normal Weekday,2018-19,55090
2018-12-22,Sandringham,Saturday,Saturday,2018-19,29220
2018-12-23,Sandringham,Sunday,Sunday,2018-19,25080
2018-12-24,Sandringham,Monday,School Holiday,2018-19,27290
2018-12-25,Sandringham,Tuesday,Public Holiday,2018-19,6300
2018-12-26,Sandringham,Wednesday,Public Holiday,2018-19,38650
2018-12-27,Sandringham,Thursday,School Holiday,2018-19,31050
2018-12-28,Sandringham,Friday,School Holiday,2018-19,33810
2018-12-29,Sandringham,Saturday,Saturday,2018-19,28470
2018-12-30,Sandringham,Sunday,Sunday,2018-19,24700
2018-12-31,Sandringham,Monday,School Holiday,2018-19,24130
2019-01-01,Sandringham,Tuesday,Public Holiday,2018-19,24690
2019-01-02,Sandringham,Wednesday,School Holiday,2018-19,5670
2019-01-03,Sandringham,Thursday,School Holiday,2018-19,6140
2019-01-04,Sandringham,Friday,School Holiday,2018-19,4540
2019-01-05,Sandringham,Saturday,Saturday,2018-19,3990
2019-01-06,Sandringham,Sunday,Sunday,2018-19,12160
2019-01-07,Sandringham,Monday,School Holiday,2018-19,64730
2019-01-08,Sandringham,Tuesday,School Holiday,2018-19,67220
2019-01-09,Sandringham,Wednesday,School Holiday,2018-19,71570
2019-01-10,Sandringham,Thursday,School Holiday,2018-19,69880
2019-01-11,Sandringham,Friday,School Holiday,2018-19,70930
2019-01-12,Sandringham,Saturday,Saturday,2018-19,35550
2019-01-13,Sandringham,Sunday,Sunday,2018-19,27220
2019-01-14,Sandringham,Monday,School Holiday,2018-19,64240
2019-01-15,Sandringham,Tuesday,School Holiday,2018-19,59090
2019-01-16,Sandringham,Wednesday,School Holiday,2018-19,62640
2019-01-17,Sandringham,Thursday,School Holiday,2018-19,61050
2019-01-18,Sandringham,Friday,School Holiday,2018-19,64290
2019-01-19,Sandringham,Saturday,Saturday,2018-19,47710
2019-01-20,Sandringham,Sunday,Sunday,2018-19,36840
2019-01-21,Sandringham,Monday,School Holiday,2018-19,59080
2019-01-22,Sandringham,Tuesday,School Holiday,2018-19,64120
2019-01-23,Sandringham,Wednesday,School Holiday,2018-19,64400
2019-01-24,Sandringham,Thursday,School Holiday,2018-19,59480
2019-01-25,Sandringham,Friday,School Holiday,2018-19,49190
2019-01-26,Sandringham,Saturday,Saturday,2018-19,38240
2019-01-27,Sandringham,Sunday,Sunday,2018-19,31440
2019-01-28,Sandringham,Monday,Public Holiday,2018-19,25600
2019-01-29,Sandringham,Tuesday,School Holiday,2018-19,59000
2019-01-30,Sandringham,Wednesday,Normal Weekday,2018-19,57430
2019-01-31,Sandringham,Thursday,Normal Weekday,2018-19,60340
2019-02-01,Sandringham,Friday,Normal Weekday,2018-19,66100
2019-02-02,Sandringham,Saturday,Saturday,2018-19,39880
2019-02-03,Sandringham,Sunday,Sunday,2018-19,24580
2019-02-04,Sandringham,Monday,Normal Weekday,2018-19,60850
2019-02-05,Sandringham,Tuesday,Normal Weekday,2018-19,61810
2019-02-06,Sandringham,Wednesday,Normal Weekday,2018-19,62740
2019-02-07,Sandringham,Thursday,Normal Weekday,2018-19,64130
2019-02-08,Sandringham,Friday,Normal Weekday,2018-19,60860
2019-02-11,Sandringham,Monday,Normal Weekday,2018-19,57720
2019-02-12,Sandringham,Tuesday,Normal Weekday,2018-19,58890
2019-02-13,Sandringham,Wednesday,Normal Weekday,2018-19,61020
2019-02-14,Sandringham,Thursday,Normal Weekday,2018-19,66470
2019-02-15,Sandringham,Friday,Normal Weekday,2018-19,66760
2019-02-16,Sandringham,Saturday,Saturday,2018-19,37820
2019-02-17,Sandringham,Sunday,Sunday,2018-19,28710
2019-02-18,Sandringham,Monday,Normal Weekday,2018-19,61340
2019-02-19,Sandringham,Tuesday,Normal Weekday,2018-19,63170
2019-02-20,Sandringham,Wednesday,Normal Weekday,2018-19,64500
2019-02-21,Sandringham,Thursday,Normal Weekday,2018-19,64820
2019-02-22,Sandringham,Friday,Normal Weekday,2018-19,67910
2019-02-23,Sandringham,Saturday,Saturday,2018-19,33350
2019-02-24,Sandringham,Sunday,Sunday,2018-19,29890
2019-02-25,Sandringham,Monday,Normal Weekday,2018-19,61840
2019-02-26,Sandringham,Tuesday,Normal Weekday,2018-19,66520
2019-02-27,Sandringham,Wednesday,Normal Weekday,2018-19,66230
2019-02-28,Sandringham,Thursday,Normal Weekday,2018-19,67770
2019-03-01,Sandringham,Friday,Normal Weekday,2018-19,60060
2019-03-04,Sandringham,Monday,Normal Weekday,2018-19,62950
2019-03-05,Sandringham,Tuesday,Normal Weekday,2018-19,67630
2019-03-06,Sandringham,Wednesday,Normal Weekday,2018-19,77620
2019-03-07,Sandringham,Thursday,Normal Weekday,2018-19,66600
2019-03-08,Sandringham,Friday,Normal Weekday,2018-19,64370
2019-03-09,Sandringham,Saturday,Saturday,2018-19,36190
2019-03-10,Sandringham,Sunday,Sunday,2018-19,25940
2019-03-11,Sandringham,Monday,Public Holiday,2018-19,26170
2019-03-12,Sandringham,Tuesday,Normal Weekday,2018-19,63740
2019-03-13,Sandringham,Wednesday,Normal Weekday,2018-19,65270
2019-03-14,Sandringham,Thursday,Normal Weekday,2018-19,69280
2019-03-15,Sandringham,Friday,Normal Weekday,2018-19,70820
2019-03-16,Sandringham,Saturday,Saturday,2018-19,44320
2019-03-17,Sandringham,Sunday,Sunday,2018-19,30560
2019-03-18,Sandringham,Monday,Normal Weekday,2018-19,63640
2019-03-19,Sandringham,Tuesday,Normal Weekday,2018-19,66090
2019-03-20,Sandringham,Wednesday,Normal Weekday,2018-19,65530
2019-03-21,Sandringham,Thursday,Normal Weekday,2018-19,75690
2019-03-22,Sandringham,Friday,Normal Weekday,2018-19,64630
2019-03-25,Sandringham,Monday,Normal Weekday,2018-19,59870
2019-03-26,Sandringham,Tuesday,Normal Weekday,2018-19,65110
2019-03-27,Sandringham,Wednesday,Normal Weekday,2018-19,65830
2019-03-28,Sandringham,Thursday,Normal Weekday,2018-19,74110
2019-03-29,Sandringham,Friday,Normal Weekday,2018-19,66710
2019-03-30,Sandringham,Saturday,Saturday,2018-19,32990
2019-03-31,Sandringham,Sunday,Sunday,2018-19,25110
2019-04-01,Sandringham,Monday,Normal Weekday,2018-19,61560
2019-04-02,Sandringham,Tuesday,Normal Weekday,2018-19,64110
2019-04-03,Sandringham,Wednesday,Normal Weekday,2018-19,65270
2019-04-04,Sandringham,Thursday,Normal Weekday,2018-19,65370
2019-04-05,Sandringham,Friday,Normal Weekday,2018-19,69600
2019-04-06,Sandringham,Saturday,Saturday,2018-19,31480
2019-04-07,Sandringham,Sunday,Sunday,2018-19,28010
2019-04-08,Sandringham,Monday,School Holiday,2018-19,81470
2019-04-09,Sandringham,Tuesday,School Holiday,2018-19,88090
2019-04-10,Sandringham,Wednesday,School Holiday,2018-19,88790
2019-04-11,Sandringham,Thursday,School Holiday,2018-19,91170
2019-04-12,Sandringham,Friday,School Holiday,2018-19,100650
2019-04-15,Sandringham,Monday,School Holiday,2018-19,58400
2019-04-16,Sandringham,Tuesday,School Holiday,2018-19,85990
2019-04-17,Sandringham,Wednesday,School Holiday,2018-19,85020
2019-04-18,Sandringham,Thursday,School Holiday,2018-19,84180
2019-04-22,Sandringham,Monday,Public Holiday,2018-19,12660
2019-04-23,Sandringham,Tuesday,Normal Weekday,2018-19,70600
2019-04-24,Sandringham,Wednesday,Normal Weekday,2018-19,62320
2019-04-25,Sandringham,Thursday,Public Holiday,2018-19,34270
2019-04-26,Sandringham,Friday,Normal Weekday,2018-19,46660
2019-04-27,Sandringham,Saturday,Saturday,2018-19,30490
2019-04-28,Sandringham,Sunday,Sunday,2018-19,20330
2019-04-29,Sandringham,Monday,Normal Weekday,2018-19,58990
2019-04-30,Sandringham,Tuesday,Normal Weekday,2018-19,62830
2019-05-01,Sandringham,Wednesday,Normal Weekday,2018-19,63030
2019-05-02,Sandringham,Thursday,Normal Weekday,2018-19,63480
2019-05-03,Sandringham,Friday,Normal Weekday,2018-19,68180
2019-05-04,Sandringham,Saturday,Saturday,2018-19,37480
2019-05-05,Sandringham,Sunday,Sunday,2018-19,32310
2019-05-06,Sandringham,Monday,Normal Weekday,2018-19,59330
2019-05-07,Sandringham,Tuesday,Normal Weekday,2018-19,62910
2019-05-08,Sandringham,Wednesday,Normal Weekday,2018-19,61630
2019-05-09,Sandringham,Thursday,Normal Weekday,2018-19,61760
2019-05-10,Sandringham,Friday,Normal Weekday,2018-19,61970
2019-05-11,Sandringham,Saturday,Saturday,2018-19,40830
2019-05-12,Sandringham,Sunday,Sunday,2018-19,25860
2019-05-13,Sandringham,Monday,Normal Weekday,2018-19,59000
2019-05-14,Sandringham,Tuesday,Normal Weekday,2018-19,61670
2019-05-15,Sandringham,Wednesday,Normal Weekday,2018-19,60580
2019-05-16,Sandringham,Thursday,Normal Weekday,2018-19,62610
2019-05-17,Sandringham,Friday,Normal Weekday,2018-19,63870
2019-05-18,Sandringham,Saturday,Saturday,2018-19,46170
2019-05-19,Sandringham,Sunday,Sunday,2018-19,32090
2019-05-20,Sandringham,Monday,Normal Weekday,2018-19,55740
2019-05-21,Sandringham,Tuesday,Normal Weekday,2018-19,51390
2019-06-09,Sandringham,Sunday,Sunday,2018-19,20300
2019-06-10,Sandringham,Monday,Public Holiday,2018-19,26520
2019-06-11,Sandringham,Tuesday,Normal Weekday,2018-19,50560
2019-06-12,Sandringham,Wednesday,Normal Weekday,2018-19,50380
2019-06-13,Sandringham,Thursday,Normal Weekday,2018-19,53450
2019-06-14,Sandringham,Friday,Normal Weekday,2018-19,50030
2019-06-15,Sandringham,Saturday,Saturday,2018-19,32660
2019-06-16,Sandringham,Sunday,Sunday,2018-19,18290
2019-06-17,Sandringham,Monday,Normal Weekday,2018-19,51630
2019-06-18,Sandringham,Tuesday,Normal Weekday,2018-19,52010
2019-06-19,Sandringham,Wednesday,Normal Weekday,2018-19,53010
2019-06-20,Sandringham,Thursday,Normal Weekday,2018-19,52000
2019-06-21,Sandringham,Friday,Normal Weekday,2018-19,49600
2019-06-24,Sandringham,Monday,Normal Weekday,2018-19,48640
2019-06-25,Sandringham,Tuesday,Normal Weekday,2018-19,49530
2019-06-26,Sandringham,Wednesday,Normal Weekday,2018-19,50110
2019-06-27,Sandringham,Thursday,Normal Weekday,2018-19,53090
2019-06-28,Sandringham,Friday,Normal Weekday,2018-19,54500
2019-06-29,Sandringham,Saturday,Saturday,2018-19,28010
2019-06-30,Sandringham,Sunday,Sunday,2018-19,25510
2019-07-01,Sandringham,Monday,School Holiday,2019-20,47420
2019-07-02,Sandringham,Tuesday,School Holiday,2019-20,49550
2019-07-03,Sandringham,Wednesday,School Holiday,2019-20,50300
2019-07-04,Sandringham,Thursday,School Holiday,2019-20,50300
2019-07-05,Sandringham,Friday,School Holiday,2019-20,54680
2019-07-08,Sandringham,Monday,School Holiday,2019-20,70610
2019-07-09,Sandringham,Tuesday,School Holiday,2019-20,75280
2019-07-10,Sandringham,Wednesday,School Holiday,2019-20,75400
2019-07-11,Sandringham,Thursday,School Holiday,2019-20,74810
2019-07-12,Sandringham,Friday,School Holiday,2019-20,73930
2019-07-15,Sandringham,Monday,Normal Weekday,2019-20,50870
2019-07-16,Sandringham,Tuesday,Normal Weekday,2019-20,54620
2019-07-17,Sandringham,Wednesday,Normal Weekday,2019-20,54870
2019-07-18,Sandringham,Thursday,Normal Weekday,2019-20,55780
2019-07-19,Sandringham,Friday,Normal Weekday,2019-20,56970
2019-07-20,Sandringham,Saturday,Saturday,2019-20,41530
2019-07-21,Sandringham,Sunday,Sunday,2019-20,29670
2019-07-22,Sandringham,Monday,Normal Weekday,2019-20,55800
2019-07-23,Sandringham,Tuesday,Normal Weekday,2019-20,58620
2019-07-24,Sandringham,Wednesday,Normal Weekday,2019-20,58650
2019-07-25,Sandringham,Thursday,Normal Weekday,2019-20,59070
2019-07-26,Sandringham,Friday,Normal Weekday,2019-20,64950
2019-07-27,Sandringham,Saturday,Saturday,2019-20,40340
2019-07-28,Sandringham,Sunday,Sunday,2019-20,24650
2019-07-29,Sandringham,Monday,Normal Weekday,2019-20,54030
2019-07-30,Sandringham,Tuesday,Normal Weekday,2019-20,56110
2019-07-31,Sandringham,Wednesday,Normal Weekday,2019-20,54010
2019-08-01,Sandringham,Thursday,Normal Weekday,2019-20,56140
2019-08-02,Sandringham,Friday,Normal Weekday,2019-20,58890
2019-08-03,Sandringham,Saturday,Saturday,2019-20,38420
2019-08-04,Sandringham,Sunday,Sunday,2019-20,26270
2019-08-05,Sandringham,Monday,Normal Weekday,2019-20,55230
2019-08-06,Sandringham,Tuesday,Normal Weekday,2019-20,56310
2019-08-07,Sandringham,Wednesday,Normal Weekday,2019-20,58250
2019-08-08,Sandringham,Thursday,Normal Weekday,2019-20,58030
2019-08-09,Sandringham,Friday,Normal Weekday,2019-20,55490
2019-08-10,Sandringham,Saturday,Saturday,2019-20,34700
2019-08-11,Sandringham,Sunday,Sunday,2019-20,29600
2019-08-12,Sandringham,Monday,Normal Weekday,2019-20,54500
2019-08-13,Sandringham,Tuesday,Normal Weekday,2019-20,60180
2019-08-14,Sandringham,Wednesday,Normal Weekday,2019-20,58450
2019-08-15,Sandringham,Thursday,Normal Weekday,2019-20,58290
2019-08-16,Sandringham,Friday,Normal Weekday,2019-20,55010
2019-08-17,Sandringham,Saturday,Saturday,2019-20,5590
2019-08-18,Sandringham,Sunday,Sunday,2019-20,2820
2019-08-19,Sandringham,Monday,Normal Weekday,2019-20,53170
2019-08-20,Sandringham,Tuesday,Normal Weekday,2019-20,57030
2019-08-21,Sandringham,Wednesday,Normal Weekday,2019-20,56670
2019-08-22,Sandringham,Thursday,Normal Weekday,2019-20,60050
2019-08-23,Sandringham,Friday,Normal Weekday,2019-20,67720
2019-08-24,Sandringham,Saturday,Saturday,2019-20,40720
2019-08-25,Sandringham,Sunday,Sunday,2019-20,30150
2019-08-26,Sandringham,Monday,Normal Weekday,2019-20,54520
2019-08-27,Sandringham,Tuesday,Normal Weekday,2019-20,58080
2019-08-28,Sandringham,Wednesday,Normal Weekday,2019-20,55690
2019-08-29,Sandringham,Thursday,Normal Weekday,2019-20,57810
2019-08-30,Sandringham,Friday,Normal Weekday,2019-20,56240
2019-08-31,Sandringham,Saturday,Saturday,2019-20,4730
2019-09-01,Sandringham,Sunday,Sunday,2019-20,2210
2019-09-02,Sandringham,Monday,Normal Weekday,2019-20,54500
2019-09-03,Sandringham,Tuesday,Normal Weekday,2019-20,58160
2019-09-04,Sandringham,Wednesday,Normal Weekday,2019-20,58270
2019-09-05,Sandringham,Thursday,Normal Weekday,2019-20,58050
2019-09-06,Sandringham,Friday,Normal Weekday,2019-20,67260
2019-09-07,Sandringham,Saturday,Saturday,2019-20,29910
2019-09-08,Sandringham,Sunday,Sunday,2019-20,16210
2019-09-09,Sandringham,Monday,Normal Weekday,2019-20,54310
2019-09-10,Sandringham,Tuesday,Normal Weekday,2019-20,55090
2019-09-11,Sandringham,Wednesday,Normal Weekday,2019-20,55660
2019-09-12,Sandringham,Thursday,Normal Weekday,2019-20,61380
2019-09-13,Sandringham,Friday,Normal Weekday,2019-20,64330
2019-09-14,Sandringham,Saturday,Saturday,2019-20,28850
2019-09-15,Sandringham,Sunday,Sunday,2019-20,15240
2019-09-16,Sandringham,Monday,Normal Weekday,2019-20,54060
2019-09-17,Sandringham,Tuesday,Normal Weekday,2019-20,55680
2019-09-18,Sandringham,Wednesday,Normal Weekday,2019-20,57550
2019-09-19,Sandringham,Thursday,Normal Weekday,2019-20,57700
2019-09-20,Sandringham,Friday,Normal Weekday,2019-20,73620
2019-09-21,Sandringham,Saturday,Saturday,2019-20,35840
2019-09-22,Sandringham,Sunday,Sunday,2019-20,20660
2019-09-23,Sandringham,Monday,School Holiday,2019-20,52050
2019-09-24,Sandringham,Tuesday,School Holiday,2019-20,55330
2019-09-25,Sandringham,Wednesday,School Holiday,2019-20,56160
2019-09-26,Sandringham,Thursday,School Holiday,2019-20,61730
2019-09-27,Sandringham,Friday,Public Holiday,2019-20,30340
2019-09-28,Sandringham,Saturday,Saturday,2019-20,43080
2019-09-29,Sandringham,Sunday,Sunday,2019-20,23050
2019-09-30,Sandringham,Monday,School Holiday,2019-20,48860
2019-10-01,Sandringham,Tuesday,School Holiday,2019-20,54980
2019-10-02,Sandringham,Wednesday,School Holiday,2019-20,56380
2019-10-03,Sandringham,Thursday,School Holiday,2019-20,61410
2019-10-04,Sandringham,Friday,School Holiday,2019-20,55770
2019-10-05,Sandringham,Saturday,Saturday,2019-20,37490
2019-10-06,Sandringham,Sunday,Sunday,2019-20,24350
2019-10-07,Sandringham,Monday,Normal Weekday,2019-20,56660
2019-10-08,Sandringham,Tuesday,Normal Weekday,2019-20,58480
2019-10-09,Sandringham,Wednesday,Normal Weekday,2019-20,57920
2019-10-10,Sandringham,Thursday,Normal Weekday,2019-20,60470
2019-10-11,Sandringham,Friday,Normal Weekday,2019-20,62460
2019-10-12,Sandringham,Saturday,Saturday,2019-20,40120
2019-10-13,Sandringham,Sunday,Sunday,2019-20,29740
2019-10-14,Sandringham,Monday,Normal Weekday,2019-20,63400
2019-10-15,Sandringham,Tuesday,Normal Weekday,2019-20,67980
2019-10-16,Sandringham,Wednesday,Normal Weekday,2019-20,67220
2019-10-17,Sandringham,Thursday,Normal Weekday,2019-20,67830
2019-10-18,Sandringham,Friday,Normal Weekday,2019-20,69910
2019-10-19,Sandringham,Saturday,Saturday,2019-20,38430
2019-10-20,Sandringham,Sunday,Sunday,2019-20,24010
2019-10-21,Sandringham,Monday,Normal Weekday,2019-20,61000
2019-10-22,Sandringham,Tuesday,Normal Weekday,2019-20,63660
2019-10-23,Sandringham,Wednesday,Normal Weekday,2019-20,65960
2019-10-24,Sandringham,Thursday,Normal Weekday,2019-20,65420
2019-10-25,Sandringham,Friday,Normal Weekday,2019-20,67420
2019-10-26,Sandringham,Saturday,Saturday,2019-20,29760
2019-10-27,Sandringham,Sunday,Sunday,2019-20,18900
2019-10-28,Sandringham,Monday,Normal Weekday,2019-20,50640
2019-10-29,Sandringham,Tuesday,Normal Weekday,2019-20,61950
2019-10-30,Sandringham,Wednesday,Normal Weekday,2019-20,62290
2019-10-31,Sandringham,Thursday,Normal Weekday,2019-20,62610
2019-11-01,Sandringham,Friday,Normal Weekday,2019-20,62500
2019-11-02,Sandringham,Saturday,Saturday,2019-20,28320
2019-11-03,Sandringham,Sunday,Sunday,2019-20,21850
2019-11-04,Sandringham,Monday,Normal Weekday,2019-20,42510
2019-11-05,Sandringham,Tuesday,Public Holiday,2019-20,27010
2019-11-06,Sandringham,Wednesday,Normal Weekday,2019-20,59470
2019-11-07,Sandringham,Thursday,Normal Weekday,2019-20,61620
2019-11-08,Sandringham,Friday,Normal Weekday,2019-20,59190
2019-11-09,Sandringham,Saturday,Saturday,2019-20,34260
2019-11-10,Sandringham,Sunday,Sunday,2019-20,23130
2019-11-11,Sandringham,Monday,Normal Weekday,2019-20,58350
2019-11-12,Sandringham,Tuesday,Normal Weekday,2019-20,58810
2019-11-13,Sandringham,Wednesday,Normal Weekday,2019-20,58680
2019-11-14,Sandringham,Thursday,Normal Weekday,2019-20,62880
2019-11-15,Sandringham,Friday,Normal Weekday,2019-20,67060
2019-11-16,Sandringham,Saturday,Saturday,2019-20,39280
2019-11-17,Sandringham,Sunday,Sunday,2019-20,4230
2019-11-18,Sandringham,Monday,Normal Weekday,2019-20,57260
2019-11-19,Sandringham,Tuesday,Normal Weekday,2019-20,60170
2019-11-20,Sandringham,Wednesday,Normal Weekday,2019-20,61980
2019-11-21,Sandringham,Thursday,Normal Weekday,2019-20,53480
2019-11-22,Sandringham,Friday,Normal Weekday,2019-20,66310
2019-11-23,Sandringham,Saturday,Saturday,2019-20,43270
2019-11-24,Sandringham,Sunday,Sunday,2019-20,31620
2019-11-25,Sandringham,Monday,Normal Weekday,2019-20,59900
2019-11-26,Sandringham,Tuesday,Normal Weekday,2019-20,62800
2019-11-27,Sandringham,Wednesday,Normal Weekday,2019-20,64700
2019-11-28,Sandringham,Thursday,Normal Weekday,2019-20,69670
2019-11-29,Sandringham,Friday,Normal Weekday,2019-20,66070
2019-11-30,Sandringham,Saturday,Saturday,2019-20,39210
2019-12-01,Sandringham,Sunday,Sunday,2019-20,25700
2019-12-02,Sandringham,Monday,Normal Weekday,2019-20,57150
2019-12-03,Sandringham,Tuesday,Normal Weekday,2019-20,63180
2019-12-04,Sandringham,Wednesday,Normal Weekday,2019-20,61380
2019-12-05,Sandringham,Thursday,Normal Weekday,2019-20,65920
2019-12-06,Sandringham,Friday,Normal Weekday,2019-20,65500
2019-12-07,Sandringham,Saturday,Saturday,2019-20,41340
2019-12-08,Sandringham,Sunday,Sunday,2019-20,32950
2019-12-09,Sandringham,Monday,Normal Weekday,2019-20,61780
2019-12-10,Sandringham,Tuesday,Normal Weekday,2019-20,64470
2019-12-11,Sandringham,Wednesday,Normal Weekday,2019-20,65240
2019-12-12,Sandringham,Thursday,Normal Weekday,2019-20,67440
2019-12-13,Sandringham,Friday,Normal Weekday,2019-20,70620
2019-12-14,Sandringham,Saturday,Saturday,2019-20,48660
2019-12-15,Sandringham,Sunday,Sunday,2019-20,37090
2019-12-16,Sandringham,Monday,Normal Weekday,2019-20,56230
2019-12-17,Sandringham,Tuesday,Normal Weekday,2019-20,60670
2019-12-18,Sandringham,Wednesday,Normal Weekday,2019-20,61740
2019-12-19,Sandringham,Thursday,Normal Weekday,2019-20,65350
2019-12-20,Sandringham,Friday,Normal Weekday,2019-20,52270
2019-12-21,Sandringham,Saturday,Saturday,2019-20,34290
2019-12-22,Sandringham,Sunday,Sunday,2019-20,27480
2019-12-23,Sandringham,Monday,School Holiday,2019-20,39350
2019-12-24,Sandringham,Tuesday,School Holiday,2019-20,30050
2019-12-25,Sandringham,Wednesday,Public Holiday,2019-20,6440
2019-12-26,Sandringham,Thursday,Public Holiday,2019-20,36580
2019-12-27,Sandringham,Friday,School Holiday,2019-20,33110
2019-12-28,Sandringham,Saturday,Saturday,2019-20,32000
2019-12-29,Sandringham,Sunday,Sunday,2019-20,32380
2019-12-30,Sandringham,Monday,School Holiday,2019-20,20770
2019-12-31,Sandringham,Tuesday,School Holiday,2019-20,26730
2020-01-01,Sandringham,Wednesday,Public Holiday,2019-20,20170
2020-01-02,Sandringham,Thursday,School Holiday,2019-20,20790
2020-01-03,Sandringham,Friday,School Holiday,2019-20,42390
2020-01-04,Sandringham,Saturday,Saturday,2019-20,33520
2020-01-05,Sandringham,Sunday,Sunday,2019-20,21080
2020-01-06,Sandringham,Monday,School Holiday,2019-20,65400
2020-01-07,Sandringham,Tuesday,School Holiday,2019-20,71880
2020-01-08,Sandringham,Wednesday,School Holiday,2019-20,77470
2020-01-09,Sandringham,Thursday,School Holiday,2019-20,77110
2020-01-10,Sandringham,Friday,School Holiday,2019-20,73960
2020-01-11,Sandringham,Saturday,Saturday,2019-20,32570
2020-01-12,Sandringham,Sunday,Sunday,2019-20,29200
2020-01-13,Sandringham,Monday,School Holiday,2019-20,76950
2020-01-14,Sandringham,Tuesday,School Holiday,2019-20,78920
2020-01-15,Sandringham,Wednesday,School Holiday,2019-20,79380
2020-01-16,Sandringham,Thursday,School Holiday,2019-20,81650
2020-01-17,Sandringham,Friday,School Holiday,2019-20,83060
2020-01-18,Sandringham,Saturday,Saturday,2019-20,45760
2020-01-19,Sandringham,Sunday,Sunday,2019-20,27690
2020-01-20,Sandringham,Monday,School Holiday,2019-20,78320
2020-01-21,Sandringham,Tuesday,School Holiday,2019-20,91350
2020-01-22,Sandringham,Wednesday,School Holiday,2019-20,88580
2020-01-23,Sandringham,Thursday,School Holiday,2019-20,85840
2020-01-24,Sandringham,Friday,School Holiday,2019-20,87500
2020-01-25,Sandringham,Saturday,Saturday,2019-20,50590
2020-01-26,Sandringham,Sunday,Sunday,2019-20,41440
2020-01-27,Sandringham,Monday,Public Holiday,2019-20,31680
2020-01-28,Sandringham,Tuesday,School Holiday,2019-20,68120
2020-01-29,Sandringham,Wednesday,Normal Weekday,2019-20,66230
2020-01-30,Sandringham,Thursday,Normal Weekday,2019-20,68210
2020-01-31,Sandringham,Friday,Normal Weekday,2019-20,59420
2020-02-01,Sandringham,Saturday,Saturday,2019-20,27620
2020-02-02,Sandringham,Sunday,Sunday,2019-20,27610
2020-02-03,Sandringham,Monday,Normal Weekday,2019-20,67610
2020-02-04,Sandringham,Tuesday,Normal Weekday,2019-20,69500
2020-02-05,Sandringham,Wednesday,Normal Weekday,2019-20,68660
2020-02-06,Sandringham,Thursday,Normal Weekday,2019-20,71470
2020-02-07,Sandringham,Friday,Normal Weekday,2019-20,69810
2020-02-08,Sandringham,Saturday,Saturday,2019-20,37550
2020-02-09,Sandringham,Sunday,Sunday,2019-20,29060
2020-02-10,Sandringham,Monday,Normal Weekday,2019-20,64600
2020-02-11,Sandringham,Tuesday,Normal Weekday,2019-20,68880
2020-02-12,Sandringham,Wednesday,Normal Weekday,2019-20,69450
2020-02-13,Sandringham,Thursday,Normal Weekday,2019-20,72190
2020-02-14,Sandringham,Friday,Normal Weekday,2019-20,68720
2020-02-15,Sandringham,Saturday,Saturday,2019-20,33260
2020-02-16,Sandringham,Sunday,Sunday,2019-20,28520
2020-02-17,Sandringham,Monday,Normal Weekday,2019-20,68990
2020-02-18,Sandringham,Tuesday,Normal Weekday,2019-20,63980
2020-02-19,Sandringham,Wednesday,Normal Weekday,2019-20,69210
2020-02-20,Sandringham,Thursday,Normal Weekday,2019-20,72800
2020-02-21,Sandringham,Friday,Normal Weekday,2019-20,67560
2020-02-22,Sandringham,Saturday,Saturday,2019-20,43740
2020-02-23,Sandringham,Sunday,Sunday,2019-20,36110
2020-02-24,Sandringham,Monday,Normal Weekday,2019-20,61560
2020-02-25,Sandringham,Tuesday,Normal Weekday,2019-20,66700
2020-02-26,Sandringham,Wednesday,Normal Weekday,2019-20,66420
2020-02-27,Sandringham,Thursday,Normal Weekday,2019-20,66640
2020-02-28,Sandringham,Friday,Normal Weekday,2019-20,70470
2020-02-29,Sandringham,Saturday,Saturday,2019-20,32560
2020-03-01,Sandringham,Sunday,Sunday,2019-20,29720
2020-03-02,Sandringham,Monday,Normal Weekday,2019-20,66250
2020-03-03,Sandringham,Tuesday,Normal Weekday,2019-20,68780
2020-03-04,Sandringham,Wednesday,Normal Weekday,2019-20,66920
2020-03-05,Sandringham,Thursday,Normal Weekday,2019-20,55620
2020-03-06,Sandringham,Friday,Normal Weekday,2019-20,64660
2020-03-07,Sandringham,Saturday,Saturday,2019-20,36560
2020-03-08,Sandringham,Sunday,Sunday,2019-20,40110
2020-03-09,Sandringham,Monday,Public Holiday,2019-20,25940
2020-03-10,Sandringham,Tuesday,Normal Weekday,2019-20,63380
2020-03-11,Sandringham,Wednesday,Normal Weekday,2019-20,64700
2020-03-12,Sandringham,Thursday,Normal Weekday,2019-20,63950
2020-03-13,Sandringham,Friday,Normal Weekday,2019-20,58470
2020-03-14,Sandringham,Saturday,Saturday,2019-20,28350
2020-03-15,Sandringham,Sunday,Sunday,2019-20,18690
2020-03-16,Sandringham,Monday,Normal Weekday,2019-20,45910
2020-03-17,Sandringham,Tuesday,Normal Weekday,2019-20,40000
2020-03-18,Sandringham,Wednesday,Normal Weekday,2019-20,32820
2020-03-19,Sandringham,Thursday,Normal Weekday,2019-20,29710
2020-03-20,Sandringham,Friday,Normal Weekday,2019-20,27260
2020-03-21,Sandringham,Saturday,Saturday,2019-20,13620
2020-03-22,Sandringham,Sunday,Sunday,2019-20,7820
2020-03-23,Sandringham,Monday,Normal Weekday,2019-20,17080
2020-03-24,Sandringham,Tuesday,School Holiday,2019-20,11250
2020-03-25,Sandringham,Wednesday,School Holiday,2019-20,8880
2020-03-26,Sandringham,Thursday,School Holiday,2019-20,7640
2020-03-27,Sandringham,Friday,School Holiday,2019-20,7150
2020-04-06,Sandringham,Monday,School Holiday,2019-20,3520
2020-04-07,Sandringham,Tuesday,School Holiday,2019-20,3670
2020-04-08,Sandringham,Wednesday,School Holiday,2019-20,3710
2020-04-09,Sandringham,Thursday,School Holiday,2019-20,3960
2020-04-10,Sandringham,Friday,Public Holiday,2019-20,930
2020-04-11,Sandringham,Saturday,Public Holiday,2019-20,1370
2020-04-12,Sandringham,Sunday,Public Holiday,2019-20,840
2020-04-13,Sandringham,Monday,Public Holiday,2019-20,1250
2020-04-14,Sandringham,Tuesday,School Holiday,2019-20,3370
2020-04-15,Sandringham,Wednesday,Normal Weekday,2019-20,3500
2020-04-16,Sandringham,Thursday,Normal Weekday,2019-20,3590
2020-04-17,Sandringham,Friday,Normal Weekday,2019-20,3820
2020-04-18,Sandringham,Saturday,Saturday,2019-20,2110
2020-04-19,Sandringham,Sunday,Sunday,2019-20,1480
2020-04-20,Sandringham,Monday,Normal Weekday,2019-20,3590
2020-04-21,Sandringham,Tuesday,Normal Weekday,2019-20,4040
2020-04-22,Sandringham,Wednesday,Normal Weekday,2019-20,3850
2020-04-23,Sandringham,Thursday,Normal Weekday,2019-20,4440
2020-04-24,Sandringham,Friday,Normal Weekday,2019-20,4550
2020-04-25,Sandringham,Saturday,Public Holiday,2019-20,2190
2020-04-26,Sandringham,Sunday,Sunday,2019-20,1450
2020-04-27,Sandringham,Monday,Normal Weekday,2019-20,4250
2020-04-28,Sandringham,Tuesday,Normal Weekday,2019-20,4510
2020-04-29,Sandringham,Wednesday,Normal Weekday,2019-20,4260
2020-04-30,Sandringham,Thursday,Normal Weekday,2019-20,4640
2020-05-01,Sandringham,Friday,Normal Weekday,2019-20,5480
2020-05-02,Sandringham,Saturday,Saturday,2019-20,3760
2020-05-03,Sandringham,Sunday,Sunday,2019-20,2530
2020-05-04,Sandringham,Monday,Normal Weekday,2019-20,5470
2020-05-05,Sandringham,Tuesday,Normal Weekday,2019-20,5920
2020-05-06,Sandringham,Wednesday,Normal Weekday,2019-20,5950
2020-05-07,Sandringham,Thursday,Normal Weekday,2019-20,6180
2020-05-08,Sandringham,Friday,Normal Weekday,2019-20,6780
2020-05-09,Sandringham,Saturday,Saturday,2019-20,3530
2020-05-10,Sandringham,Sunday,Sunday,2019-20,2680
2020-05-11,Sandringham,Monday,Normal Weekday,2019-20,6190
2020-05-12,Sandringham,Tuesday,Normal Weekday,2019-20,6750
2020-05-13,Sandringham,Wednesday,Normal Weekday,2019-20,7170
2020-05-14,Sandringham,Thursday,Normal Weekday,2019-20,7890
2020-05-15,Sandringham,Friday,Normal Weekday,2019-20,8600
2020-05-16,Sandringham,Saturday,Saturday,2019-20,8170
2020-05-17,Sandringham,Sunday,Sunday,2019-20,5380
2020-05-18,Sandringham,Monday,Normal Weekday,2019-20,8000
2020-05-19,Sandringham,Tuesday,Normal Weekday,2019-20,8230
2020-05-20,Sandringham,Wednesday,Normal Weekday,2019-20,8650
2020-05-21,Sandringham,Thursday,Normal Weekday,2019-20,8430
2020-05-22,Sandringham,Friday,Normal Weekday,2019-20,9450
2020-05-23,Sandringham,Saturday,Saturday,2019-20,7380
2020-05-24,Sandringham,Sunday,Sunday,2019-20,5040
2020-05-25,Sandringham,Monday,Normal Weekday,2019-20,9290
2020-05-26,Sandringham,Tuesday,Normal Weekday,2019-20,11520
2020-05-27,Sandringham,Wednesday,Normal Weekday,2019-20,12130
2020-05-28,Sandringham,Thursday,Normal Weekday,2019-20,12470
2020-05-29,Sandringham,Friday,Normal Weekday,2019-20,13430
2020-05-30,Sandringham,Saturday,Saturday,2019-20,9200
2020-05-31,Sandringham,Sunday,Sunday,2019-20,4870
2020-06-01,Sandringham,Monday,Normal Weekday,2019-20,12900
2020-06-02,Sandringham,Tuesday,Normal Weekday,2019-20,14990
2020-06-03,Sandringham,Wednesday,Normal Weekday,2019-20,15790
2020-06-04,Sandringham,Thursday,Normal Weekday,2019-20,17200
2020-06-05,Sandringham,Friday,Normal Weekday,2019-20,18420
2020-06-06,Sandringham,Saturday,Saturday,2019-20,16060
2020-06-07,Sandringham,Sunday,Sunday,2019-20,10290
2020-06-08,Sandringham,Monday,Public Holiday,2019-20,10250
2020-06-09,Sandringham,Tuesday,Normal Weekday,2019-20,17070
2020-06-10,Sandringham,Wednesday,Normal Weekday,2019-20,18470
2020-06-11,Sandringham,Thursday,Normal Weekday,2019-20,19470
2020-06-12,Sandringham,Friday,Normal Weekday,2019-20,20600
2020-06-13,Sandringham,Saturday,Saturday,2019-20,15950
2020-06-14,Sandringham,Sunday,Sunday,2019-20,11410
2020-06-15,Sandringham,Monday,Normal Weekday,2019-20,17690
2020-06-16,Sandringham,Tuesday,Normal Weekday,2019-20,18200
2020-06-17,Sandringham,Wednesday,Normal Weekday,2019-20,19700
2020-06-18,Sandringham,Thursday,Normal Weekday,2019-20,20640
2020-06-19,Sandringham,Friday,Normal Weekday,2019-20,23560
2020-06-20,Sandringham,Saturday,Saturday,2019-20,18990
2020-06-21,Sandringham,Sunday,Sunday,2019-20,10740
2020-06-22,Sandringham,Monday,Normal Weekday,2019-20,16050
2020-06-23,Sandringham,Tuesday,Normal Weekday,2019-20,17920
2020-06-24,Sandringham,Wednesday,Normal Weekday,2019-20,18260
2020-06-25,Sandringham,Thursday,Normal Weekday,2019-20,19690
2020-06-26,Sandringham,Friday,Normal Weekday,2019-20,20990
2020-06-27,Sandringham,Saturday,Saturday,2019-20,13080
2020-06-28,Sandringham,Sunday,Sunday,2019-20,9790
2020-06-29,Sandringham,Monday,School Holiday,2019-20,15860
2020-06-30,Sandringham,Tuesday,School Holiday,2019-20,16870
2020-07-01,Sandringham,Wednesday,School Holiday,2020-21,16830
2020-07-02,Sandringham,Thursday,School Holiday,2020-21,16650
2020-07-03,Sandringham,Friday,School Holiday,2020-21,15140
2020-07-04,Sandringham,Saturday,Saturday,2020-21,11640
2020-07-05,Sandringham,Sunday,Sunday,2020-21,1370
2020-07-06,Sandringham,Monday,School Holiday,2020-21,12770
2020-07-07,Sandringham,Tuesday,School Holiday,2020-21,13370
2020-07-08,Sandringham,Wednesday,School Holiday,2020-21,14670
2020-07-09,Sandringham,Thursday,School Holiday,2020-21,8740
2020-07-10,Sandringham,Friday,School Holiday,2020-21,8690
2020-07-11,Sandringham,Saturday,Saturday,2020-21,3550
2020-07-12,Sandringham,Sunday,Sunday,2020-21,2770
2020-07-13,Sandringham,Monday,Normal Weekday,2020-21,8300
2020-07-14,Sandringham,Tuesday,Normal Weekday,2020-21,9190
2020-07-15,Sandringham,Wednesday,Normal Weekday,2020-21,9210
2020-07-16,Sandringham,Thursday,Normal Weekday,2020-21,9590
2020-07-17,Sandringham,Friday,Normal Weekday,2020-21,9240
2020-07-18,Sandringham,Saturday,Saturday,2020-21,4010
2020-07-19,Sandringham,Sunday,Sunday,2020-21,2460
2020-07-20,Sandringham,Monday,Normal Weekday,2020-21,7710
2020-07-21,Sandringham,Tuesday,Normal Weekday,2020-21,8050
2020-07-22,Sandringham,Wednesday,Normal Weekday,2020-21,7860
2020-07-23,Sandringham,Thursday,Normal Weekday,2020-21,8090
2020-07-24,Sandringham,Friday,Normal Weekday,2020-21,7660
2020-07-25,Sandringham,Saturday,Saturday,2020-21,3140
2020-07-26,Sandringham,Sunday,Sunday,2020-21,2250
2020-07-27,Sandringham,Monday,Normal Weekday,2020-21,7080
2020-07-28,Sandringham,Tuesday,Normal Weekday,2020-21,7660
2020-07-29,Sandringham,Wednesday,Normal Weekday,2020-21,7620
2020-07-30,Sandringham,Thursday,Normal Weekday,2020-21,7500
2020-07-31,Sandringham,Friday,Normal Weekday,2020-21,0
2020-08-01,Sandringham,Saturday,Saturday,2020-21,4050
2020-08-02,Sandringham,Sunday,Sunday,2020-21,2710
2020-08-03,Sandringham,Monday,Normal Weekday,2020-21,5770
2020-08-04,Sandringham,Tuesday,Normal Weekday,2020-21,5080
2020-08-05,Sandringham,Wednesday,Normal Weekday,2020-21,4960
2020-08-06,Sandringham,Thursday,Normal Weekday,2020-21,3320
2020-08-07,Sandringham,Friday,Normal Weekday,2020-21,2980
2020-08-08,Sandringham,Saturday,Saturday,2020-21,1440
2020-08-09,Sandringham,Sunday,Sunday,2020-21,970
2020-08-10,Sandringham,Monday,Normal Weekday,2020-21,2640
2020-08-11,Sandringham,Tuesday,Normal Weekday,2020-21,2760
2020-08-12,Sandringham,Wednesday,Normal Weekday,2020-21,2820
2020-08-13,Sandringham,Thursday,Normal Weekday,2020-21,3010
2020-08-14,Sandringham,Friday,Normal Weekday,2020-21,3100
2020-08-15,Sandringham,Saturday,Saturday,2020-21,1850
2020-08-16,Sandringham,Sunday,Sunday,2020-21,1190
2020-08-17,Sandringham,Monday,Normal Weekday,2020-21,2640
2020-08-18,Sandringham,Tuesday,Normal Weekday,2020-21,2760
2020-08-19,Sandringham,Wednesday,Normal Weekday,2020-21,2940
2020-08-20,Sandringham,Thursday,Normal Weekday,2020-21,3010
2020-08-21,Sandringham,Friday,Normal Weekday,2020-21,3120
2020-08-22,Sandringham,Saturday,Saturday,2020-21,1650
2020-08-23,Sandringham,Sunday,Sunday,2020-21,1100
2020-08-24,Sandringham,Monday,Normal Weekday,2020-21,2650
2020-08-25,Sandringham,Tuesday,Normal Weekday,2020-21,2900
2020-08-26,Sandringham,Wednesday,Normal Weekday,2020-21,2940
2020-08-27,Sandringham,Thursday,Normal Weekday,2020-21,2760
2020-08-28,Sandringham,Friday,Normal Weekday,2020-21,2930
2020-08-29,Sandringham,Saturday,Saturday,2020-21,1930
2020-08-30,Sandringham,Sunday,Sunday,2020-21,1260
2020-08-31,Sandringham,Monday,Normal Weekday,2020-21,2810
2020-09-01,Sandringham,Tuesday,Normal Weekday,2020-21,2700
2020-09-02,Sandringham,Wednesday,Normal Weekday,2020-21,3070
2020-09-03,Sandringham,Thursday,Normal Weekday,2020-21,3120
2020-09-04,Sandringham,Friday,Normal Weekday,2020-21,3210
2020-09-05,Sandringham,Saturday,Saturday,2020-21,1710
2020-09-06,Sandringham,Sunday,Sunday,2020-21,1540
2020-09-07,Sandringham,Monday,Normal Weekday,2020-21,2840
2020-09-08,Sandringham,Tuesday,Normal Weekday,2020-21,2790
2020-09-09,Sandringham,Wednesday,Normal Weekday,2020-21,2960
2020-09-10,Sandringham,Thursday,Normal Weekday,2020-21,3340
2020-09-11,Sandringham,Friday,Normal Weekday,2020-21,3460
2020-09-12,Sandringham,Saturday,Saturday,2020-21,1530
2020-09-13,Sandringham,Sunday,Sunday,2020-21,1790
2020-09-14,Sandringham,Monday,Normal Weekday,2020-21,3140
2020-09-15,Sandringham,Tuesday,Normal Weekday,2020-21,3270
2020-09-16,Sandringham,Wednesday,Normal Weekday,2020-21,3380
2020-09-17,Sandringham,Thursday,Normal Weekday,2020-21,3440
2020-09-18,Sandringham,Friday,Normal Weekday,2020-21,3850
2020-09-19,Sandringham,Saturday,Saturday,2020-21,2520
2020-09-20,Sandringham,Sunday,Sunday,2020-21,2080
2020-09-21,Sandringham,Monday,School Holiday,2020-21,3120
2020-09-22,Sandringham,Tuesday,School Holiday,2020-21,3740
2020-09-23,Sandringham,Wednesday,School Holiday,2020-21,3580
2020-09-24,Sandringham,Thursday,School Holiday,2020-21,3960
2020-09-25,Sandringham,Friday,School Holiday,2020-21,3720
2020-09-26,Sandringham,Saturday,Saturday,2020-21,2070
2020-09-27,Sandringham,Sunday,Sunday,2020-21,2300
2020-09-28,Sandringham,Monday,School Holiday,2020-21,3840
2020-09-29,Sandringham,Tuesday,School Holiday,2020-21,4340
2020-09-30,Sandringham,Wednesday,School Holiday,2020-21,4510
2020-10-01,Sandringham,Thursday,School Holiday,2020-21,4880
2020-10-02,Sandringham,Friday,School Holiday,2020-21,5400
2020-10-03,Sandringham,Saturday,Saturday,2020-21,3240
2020-10-04,Sandringham,Sunday,Sunday,2020-21,2090
2020-10-05,Sandringham,Monday,Normal Weekday,2020-21,3920
2020-10-06,Sandringham,Tuesday,Normal Weekday,2020-21,4400
2020-10-07,Sandringham,Wednesday,Normal Weekday,2020-21,5120
2020-10-08,Sandringham,Thursday,Normal Weekday,2020-21,4580
2020-10-09,Sandringham,Friday,Normal Weekday,2020-21,5240
2020-10-10,Sandringham,Saturday,Saturday,2020-21,2980
2020-10-11,Sandringham,Sunday,Sunday,2020-21,2720
2020-10-12,Sandringham,Monday,Normal Weekday,2020-21,6520
2020-10-13,Sandringham,Tuesday,Normal Weekday,2020-21,6470
2020-10-14,Sandringham,Wednesday,Normal Weekday,2020-21,6900
2020-10-15,Sandringham,Thursday,Normal Weekday,2020-21,6850
2020-10-16,Sandringham,Friday,Normal Weekday,2020-21,7360
2020-10-17,Sandringham,Saturday,Saturday,2020-21,2860
2020-10-18,Sandringham,Sunday,Sunday,2020-21,2680
2020-10-19,Sandringham,Monday,Normal Weekday,2020-21,8200
2020-10-20,Sandringham,Tuesday,Normal Weekday,2020-21,9230
2020-10-21,Sandringham,Wednesday,Normal Weekday,2020-21,8810
2020-10-22,Sandringham,Thursday,Normal Weekday,2020-21,10070
2020-10-23,Sandringham,Friday,Public Holiday,2020-21,8290
2020-10-24,Sandringham,Saturday,Saturday,2020-21,670
2020-10-25,Sandringham,Sunday,Sunday,2020-21,1090
2020-10-26,Sandringham,Monday,Normal Weekday,2020-21,10010
2020-10-27,Sandringham,Tuesday,Normal Weekday,2020-21,11030
2020-10-28,Sandringham,Wednesday,Normal Weekday,2020-21,14710
2020-10-29,Sandringham,Thursday,Normal Weekday,2020-21,14420
2020-10-30,Sandringham,Friday,Normal Weekday,2020-21,16710
2020-10-31,Sandringham,Saturday,Saturday,2020-21,12610
2020-11-01,Sandringham,Sunday,Sunday,2020-21,11100
2020-11-02,Sandringham,Monday,Normal Weekday,2020-21,15000
2020-11-03,Sandringham,Tuesday,Public Holiday,2020-21,15400
2020-11-04,Sandringham,Wednesday,Normal Weekday,2020-21,13690
2020-11-05,Sandringham,Thursday,Normal Weekday,2020-21,15550
2020-11-06,Sandringham,Friday,Normal Weekday,2020-21,16760
2020-11-07,Sandringham,Saturday,Saturday,2020-21,15720
2020-11-08,Sandringham,Sunday,Sunday,2020-21,12050
2020-11-09,Sandringham,Monday,Normal Weekday,2020-21,15380
2020-11-10,Sandringham,Tuesday,Normal Weekday,2020-21,16960
2020-11-11,Sandringham,Wednesday,Normal Weekday,2020-21,14760
2020-11-12,Sandringham,Thursday,Normal Weekday,2020-21,17510
2020-11-13,Sandringham,Friday,Normal Weekday,2020-21,19700
2020-11-14,Sandringham,Saturday,Saturday,2020-21,20050
2020-11-15,Sandringham,Sunday,Sunday,2020-21,12630
2020-11-16,Sandringham,Monday,Normal Weekday,2020-21,15440
2020-11-17,Sandringham,Tuesday,Normal Weekday,2020-21,17360
2020-11-18,Sandringham,Wednesday,Normal Weekday,2020-21,18860
2020-11-19,Sandringham,Thursday,Normal Weekday,2020-21,20370
2020-11-20,Sandringham,Friday,Normal Weekday,2020-21,21820
2020-11-21,Sandringham,Saturday,Saturday,2020-21,22520
2020-11-22,Sandringham,Sunday,Sunday,2020-21,12930
2020-11-23,Sandringham,Monday,Normal Weekday,2020-21,15350
2020-11-24,Sandringham,Tuesday,Normal Weekday,2020-21,19200
2020-11-25,Sandringham,Wednesday,Normal Weekday,2020-21,21970
2020-11-26,Sandringham,Thursday,Normal Weekday,2020-21,21640
2020-11-27,Sandringham,Friday,Normal Weekday,2020-21,25740
2020-11-28,Sandringham,Saturday,Saturday,2020-21,4040
2020-11-29,Sandringham,Sunday,Sunday,2020-21,13200
2020-11-30,Sandringham,Monday,Normal Weekday,2020-21,19290
2020-12-01,Sandringham,Tuesday,Normal Weekday,2020-21,18360
2020-12-02,Sandringham,Wednesday,Normal Weekday,2020-21,20750
2020-12-03,Sandringham,Thursday,Normal Weekday,2020-21,22860
2020-12-04,Sandringham,Friday,Normal Weekday,2020-21,25720
2020-12-05,Sandringham,Saturday,Saturday,2020-21,15060
2020-12-06,Sandringham,Sunday,Sunday,2020-21,12290
2020-12-07,Sandringham,Monday,Normal Weekday,2020-21,16470
2020-12-08,Sandringham,Tuesday,Normal Weekday,2020-21,20610
2020-12-09,Sandringham,Wednesday,Normal Weekday,2020-21,22980
2020-12-10,Sandringham,Thursday,Normal Weekday,2020-21,24380
2020-12-11,Sandringham,Friday,Normal Weekday,2020-21,28110
2020-12-12,Sandringham,Saturday,Saturday,2020-21,37090
2020-12-13,Sandringham,Sunday,Sunday,2020-21,17140
2020-12-14,Sandringham,Monday,Normal Weekday,2020-21,22220
2020-12-15,Sandringham,Tuesday,Normal Weekday,2020-21,24840
2020-12-16,Sandringham,Wednesday,Normal Weekday,2020-21,25100
2020-12-17,Sandringham,Thursday,Normal Weekday,2020-21,26570
2020-12-18,Sandringham,Friday,Normal Weekday,2020-21,29340
2020-12-19,Sandringham,Saturday,Saturday,2020-21,24060
2020-12-20,Sandringham,Sunday,Sunday,2020-21,17840
2020-12-21,Sandringham,Monday,School Holiday,2020-21,20120
2020-12-22,Sandringham,Tuesday,School Holiday,2020-21,20030
2020-12-23,Sandringham,Wednesday,School Holiday,2020-21,20620
2020-12-24,Sandringham,Thursday,School Holiday,2020-21,13620
2020-12-25,Sandringham,Friday,Public Holiday,2020-21,2340
2020-12-26,Sandringham,Saturday,Public Holiday,2020-21,19650
2020-12-27,Sandringham,Sunday,Sunday,2020-21,15010
2020-12-28,Sandringham,Monday,Public Holiday,2020-21,18200
2020-12-29,Sandringham,Tuesday,School Holiday,2020-21,16590
2020-12-30,Sandringham,Wednesday,School Holiday,2020-21,15150
2020-12-31,Sandringham,Thursday,School Holiday,2020-21,12240
2021-01-01,Sandringham,Friday,Public Holiday,2020-21,9750
2021-01-02,Sandringham,Saturday,Saturday,2020-21,13070
2021-01-03,Sandringham,Sunday,Sunday,2020-21,9210
2021-01-04,Sandringham,Monday,School Holiday,2020-21,10740
2021-01-05,Sandringham,Tuesday,School Holiday,2020-21,11760
2021-01-06,Sandringham,Wednesday,School Holiday,2020-21,13420
2021-01-07,Sandringham,Thursday,School Holiday,2020-21,15430
2021-01-08,Sandringham,Friday,School Holiday,2020-21,18200
2021-01-09,Sandringham,Saturday,Saturday,2020-21,19840
2021-01-10,Sandringham,Sunday,Sunday,2020-21,14560
2021-01-11,Sandringham,Monday,School Holiday,2020-21,15910
2021-01-12,Sandringham,Tuesday,School Holiday,2020-21,17810
2021-01-13,Sandringham,Wednesday,School Holiday,2020-21,19980
2021-01-14,Sandringham,Thursday,School Holiday,2020-21,20070
2021-01-15,Sandringham,Friday,School Holiday,2020-21,21340
2021-01-16,Sandringham,Saturday,Saturday,2020-21,17230
2021-01-17,Sandringham,Sunday,Sunday,2020-21,13870
2021-01-18,Sandringham,Monday,School Holiday,2020-21,19040
2021-01-19,Sandringham,Tuesday,School Holiday,2020-21,22590
2021-01-20,Sandringham,Wednesday,School Holiday,2020-21,24950
2021-01-21,Sandringham,Thursday,School Holiday,2020-21,24670
2021-01-22,Sandringham,Friday,School Holiday,2020-21,24780
2021-01-23,Sandringham,Saturday,Saturday,2020-21,40760
2021-01-24,Sandringham,Sunday,Sunday,2020-21,23390
2021-01-25,Sandringham,Monday,School Holiday,2020-21,15540
2021-01-26,Sandringham,Tuesday,Public Holiday,2020-21,15550
2021-01-27,Sandringham,Wednesday,School Holiday,2020-21,24750
2021-01-28,Sandringham,Thursday,Normal Weekday,2020-21,26110
2021-01-29,Sandringham,Friday,Normal Weekday,2020-21,25000
2021-01-30,Sandringham,Saturday,Saturday,2020-21,21210
2021-01-31,Sandringham,Sunday,Sunday,2020-21,8580
2021-02-01,Sandringham,Monday,Normal Weekday,2020-21,25080
2021-02-02,Sandringham,Tuesday,Normal Weekday,2020-21,27280
2021-02-03,Sandringham,Wednesday,Normal Weekday,2020-21,28960
2021-02-04,Sandringham,Thursday,Normal Weekday,2020-21,27920
2021-02-05,Sandringham,Friday,Normal Weekday,2020-21,26830
2021-02-06,Sandringham,Saturday,Saturday,2020-21,18790
2021-02-07,Sandringham,Sunday,Sunday,2020-21,11090
2021-02-08,Sandringham,Monday,Normal Weekday,2020-21,25770
2021-02-09,Sandringham,Tuesday,Normal Weekday,2020-21,28060
2021-02-10,Sandringham,Wednesday,Normal Weekday,2020-21,29700
2021-02-11,Sandringham,Thursday,Normal Weekday,2020-21,30110
2021-02-12,Sandringham,Friday,Normal Weekday,2020-21,30200
2021-02-13,Sandringham,Saturday,Saturday,2020-21,1720
2021-02-14,Sandringham,Sunday,Sunday,2020-21,1490
2021-02-15,Sandringham,Monday,Normal Weekday,2020-21,3610
2021-02-16,Sandringham,Tuesday,Normal Weekday,2020-21,3700
2021-02-17,Sandringham,Wednesday,Normal Weekday,2020-21,4040
2021-02-18,Sandringham,Thursday,Normal Weekday,2020-21,25260
2021-02-19,Sandringham,Friday,Normal Weekday,2020-21,28040
2021-02-20,Sandringham,Saturday,Saturday,2020-21,3320
2021-02-21,Sandringham,Sunday,Sunday,2020-21,1920
2021-02-22,Sandringham,Monday,Normal Weekday,2020-21,15640
2021-02-23,Sandringham,Tuesday,Normal Weekday,2020-21,26030
2021-02-24,Sandringham,Wednesday,Normal Weekday,2020-21,27800
2021-02-25,Sandringham,Thursday,Normal Weekday,2020-21,28650
2021-02-26,Sandringham,Friday,Normal Weekday,2020-21,30500
2021-02-27,Sandringham,Saturday,Saturday,2020-21,19250
2021-02-28,Sandringham,Sunday,Sunday,2020-21,13450
2021-03-01,Sandringham,Monday,Normal Weekday,2020-21,24180
2021-03-02,Sandringham,Tuesday,Normal Weekday,2020-21,27790
2021-03-03,Sandringham,Wednesday,Normal Weekday,2020-21,29690
2021-03-04,Sandringham,Thursday,Normal Weekday,2020-21,31180
2021-03-05,Sandringham,Friday,Normal Weekday,2020-21,30670
2021-03-06,Sandringham,Saturday,Saturday,2020-21,17930
2021-03-07,Sandringham,Sunday,Sunday,2020-21,13920
2021-03-08,Sandringham,Monday,Public Holiday,2020-21,9310
2021-03-09,Sandringham,Tuesday,Normal Weekday,2020-21,29180
2021-03-10,Sandringham,Wednesday,Normal Weekday,2020-21,31510
2021-03-11,Sandringham,Thursday,Normal Weekday,2020-21,33550
2021-03-12,Sandringham,Friday,Normal Weekday,2020-21,35820
2021-03-13,Sandringham,Saturday,Saturday,2020-21,27100
2021-03-14,Sandringham,Sunday,Sunday,2020-21,21540
2021-03-15,Sandringham,Monday,Normal Weekday,2020-21,25990
2021-03-16,Sandringham,Tuesday,Normal Weekday,2020-21,30860
2021-03-17,Sandringham,Wednesday,Normal Weekday,2020-21,32310
2021-03-18,Sandringham,Thursday,Normal Weekday,2020-21,38100
2021-03-19,Sandringham,Friday,Normal Weekday,2020-21,39440
2021-03-20,Sandringham,Saturday,Saturday,2020-21,23820
2021-03-21,Sandringham,Sunday,Sunday,2020-21,10510
2021-03-22,Sandringham,Monday,Normal Weekday,2020-21,27830
2021-03-23,Sandringham,Tuesday,Normal Weekday,2020-21,32400
2021-03-24,Sandringham,Wednesday,Normal Weekday,2020-21,33250
2021-03-25,Sandringham,Thursday,Normal Weekday,2020-21,39030
2021-03-26,Sandringham,Friday,Normal Weekday,2020-21,35570
2021-03-27,Sandringham,Saturday,Saturday,2020-21,2190
2021-03-28,Sandringham,Sunday,Sunday,2020-21,2340
2021-03-29,Sandringham,Monday,Normal Weekday,2020-21,27730
2021-03-30,Sandringham,Tuesday,Normal Weekday,2020-21,33040
2021-03-31,Sandringham,Wednesday,Normal Weekday,2020-21,33050
2021-04-01,Sandringham,Thursday,Normal Weekday,2020-21,35280
2021-04-02,Sandringham,Friday,Public Holiday,2020-21,13060
2021-04-03,Sandringham,Saturday,Public Holiday,2020-21,23340
2021-04-04,Sandringham,Sunday,Public Holiday,2020-21,12630
2021-04-05,Sandringham,Monday,Public Holiday,2020-21,14740
2021-04-06,Sandringham,Tuesday,School Holiday,2020-21,27440
2021-04-07,Sandringham,Wednesday,School Holiday,2020-21,29300
2021-04-08,Sandringham,Thursday,School Holiday,2020-21,33020
2021-04-09,Sandringham,Friday,School Holiday,2020-21,32130
2021-04-10,Sandringham,Saturday,Saturday,2020-21,21030
2021-04-11,Sandringham,Sunday,Sunday,2020-21,14070
2021-04-12,Sandringham,Monday,School Holiday,2020-21,26320
2021-04-13,Sandringham,Tuesday,School Holiday,2020-21,32120
2021-04-14,Sandringham,Wednesday,School Holiday,2020-21,32330
2021-04-15,Sandringham,Thursday,School Holiday,2020-21,37600
2021-04-16,Sandringham,Friday,School Holiday,2020-21,35200
2021-04-17,Sandringham,Saturday,Saturday,2020-21,24980
2021-04-18,Sandringham,Sunday,Sunday,2020-21,18920
2021-04-19,Sandringham,Monday,Normal Weekday,2020-21,28120
2021-04-20,Sandringham,Tuesday,Normal Weekday,2020-21,32550
2021-04-21,Sandringham,Wednesday,Normal Weekday,2020-21,34500
2021-04-22,Sandringham,Thursday,Normal Weekday,2020-21,35260
2021-04-23,Sandringham,Friday,Normal Weekday,2020-21,34390
2021-04-24,Sandringham,Saturday,Saturday,2020-21,28840
2021-04-25,Sandringham,Sunday,Public Holiday,2020-21,21530
2021-04-26,Sandringham,Monday,Normal Weekday,2020-21,28880
2021-04-27,Sandringham,Tuesday,Normal Weekday,2020-21,33620
2021-04-28,Sandringham,Wednesday,Normal Weekday,2020-21,35260
2021-04-29,Sandringham,Thursday,Normal Weekday,2020-21,36250
2021-04-30,Sandringham,Friday,Normal Weekday,2020-21,41060
2021-05-01,Sandringham,Saturday,Saturday,2020-21,25650
2021-05-02,Sandringham,Sunday,Sunday,2020-21,19580
2021-05-03,Sandringham,Monday,Normal Weekday,2020-21,29880
2021-05-04,Sandringham,Tuesday,Normal Weekday,2020-21,33820
2021-05-05,Sandringham,Wednesday,Normal Weekday,2020-21,35250
2021-05-06,Sandringham,Thursday,Normal Weekday,2020-21,34000
2021-05-07,Sandringham,Friday,Normal Weekday,2020-21,41900
2021-05-08,Sandringham,Saturday,Saturday,2020-21,25480
2021-05-09,Sandringham,Sunday,Sunday,2020-21,14910
2021-05-10,Sandringham,Monday,Normal Weekday,2020-21,29370
2021-05-11,Sandringham,Tuesday,Normal Weekday,2020-21,33870
2021-05-12,Sandringham,Wednesday,Normal Weekday,2020-21,35410
2021-05-13,Sandringham,Thursday,Normal Weekday,2020-21,34130
2021-05-14,Sandringham,Friday,Normal Weekday,2020-21,37950
2021-05-15,Sandringham,Saturday,Saturday,2020-21,20000
2021-05-16,Sandringham,Sunday,Sunday,2020-21,19610
2021-05-17,Sandringham,Monday,Normal Weekday,2020-21,30350
2021-05-18,Sandringham,Tuesday,Normal Weekday,2020-21,34870
2021-05-19,Sandringham,Wednesday,Normal Weekday,2020-21,35840
2021-05-20,Sandringham,Thursday,Normal Weekday,2020-21,37270
2021-05-21,Sandringham,Friday,Normal Weekday,2020-21,39550
2021-05-22,Sandringham,Saturday,Saturday,2020-21,43670
2021-05-23,Sandringham,Sunday,Sunday,2020-21,25950
2021-05-24,Sandringham,Monday,Normal Weekday,2020-21,30990
2021-05-25,Sandringham,Tuesday,Normal Weekday,2020-21,34560
2021-05-26,Sandringham,Wednesday,Normal Weekday,2020-21,27340
2021-05-27,Sandringham,Thursday,Normal Weekday,2020-21,23170
2021-05-28,Sandringham,Friday,Normal Weekday,2020-21,4790
2021-05-29,Sandringham,Saturday,Saturday,2020-21,2080
2021-05-30,Sandringham,Sunday,Sunday,2020-21,1670
2021-05-31,Sandringham,Monday,Normal Weekday,2020-21,4660
2021-06-01,Sandringham,Tuesday,Normal Weekday,2020-21,4910
2021-06-02,Sandringham,Wednesday,Normal Weekday,2020-21,5100
2021-06-03,Sandringham,Thursday,Normal Weekday,2020-21,5460
2021-06-04,Sandringham,Friday,Normal Weekday,2020-21,6200
2021-06-05,Sandringham,Saturday,Saturday,2020-21,2920
2021-06-06,Sandringham,Sunday,Sunday,2020-21,2020
2021-06-07,Sandringham,Monday,Normal Weekday,2020-21,6270
2021-06-08,Sandringham,Tuesday,Normal Weekday,2020-21,5720
2021-06-09,Sandringham,Wednesday,Normal Weekday,2020-21,5480
2021-06-10,Sandringham,Thursday,Normal Weekday,2020-21,6490
2021-06-11,Sandringham,Friday,Normal Weekday,2020-21,18560
2021-06-12,Sandringham,Saturday,Saturday,2020-21,18380
2021-06-13,Sandringham,Sunday,Sunday,2020-21,15200
2021-06-14,Sandringham,Monday,Public Holiday,2020-21,7550
2021-06-15,Sandringham,Tuesday,Normal Weekday,2020-21,19960
2021-06-16,Sandringham,Wednesday,Normal Weekday,2020-21,21350
2021-06-17,Sandringham,Thursday,Normal Weekday,2020-21,21740
2021-06-18,Sandringham,Friday,Normal Weekday,2020-21,24760
2021-06-19,Sandringham,Saturday,Saturday,2020-21,17030
2021-06-20,Sandringham,Sunday,Sunday,2020-21,11000
2021-06-21,Sandringham,Monday,Normal Weekday,2020-21,21180
2021-06-22,Sandringham,Tuesday,Normal Weekday,2020-21,23690
2021-06-23,Sandringham,Wednesday,Normal Weekday,2020-21,23800
2021-06-24,Sandringham,Thursday,Normal Weekday,2020-21,25750
2021-06-25,Sandringham,Friday,Normal Weekday,2020-21,28260
2021-06-26,Sandringham,Saturday,Saturday,2020-21,20570
2021-06-27,Sandringham,Sunday,Sunday,2020-21,16930
2021-06-28,Sandringham,Monday,School Holiday,2020-21,24520
2021-06-29,Sandringham,Tuesday,School Holiday,2020-21,28200
2021-06-30,Sandringham,Wednesday,School Holiday,2020-21,29290
2021-07-01,Sandringham,Thursday,School Holiday,2021-22,30830
2021-07-02,Sandringham,Friday,School Holiday,2021-22,27890
2021-07-05,Sandringham,Monday,School Holiday,2021-22,24770
2021-07-06,Sandringham,Tuesday,School Holiday,2021-22,27460
2021-07-07,Sandringham,Wednesday,School Holiday,2021-22,28500
2021-07-08,Sandringham,Thursday,School Holiday,2021-22,31020
2021-07-09,Sandringham,Friday,School Holiday,2021-22,33820
2021-07-10,Sandringham,Saturday,Saturday,2021-22,23870
2021-07-11,Sandringham,Sunday,Sunday,2021-22,17360
2021-07-12,Sandringham,Monday,Normal Weekday,2021-22,27030
2021-07-13,Sandringham,Tuesday,Normal Weekday,2021-22,35950
2021-07-14,Sandringham,Wednesday,Normal Weekday,2021-22,32800
2021-07-15,Sandringham,Thursday,Normal Weekday,2021-22,30940
2021-07-16,Sandringham,Friday,Normal Weekday,2021-22,5690
2021-07-17,Sandringham,Saturday,Saturday,2021-22,2020
2021-07-18,Sandringham,Sunday,Sunday,2021-22,1620
2021-07-19,Sandringham,Monday,Normal Weekday,2021-22,5190
2021-07-20,Sandringham,Tuesday,Normal Weekday,2021-22,4820
2021-07-21,Sandringham,Wednesday,Normal Weekday,2021-22,5610
2021-07-22,Sandringham,Thursday,Normal Weekday,2021-22,5900
2021-07-23,Sandringham,Friday,Normal Weekday,2021-22,5370
2021-07-24,Sandringham,Saturday,Saturday,2021-22,2750
2021-07-25,Sandringham,Sunday,Sunday,2021-22,1850
2021-07-26,Sandringham,Monday,Normal Weekday,2021-22,5610
2021-07-27,Sandringham,Tuesday,Normal Weekday,2021-22,6710
2021-07-28,Sandringham,Wednesday,Normal Weekday,2021-22,19230
2021-07-29,Sandringham,Thursday,Normal Weekday,2021-22,21550
2021-07-30,Sandringham,Friday,Normal Weekday,2021-22,24740
2021-07-31,Sandringham,Saturday,Saturday,2021-22,16890
2021-08-01,Sandringham,Sunday,Sunday,2021-22,9710
2021-08-02,Sandringham,Monday,Normal Weekday,2021-22,21290
2021-08-03,Sandringham,Tuesday,Normal Weekday,2021-22,23190
2021-08-04,Sandringham,Wednesday,Normal Weekday,2021-22,25200
2021-08-05,Sandringham,Thursday,Normal Weekday,2021-22,24750
2021-08-06,Sandringham,Friday,Normal Weekday,2021-22,5840
2021-08-07,Sandringham,Saturday,Saturday,2021-22,2660
2021-08-08,Sandringham,Sunday,Sunday,2021-22,2260
2021-08-09,Sandringham,Monday,Normal Weekday,2021-22,5750
2021-08-10,Sandringham,Tuesday,Normal Weekday,2021-22,6450
2021-08-11,Sandringham,Wednesday,Normal Weekday,2021-22,6070
2021-08-12,Sandringham,Thursday,Normal Weekday,2021-22,6750
2021-08-13,Sandringham,Friday,Normal Weekday,2021-22,6820
2021-08-14,Sandringham,Saturday,Saturday,2021-22,3700
2021-08-15,Sandringham,Sunday,Sunday,2021-22,3340
2021-08-16,Sandringham,Monday,Normal Weekday,2021-22,6010
2021-08-17,Sandringham,Tuesday,Normal Weekday,2021-22,5610
2021-08-18,Sandringham,Wednesday,Normal Weekday,2021-22,5270
2021-08-19,Sandringham,Thursday,Normal Weekday,2021-22,5440
2021-08-20,Sandringham,Friday,Normal Weekday,2021-22,5520
2021-08-21,Sandringham,Saturday,Saturday,2021-22,2470
2021-08-22,Sandringham,Sunday,Sunday,2021-22,1970
2021-08-23,Sandringham,Monday,Normal Weekday,2021-22,4690
2021-08-24,Sandringham,Tuesday,Normal Weekday,2021-22,4980
2021-08-25,Sandringham,Wednesday,Normal Weekday,2021-22,5520
2021-08-26,Sandringham,Thursday,Normal Weekday,2021-22,5670
2021-08-27,Sandringham,Friday,Normal Weekday,2021-22,5370
2021-08-28,Sandringham,Saturday,Saturday,2021-22,4630
2021-08-29,Sandringham,Sunday,Sunday,2021-22,2750
2021-08-30,Sandringham,Monday,Normal Weekday,2021-22,5130
2021-08-31,Sandringham,Tuesday,Normal Weekday,2021-22,5840
2021-09-01,Sandringham,Wednesday,Normal Weekday,2021-22,5730
2021-09-02,Sandringham,Thursday,Normal Weekday,2021-22,6330
2021-09-03,Sandringham,Friday,Normal Weekday,2021-22,5800
2021-09-04,Sandringham,Saturday,Saturday,2021-22,2970
2021-09-05,Sandringham,Sunday,Sunday,2021-22,2320
2021-09-06,Sandringham,Monday,Normal Weekday,2021-22,5650
2021-09-07,Sandringham,Tuesday,Normal Weekday,2021-22,5910
2021-09-08,Sandringham,Wednesday,Normal Weekday,2021-22,6060
2021-09-09,Sandringham,Thursday,Normal Weekday,2021-22,6070
2021-09-10,Sandringham,Friday,Normal Weekday,2021-22,5520
2021-09-11,Sandringham,Saturday,Saturday,2021-22,2990
2021-09-12,Sandringham,Sunday,Sunday,2021-22,2210
2021-09-13,Sandringham,Monday,Normal Weekday,2021-22,5160
2021-09-14,Sandringham,Tuesday,Normal Weekday,2021-22,5580
2021-09-15,Sandringham,Wednesday,Normal Weekday,2021-22,5850
2021-09-16,Sandringham,Thursday,Normal Weekday,2021-22,5730
2021-09-17,Sandringham,Friday,Normal Weekday,2021-22,6690
2021-09-18,Sandringham,Saturday,Saturday,2021-22,2000
2021-09-19,Sandringham,Sunday,Sunday,2021-22,3220
2021-09-20,Sandringham,Monday,School Holiday,2021-22,5870
2021-09-21,Sandringham,Tuesday,School Holiday,2021-22,6210
2021-09-22,Sandringham,Wednesday,School Holiday,2021-22,6780
2021-09-23,Sandringham,Thursday,School Holiday,2021-22,7670
2021-09-24,Sandringham,Friday,Public Holiday,2021-22,3830
2021-09-25,Sandringham,Saturday,Saturday,2021-22,4240
2021-09-26,Sandringham,Sunday,Sunday,2021-22,3880
2021-09-27,Sandringham,Monday,School Holiday,2021-22,6560
2021-09-28,Sandringham,Tuesday,School Holiday,2021-22,7070
2021-09-29,Sandringham,Wednesday,School Holiday,2021-22,6440
2021-09-30,Sandringham,Thursday,School Holiday,2021-22,5830
2021-10-01,Sandringham,Friday,School Holiday,2021-22,6980
2021-10-02,Sandringham,Saturday,Saturday,2021-22,7120
2021-10-03,Sandringham,Sunday,Sunday,2021-22,5150
2021-10-04,Sandringham,Monday,Normal Weekday,2021-22,5630
2021-10-05,Sandringham,Tuesday,Normal Weekday,2021-22,6980
2021-10-06,Sandringham,Wednesday,Normal Weekday,2021-22,7530
2021-10-07,Sandringham,Thursday,Normal Weekday,2021-22,7680
2021-10-08,Sandringham,Friday,Normal Weekday,2021-22,7840
2021-10-09,Sandringham,Saturday,Saturday,2021-22,6830
2021-10-10,Sandringham,Sunday,Sunday,2021-22,4860
2021-10-11,Sandringham,Monday,Normal Weekday,2021-22,6690
2021-10-12,Sandringham,Tuesday,Normal Weekday,2021-22,8260
2021-10-13,Sandringham,Wednesday,Normal Weekday,2021-22,7730
2021-10-14,Sandringham,Thursday,Normal Weekday,2021-22,8090
2021-10-15,Sandringham,Friday,Normal Weekday,2021-22,7230
2021-10-16,Sandringham,Saturday,Saturday,2021-22,5060
2021-10-17,Sandringham,Sunday,Sunday,2021-22,5680
2021-10-18,Sandringham,Monday,Normal Weekday,2021-22,7020
2021-10-19,Sandringham,Tuesday,Normal Weekday,2021-22,7880
2021-10-20,Sandringham,Wednesday,Normal Weekday,2021-22,9520
2021-10-21,Sandringham,Thursday,Normal Weekday,2021-22,8630
2021-10-22,Sandringham,Friday,Normal Weekday,2021-22,16960
2021-10-23,Sandringham,Saturday,Saturday,2021-22,17440
2021-10-24,Sandringham,Sunday,Sunday,2021-22,13820
2021-10-25,Sandringham,Monday,Normal Weekday,2021-22,11470
2021-10-26,Sandringham,Tuesday,Normal Weekday,2021-22,15060
2021-10-27,Sandringham,Wednesday,Normal Weekday,2021-22,17290
2021-10-28,Sandringham,Thursday,Normal Weekday,2021-22,15680
2021-10-29,Sandringham,Friday,Normal Weekday,2021-22,390
2021-10-30,Sandringham,Saturday,Saturday,2021-22,15930
2021-10-31,Sandringham,Sunday,Sunday,2021-22,14160
2021-11-01,Sandringham,Monday,Normal Weekday,2021-22,15890
2021-11-02,Sandringham,Tuesday,Public Holiday,2021-22,14430
2021-11-03,Sandringham,Wednesday,Normal Weekday,2021-22,18080
2021-11-04,Sandringham,Thursday,Normal Weekday,2021-22,21050
2021-11-05,Sandringham,Friday,Normal Weekday,2021-22,25290
2021-11-06,Sandringham,Saturday,Saturday,2021-22,19120
2021-11-07,Sandringham,Sunday,Sunday,2021-22,12100
2021-11-08,Sandringham,Monday,Normal Weekday,2021-22,18610
2021-11-09,Sandringham,Tuesday,Normal Weekday,2021-22,21240
2021-11-10,Sandringham,Wednesday,Normal Weekday,2021-22,21960
2021-11-11,Sandringham,Thursday,Normal Weekday,2021-22,24900
2021-11-12,Sandringham,Friday,Normal Weekday,2021-22,24800
2021-11-13,Sandringham,Saturday,Saturday,2021-22,18990
2021-11-14,Sandringham,Sunday,Sunday,2021-22,11760
2021-11-15,Sandringham,Monday,Normal Weekday,2021-22,20600
2021-11-16,Sandringham,Tuesday,Normal Weekday,2021-22,23820
2021-11-17,Sandringham,Wednesday,Normal Weekday,2021-22,26280
2021-11-18,Sandringham,Thursday,Normal Weekday,2021-22,27360
2021-11-19,Sandringham,Friday,Normal Weekday,2021-22,29790
2021-11-20,Sandringham,Saturday,Saturday,2021-22,40100
2021-11-21,Sandringham,Sunday,Sunday,2021-22,23450
2021-11-22,Sandringham,Monday,Normal Weekday,2021-22,23540
2021-11-23,Sandringham,Tuesday,Normal Weekday,2021-22,27010
2021-11-24,Sandringham,Wednesday,Normal Weekday,2021-22,28020
2021-11-25,Sandringham,Thursday,Normal Weekday,2021-22,28920
2021-11-26,Sandringham,Friday,Normal Weekday,2021-22,31490
2021-11-27,Sandringham,Saturday,Saturday,2021-22,33830
2021-11-28,Sandringham,Sunday,Sunday,2021-22,23470
2021-11-29,Sandringham,Monday,Normal Weekday,2021-22,25060
2021-11-30,Sandringham,Tuesday,Normal Weekday,2021-22,29210
2021-12-01,Sandringham,Wednesday,Normal Weekday,2021-22,27500
2021-12-02,Sandringham,Thursday,Normal Weekday,2021-22,29560
2021-12-03,Sandringham,Friday,Normal Weekday,2021-22,33010
2021-12-04,Sandringham,Saturday,Saturday,2021-22,32620
2021-12-05,Sandringham,Sunday,Sunday,2021-22,26710
2021-12-06,Sandringham,Monday,Normal Weekday,2021-22,25150
2021-12-07,Sandringham,Tuesday,Normal Weekday,2021-22,28080
2021-12-08,Sandringham,Wednesday,Normal Weekday,2021-22,30580
2021-12-09,Sandringham,Thursday,Normal Weekday,2021-22,31340
2021-12-10,Sandringham,Friday,Normal Weekday,2021-22,30890
2021-12-13,Sandringham,Monday,Normal Weekday,2021-22,29260
2021-12-14,Sandringham,Tuesday,Normal Weekday,2021-22,31250
2021-12-15,Sandringham,Wednesday,Normal Weekday,2021-22,48220
2021-12-16,Sandringham,Thursday,Normal Weekday,2021-22,48440
2021-12-17,Sandringham,Friday,Normal Weekday,2021-22,51810
2021-12-18,Sandringham,Saturday,Saturday,2021-22,32500
2021-12-19,Sandringham,Sunday,Sunday,2021-22,18380
2021-12-20,Sandringham,Monday,School Holiday,2021-22,36040
2021-12-21,Sandringham,Tuesday,School Holiday,2021-22,38260
2021-12-22,Sandringham,Wednesday,School Holiday,2021-22,38490
2021-12-23,Sandringham,Thursday,School Holiday,2021-22,31760
2021-12-24,Sandringham,Friday,School Holiday,2021-22,13270
2021-12-25,Sandringham,Saturday,Public Holiday,2021-22,5040
2021-12-26,Sandringham,Sunday,Public Holiday,2021-22,17050
2021-12-27,Sandringham,Monday,Public Holiday,2021-22,13820
2021-12-28,Sandringham,Tuesday,Public Holiday,2021-22,15600
2021-12-29,Sandringham,Wednesday,School Holiday,2021-22,14100
2021-12-30,Sandringham,Thursday,School Holiday,2021-22,14050
2021-12-31,Sandringham,Friday,School Holiday,2021-22,14580
2022-01-01,Sandringham,Saturday,Public Holiday,2021-22,10230
2022-01-02,Sandringham,Sunday,Sunday,2021-22,8400
2022-01-03,Sandringham,Monday,Public Holiday,2021-22,7290
2022-01-04,Sandringham,Tuesday,School Holiday,2021-22,10520
2022-01-05,Sandringham,Wednesday,School Holiday,2021-22,9890
2022-01-06,Sandringham,Thursday,School Holiday,2021-22,11050
2022-01-07,Sandringham,Friday,School Holiday,2021-22,10110
2022-01-08,Sandringham,Saturday,Saturday,2021-22,9360
2022-01-09,Sandringham,Sunday,Sunday,2021-22,7490
2022-01-10,Sandringham,Monday,School Holiday,2021-22,12700
2022-01-11,Sandringham,Tuesday,School Holiday,2021-22,12390
2022-01-12,Sandringham,Wednesday,School Holiday,2021-22,14130
2022-01-13,Sandringham,Thursday,School Holiday,2021-22,13040
2022-01-14,Sandringham,Friday,School Holiday,2021-22,13720
2022-01-15,Sandringham,Saturday,Saturday,2021-22,11880
2022-01-16,Sandringham,Sunday,Sunday,2021-22,10460
2022-01-17,Sandringham,Monday,School Holiday,2021-22,15780
2022-01-18,Sandringham,Tuesday,School Holiday,2021-22,18320
2022-01-19,Sandringham,Wednesday,School Holiday,2021-22,19260
2022-01-20,Sandringham,Thursday,School Holiday,2021-22,20590
2022-01-21,Sandringham,Friday,School Holiday,2021-22,22020
2022-01-22,Sandringham,Saturday,Saturday,2021-22,20530
2022-01-23,Sandringham,Sunday,Sunday,2021-22,14850
2022-01-24,Sandringham,Monday,School Holiday,2021-22,16880
2022-01-25,Sandringham,Tuesday,School Holiday,2021-22,21450
2022-01-26,Sandringham,Wednesday,Public Holiday,2021-22,10960
2022-01-27,Sandringham,Thursday,School Holiday,2021-22,21470
2022-01-28,Sandringham,Friday,School Holiday,2021-22,19080
2022-01-29,Sandringham,Saturday,Saturday,2021-22,18370
2022-01-30,Sandringham,Sunday,Sunday,2021-22,12030
2022-01-31,Sandringham,Monday,Normal Weekday,2021-22,18840
2022-02-01,Sandringham,Tuesday,Normal Weekday,2021-22,20010
2022-02-02,Sandringham,Wednesday,Normal Weekday,2021-22,22320
2022-02-03,Sandringham,Thursday,Normal Weekday,2021-22,22410
2022-02-04,Sandringham,Friday,Normal Weekday,2021-22,24520
2022-02-05,Sandringham,Saturday,Saturday,2021-22,18380
2022-02-06,Sandringham,Sunday,Sunday,2021-22,12350
2022-02-07,Sandringham,Monday,Normal Weekday,2021-22,19810
2022-02-08,Sandringham,Tuesday,Normal Weekday,2021-22,23350
2022-02-09,Sandringham,Wednesday,Normal Weekday,2021-22,23360
2022-02-10,Sandringham,Thursday,Normal Weekday,2021-22,24570
2022-02-11,Sandringham,Friday,Normal Weekday,2021-22,26030
2022-02-12,Sandringham,Saturday,Saturday,2021-22,20190
2022-02-13,Sandringham,Sunday,Sunday,2021-22,11560
2022-02-14,Sandringham,Monday,Normal Weekday,2021-22,22870
2022-02-15,Sandringham,Tuesday,Normal Weekday,2021-22,23750
2022-02-16,Sandringham,Wednesday,Normal Weekday,2021-22,24150
2022-02-17,Sandringham,Thursday,Normal Weekday,2021-22,25990
2022-02-18,Sandringham,Friday,Normal Weekday,2021-22,28840
2022-02-19,Sandringham,Saturday,Saturday,2021-22,19030
2022-02-20,Sandringham,Sunday,Sunday,2021-22,12370
2022-02-21,Sandringham,Monday,Normal Weekday,2021-22,22100
2022-02-22,Sandringham,Tuesday,Normal Weekday,2021-22,25140
2022-02-23,Sandringham,Wednesday,Normal Weekday,2021-22,27190
2022-02-24,Sandringham,Thursday,Normal Weekday,2021-22,26810
2022-02-25,Sandringham,Friday,Normal Weekday,2021-22,29350
2022-02-26,Sandringham,Saturday,Saturday,2021-22,22880
2022-02-27,Sandringham,Sunday,Sunday,2021-22,13230
2022-02-28,Sandringham,Monday,Normal Weekday,2021-22,24890
2022-03-01,Sandringham,Tuesday,Normal Weekday,2021-22,29200
2022-03-02,Sandringham,Wednesday,Normal Weekday,2021-22,29740
2022-03-03,Sandringham,Thursday,Normal Weekday,2021-22,32430
2022-03-04,Sandringham,Friday,Normal Weekday,2021-22,32350
2022-03-05,Sandringham,Saturday,Saturday,2021-22,19710
2022-03-06,Sandringham,Sunday,Sunday,2021-22,11770
2022-03-07,Sandringham,Monday,Normal Weekday,2021-22,26990
2022-03-08,Sandringham,Tuesday,Normal Weekday,2021-22,32970
2022-03-09,Sandringham,Wednesday,Normal Weekday,2021-22,31990
2022-03-10,Sandringham,Thursday,Normal Weekday,2021-22,33690
2022-03-11,Sandringham,Friday,Normal Weekday,2021-22,30910
2022-03-12,Sandringham,Saturday,Saturday,2021-22,22930
2022-03-13,Sandringham,Sunday,Sunday,2021-22,19030
2022-03-14,Sandringham,Monday,Public Holiday,2021-22,14730
2022-03-15,Sandringham,Tuesday,Normal Weekday,2021-22,31970
2022-03-16,Sandringham,Wednesday,Normal Weekday,2021-22,40350
2022-03-17,Sandringham,Thursday,Normal Weekday,2021-22,42740
2022-03-18,Sandringham,Friday,Normal Weekday,2021-22,36390
2022-03-19,Sandringham,Saturday,Saturday,2021-22,30750
2022-03-20,Sandringham,Sunday,Sunday,2021-22,17550
2022-03-21,Sandringham,Monday,Normal Weekday,2021-22,28360
2022-03-22,Sandringham,Tuesday,Normal Weekday,2021-22,33010
2022-03-23,Sandringham,Wednesday,Normal Weekday,2021-22,34540
2022-03-24,Sandringham,Thursday,Normal Weekday,2021-22,35570
2022-03-25,Sandringham,Friday,Normal Weekday,2021-22,33930
2022-03-26,Sandringham,Saturday,Saturday,2021-22,28590
2022-03-27,Sandringham,Sunday,Sunday,2021-22,20100
2022-03-28,Sandringham,Monday,Normal Weekday,2021-22,26780
2022-03-29,Sandringham,Tuesday,Normal Weekday,2021-22,31100
2022-03-30,Sandringham,Wednesday,Normal Weekday,2021-22,35720
2022-03-31,Sandringham,Thursday,Normal Weekday,2021-22,34950
2022-04-01,Sandringham,Friday,Normal Weekday,2021-22,38790
2022-04-02,Sandringham,Saturday,Saturday,2021-22,29360
2022-04-03,Sandringham,Sunday,Sunday,2021-22,27600
2022-04-04,Sandringham,Monday,Normal Weekday,2021-22,26670
2022-04-05,Sandringham,Tuesday,Normal Weekday,2021-22,34120
2022-04-06,Sandringham,Wednesday,Normal Weekday,2021-22,34310
2022-04-07,Sandringham,Thursday,Normal Weekday,2021-22,36780
2022-04-08,Sandringham,Friday,Normal Weekday,2021-22,38620
2022-04-09,Sandringham,Saturday,Saturday,2021-22,39360
2022-04-10,Sandringham,Sunday,Sunday,2021-22,28340
2022-04-11,Sandringham,Monday,School Holiday,2021-22,27450
2022-04-12,Sandringham,Tuesday,School Holiday,2021-22,33050
2022-04-13,Sandringham,Wednesday,School Holiday,2021-22,32440
2022-04-14,Sandringham,Thursday,School Holiday,2021-22,31800
2022-04-15,Sandringham,Friday,Public Holiday,2021-22,13900
2022-04-16,Sandringham,Saturday,Public Holiday,2021-22,26150
2022-04-17,Sandringham,Sunday,Public Holiday,2021-22,17150
2022-04-18,Sandringham,Monday,Public Holiday,2021-22,13760
2022-04-19,Sandringham,Tuesday,School Holiday,2021-22,24030
2022-04-20,Sandringham,Wednesday,School Holiday,2021-22,27950
2022-04-21,Sandringham,Thursday,School Holiday,2021-22,30550
2022-04-22,Sandringham,Friday,School Holiday,2021-22,29950
2022-04-23,Sandringham,Saturday,Saturday,2021-22,22790
2022-04-24,Sandringham,Sunday,Sunday,2021-22,26580
2022-04-25,Sandringham,Monday,Public Holiday,2021-22,22740
2022-04-26,Sandringham,Tuesday,Normal Weekday,2021-22,30400
2022-04-27,Sandringham,Wednesday,Normal Weekday,2021-22,32950
2022-04-28,Sandringham,Thursday,Normal Weekday,2021-22,34780
2022-04-29,Sandringham,Friday,Normal Weekday,2021-22,32770
2022-04-30,Sandringham,Saturday,Saturday,2021-22,32290
2022-05-01,Sandringham,Sunday,Sunday,2021-22,18270
2022-05-02,Sandringham,Monday,Normal Weekday,2021-22,28640
2022-05-03,Sandringham,Tuesday,Normal Weekday,2021-22,34710
2022-05-04,Sandringham,Wednesday,Normal Weekday,2021-22,33620
2022-05-05,Sandringham,Thursday,Normal Weekday,2021-22,34670
2022-05-06,Sandringham,Friday,Normal Weekday,2021-22,32670
2022-05-07,Sandringham,Saturday,Saturday,2021-22,29510
2022-05-08,Sandringham,Sunday,Sunday,2021-22,22950
2022-05-09,Sandringham,Monday,Normal Weekday,2021-22,27830
2022-05-10,Sandringham,Tuesday,Normal Weekday,2021-22,33160
2022-05-11,Sandringham,Wednesday,Normal Weekday,2021-22,33700
2022-05-12,Sandringham,Thursday,Normal Weekday,2021-22,34740
2022-05-13,Sandringham,Friday,Normal Weekday,2021-22,34360
2022-05-14,Sandringham,Saturday,Saturday,2021-22,30460
2022-05-15,Sandringham,Sunday,Sunday,2021-22,14000
2022-05-16,Sandringham,Monday,Normal Weekday,2021-22,26980
2022-05-17,Sandringham,Tuesday,Normal Weekday,2021-22,33000
2022-05-18,Sandringham,Wednesday,Normal Weekday,2021-22,32380
2022-05-19,Sandringham,Thursday,Normal Weekday,2021-22,34190
2022-05-20,Sandringham,Friday,Normal Weekday,2021-22,34480
2022-05-21,Sandringham,Saturday,Saturday,2021-22,30310
2022-05-22,Sandringham,Sunday,Sunday,2021-22,13630
2022-05-23,Sandringham,Monday,Normal Weekday,2021-22,27260
2022-05-24,Sandringham,Tuesday,Normal Weekday,2021-22,33340
2022-05-25,Sandringham,Wednesday,Normal Weekday,2021-22,33580
2022-05-26,Sandringham,Thursday,Normal Weekday,2021-22,33960
2022-05-27,Sandringham,Friday,Normal Weekday,2021-22,32760
2022-05-28,Sandringham,Saturday,Saturday,2021-22,29040
2022-05-29,Sandringham,Sunday,Sunday,2021-22,26380
2022-05-30,Sandringham,Monday,Normal Weekday,2021-22,25560
2022-05-31,Sandringham,Tuesday,Normal Weekday,2021-22,29670
2022-06-01,Sandringham,Wednesday,Normal Weekday,2021-22,31860
2022-06-02,Sandringham,Thursday,Normal Weekday,2021-22,36420
2022-06-03,Sandringham,Friday,Normal Weekday,2021-22,33300
2022-06-04,Sandringham,Saturday,Saturday,2021-22,23430
2022-06-05,Sandringham,Sunday,Sunday,2021-22,13010
2022-06-06,Sandringham,Monday,Normal Weekday,2021-22,25510
2022-06-07,Sandringham,Tuesday,Normal Weekday,2021-22,30170
2022-06-08,Sandringham,Wednesday,Normal Weekday,2021-22,31910
2022-06-09,Sandringham,Thursday,Normal Weekday,2021-22,34040
2022-06-10,Sandringham,Friday,Normal Weekday,2021-22,36170
2022-06-11,Sandringham,Saturday,Saturday,2021-22,20530
2022-06-12,Sandringham,Sunday,Sunday,2021-22,17040
2022-06-13,Sandringham,Monday,Public Holiday,2021-22,21620
2022-06-14,Sandringham,Tuesday,Normal Weekday,2021-22,31700
2022-06-15,Sandringham,Wednesday,Normal Weekday,2021-22,31840
2022-06-16,Sandringham,Thursday,Normal Weekday,2021-22,38210
2022-06-17,Sandringham,Friday,Normal Weekday,2021-22,35080
2022-06-18,Sandringham,Saturday,Saturday,2021-22,22150
2022-06-19,Sandringham,Sunday,Sunday,2021-22,13510
2022-06-20,Sandringham,Monday,Normal Weekday,2021-22,27050
2022-06-21,Sandringham,Tuesday,Normal Weekday,2021-22,31910
2022-06-22,Sandringham,Wednesday,Normal Weekday,2021-22,34000
2022-06-23,Sandringham,Thursday,Normal Weekday,2021-22,38000
2022-06-24,Sandringham,Friday,Normal Weekday,2021-22,33130
2022-06-25,Sandringham,Saturday,Saturday,2021-22,31510
2022-06-26,Sandringham,Sunday,Sunday,2021-22,13900
2022-06-27,Sandringham,Monday,School Holiday,2021-22,24350
2022-06-28,Sandringham,Tuesday,School Holiday,2021-22,30020
2022-06-29,Sandringham,Wednesday,School Holiday,2021-22,30350
2022-06-30,Sandringham,Thursday,School Holiday,2021-22,31830
2022-07-01,Sandringham,Friday,School Holiday,2022-23,32010
2022-07-04,Sandringham,Monday,School Holiday,2022-23,27130
2022-07-05,Sandringham,Tuesday,School Holiday,2022-23,31560
2022-07-06,Sandringham,Wednesday,School Holiday,2022-23,32980
2022-07-07,Sandringham,Thursday,School Holiday,2022-23,33830
2022-07-08,Sandringham,Friday,School Holiday,2022-23,26780
2022-07-09,Sandringham,Saturday,Saturday,2022-23,28000
2022-07-10,Sandringham,Sunday,Sunday,2022-23,14880
2022-07-11,Sandringham,Monday,Normal Weekday,2022-23,23880
2022-07-12,Sandringham,Tuesday,Normal Weekday,2022-23,28310
2022-07-13,Sandringham,Wednesday,Normal Weekday,2022-23,29960
2022-07-14,Sandringham,Thursday,Normal Weekday,2022-23,28730
2022-07-15,Sandringham,Friday,Normal Weekday,2022-23,33370
2022-07-16,Sandringham,Saturday,Saturday,2022-23,26220
2022-07-17,Sandringham,Sunday,Sunday,2022-23,15800
2022-07-18,Sandringham,Monday,Normal Weekday,2022-23,24170
2022-07-19,Sandringham,Tuesday,Normal Weekday,2022-23,34620
2022-07-20,Sandringham,Wednesday,Normal Weekday,2022-23,29900
2022-07-21,Sandringham,Thursday,Normal Weekday,2022-23,27040
2022-07-22,Sandringham,Friday,Normal Weekday,2022-23,30970
2022-07-23,Sandringham,Saturday,Saturday,2022-23,20940
2022-07-24,Sandringham,Sunday,Sunday,2022-23,28940
2022-07-25,Sandringham,Monday,Normal Weekday,2022-23,25580
2022-07-26,Sandringham,Tuesday,Normal Weekday,2022-23,29930
2022-07-27,Sandringham,Wednesday,Normal Weekday,2022-23,31520
2022-07-28,Sandringham,Thursday,Normal Weekday,2022-23,31440
2022-07-29,Sandringham,Friday,Normal Weekday,2022-23,28470
2022-07-30,Sandringham,Saturday,Saturday,2022-23,23620
2022-07-31,Sandringham,Sunday,Sunday,2022-23,11490
2022-08-01,Sandringham,Monday,Normal Weekday,2022-23,26540
2022-08-02,Sandringham,Tuesday,Normal Weekday,2022-23,30880
2022-08-03,Sandringham,Wednesday,Normal Weekday,2022-23,32080
2022-08-04,Sandringham,Thursday,Normal Weekday,2022-23,31460
2022-08-05,Sandringham,Friday,Normal Weekday,2022-23,37170
2022-08-06,Sandringham,Saturday,Saturday,2022-23,18780
2022-08-07,Sandringham,Sunday,Sunday,2022-23,13100
2022-08-08,Sandringham,Monday,Normal Weekday,2022-23,26020
2022-08-09,Sandringham,Tuesday,Normal Weekday,2022-23,31490
2022-08-10,Sandringham,Wednesday,Normal Weekday,2022-23,31650
2022-08-11,Sandringham,Thursday,Normal Weekday,2022-23,32120
2022-08-12,Sandringham,Friday,Normal Weekday,2022-23,31700
2022-08-13,Sandringham,Saturday,Saturday,2022-23,27970
2022-08-14,Sandringham,Sunday,Sunday,2022-23,19030
2022-08-15,Sandringham,Monday,Normal Weekday,2022-23,25920
2022-08-16,Sandringham,Tuesday,Normal Weekday,2022-23,30630
2022-08-17,Sandringham,Wednesday,Normal Weekday,2022-23,32710
2022-08-18,Sandringham,Thursday,Normal Weekday,2022-23,33240
2022-08-19,Sandringham,Friday,Normal Weekday,2022-23,30140
2022-08-20,Sandringham,Saturday,Saturday,2022-23,26990
2022-08-21,Sandringham,Sunday,Sunday,2022-23,29060
2022-08-22,Sandringham,Monday,Normal Weekday,2022-23,26120
2022-08-23,Sandringham,Tuesday,Normal Weekday,2022-23,33710
2022-08-24,Sandringham,Wednesday,Normal Weekday,2022-23,32010
2022-08-25,Sandringham,Thursday,Normal Weekday,2022-23,36740
2022-08-26,Sandringham,Friday,Normal Weekday,2022-23,37020
2022-08-27,Sandringham,Saturday,Saturday,2022-23,21190
2022-08-28,Sandringham,Sunday,Sunday,2022-23,14010
2022-08-29,Sandringham,Monday,Normal Weekday,2022-23,25650
2022-08-30,Sandringham,Tuesday,Normal Weekday,2022-23,32110
2022-08-31,Sandringham,Wednesday,Normal Weekday,2022-23,32910
2022-09-01,Sandringham,Thursday,Normal Weekday,2022-23,33510
2022-09-02,Sandringham,Friday,Normal Weekday,2022-23,38720
2022-09-03,Sandringham,Saturday,Saturday,2022-23,28990
2022-09-04,Sandringham,Sunday,Sunday,2022-23,13180
2022-09-05,Sandringham,Monday,Normal Weekday,2022-23,28480
2022-09-06,Sandringham,Tuesday,Normal Weekday,2022-23,34220
2022-09-07,Sandringham,Wednesday,Normal Weekday,2022-23,34960
2022-09-08,Sandringham,Thursday,Normal Weekday,2022-23,34390
2022-09-09,Sandringham,Friday,Normal Weekday,2022-23,38200
2022-09-10,Sandringham,Saturday,Saturday,2022-23,20460
2022-09-11,Sandringham,Sunday,Sunday,2022-23,8160
2022-09-12,Sandringham,Monday,Normal Weekday,2022-23,27010
2022-09-13,Sandringham,Tuesday,Normal Weekday,2022-23,33830
2022-09-14,Sandringham,Wednesday,Normal Weekday,2022-23,34580
2022-09-15,Sandringham,Thursday,Normal Weekday,2022-23,38470
2022-09-16,Sandringham,Friday,Normal Weekday,2022-23,39710
2022-09-17,Sandringham,Saturday,Saturday,2022-23,19070
2022-09-18,Sandringham,Sunday,Sunday,2022-23,12360
2022-09-19,Sandringham,Monday,School Holiday,2022-23,27800
2022-09-20,Sandringham,Tuesday,School Holiday,2022-23,33300
2022-09-21,Sandringham,Wednesday,School Holiday,2022-23,33880
2022-09-22,Sandringham,Thursday,Public Holiday,2022-23,22380
2022-09-23,Sandringham,Friday,Public Holiday,2022-23,25960
2022-09-24,Sandringham,Saturday,Saturday,2022-23,31050
2022-09-25,Sandringham,Sunday,Sunday,2022-23,16050
2022-09-26,Sandringham,Monday,School Holiday,2022-23,26160
2022-09-27,Sandringham,Tuesday,School Holiday,2022-23,30960
2022-09-28,Sandringham,Wednesday,School Holiday,2022-23,32610
2022-09-29,Sandringham,Thursday,School Holiday,2022-23,35210
2022-09-30,Sandringham,Friday,School Holiday,2022-23,29840
2022-10-01,Sandringham,Saturday,Saturday,2022-23,23650
2022-10-02,Sandringham,Sunday,Sunday,2022-23,10340
2022-10-03,Sandringham,Monday,Normal Weekday,2022-23,28230
2022-10-04,Sandringham,Tuesday,Normal Weekday,2022-23,35110
2022-10-05,Sandringham,Wednesday,Normal Weekday,2022-23,32910
2022-10-06,Sandringham,Thursday,Normal Weekday,2022-23,36380
2022-10-07,Sandringham,Friday,Normal Weekday,2022-23,32610
2022-10-08,Sandringham,Saturday,Saturday,2022-23,20760
2022-10-09,Sandringham,Sunday,Sunday,2022-23,14470
2022-10-10,Sandringham,Monday,Normal Weekday,2022-23,30890
2022-10-11,Sandringham,Tuesday,Normal Weekday,2022-23,35300
2022-10-12,Sandringham,Wednesday,Normal Weekday,2022-23,33490
2022-10-13,Sandringham,Thursday,Normal Weekday,2022-23,26020
2022-10-14,Sandringham,Friday,Normal Weekday,2022-23,31230
2022-10-15,Sandringham,Saturday,Saturday,2022-23,21870
2022-10-16,Sandringham,Sunday,Sunday,2022-23,13750
2022-10-17,Sandringham,Monday,Normal Weekday,2022-23,22360
2022-10-18,Sandringham,Tuesday,Normal Weekday,2022-23,35000
2022-10-19,Sandringham,Wednesday,Normal Weekday,2022-23,36260
2022-10-20,Sandringham,Thursday,Normal Weekday,2022-23,36960
2022-10-21,Sandringham,Friday,Normal Weekday,2022-23,33650
2022-10-22,Sandringham,Saturday,Saturday,2022-23,23120
2022-10-23,Sandringham,Sunday,Sunday,2022-23,18320
2022-10-24,Sandringham,Monday,Normal Weekday,2022-23,27840
2022-10-25,Sandringham,Tuesday,Normal Weekday,2022-23,34610
2022-10-26,Sandringham,Wednesday,Normal Weekday,2022-23,34660
2022-10-27,Sandringham,Thursday,Normal Weekday,2022-23,33750
2022-10-28,Sandringham,Friday,Normal Weekday,2022-23,34290
2022-10-29,Sandringham,Saturday,Saturday,2022-23,23400
2022-10-30,Sandringham,Sunday,Sunday,2022-23,14110
2022-10-31,Sandringham,Monday,Normal Weekday,2022-23,22130
2022-11-01,Sandringham,Tuesday,Public Holiday,2022-23,11750
2022-11-02,Sandringham,Wednesday,Normal Weekday,2022-23,32750
2022-11-03,Sandringham,Thursday,Normal Weekday,2022-23,35580
2022-11-04,Sandringham,Friday,Normal Weekday,2022-23,34040
2022-11-05,Sandringham,Saturday,Saturday,2022-23,26430
2022-11-06,Sandringham,Sunday,Sunday,2022-23,18070
2022-11-07,Sandringham,Monday,Normal Weekday,2022-23,30150
2022-11-08,Sandringham,Tuesday,Normal Weekday,2022-23,36180
2022-11-09,Sandringham,Wednesday,Normal Weekday,2022-23,37290
2022-11-10,Sandringham,Thursday,Normal Weekday,2022-23,36020
2022-11-11,Sandringham,Friday,Normal Weekday,2022-23,34540
2022-11-12,Sandringham,Saturday,Saturday,2022-23,26280
2022-11-13,Sandringham,Sunday,Sunday,2022-23,17390
2022-11-14,Sandringham,Monday,Normal Weekday,2022-23,26690
2022-11-15,Sandringham,Tuesday,Normal Weekday,2022-23,35080
2022-11-16,Sandringham,Wednesday,Normal Weekday,2022-23,35080
2022-11-17,Sandringham,Thursday,Normal Weekday,2022-23,37150
2022-11-18,Sandringham,Friday,Normal Weekday,2022-23,37890
2022-11-19,Sandringham,Saturday,Saturday,2022-23,22380
2022-11-20,Sandringham,Sunday,Sunday,2022-23,14380
2022-11-21,Sandringham,Monday,Normal Weekday,2022-23,17780
2022-11-22,Sandringham,Tuesday,Normal Weekday,2022-23,37620
2022-11-23,Sandringham,Wednesday,Normal Weekday,2022-23,34760
2022-11-24,Sandringham,Thursday,Normal Weekday,2022-23,37620
2022-11-25,Sandringham,Friday,Normal Weekday,2022-23,35600
2022-11-26,Sandringham,Saturday,Saturday,2022-23,25750
2022-11-27,Sandringham,Sunday,Sunday,2022-23,18740
2022-11-28,Sandringham,Monday,Normal Weekday,2022-23,33090
2022-11-29,Sandringham,Tuesday,Normal Weekday,2022-23,41610
2022-11-30,Sandringham,Wednesday,Normal Weekday,2022-23,42700
2022-12-01,Sandringham,Thursday,Normal Weekday,2022-23,43430
2022-12-02,Sandringham,Friday,Normal Weekday,2022-23,45190
2022-12-03,Sandringham,Saturday,Saturday,2022-23,35800
2022-12-04,Sandringham,Sunday,Sunday,2022-23,23860
2022-12-05,Sandringham,Monday,Normal Weekday,2022-23,34290
2022-12-06,Sandringham,Tuesday,Normal Weekday,2022-23,43570
2022-12-07,Sandringham,Wednesday,Normal Weekday,2022-23,50100
2022-12-08,Sandringham,Thursday,Normal Weekday,2022-23,51010
2022-12-09,Sandringham,Friday,Normal Weekday,2022-23,50560
2022-12-10,Sandringham,Saturday,Saturday,2022-23,61760
2022-12-11,Sandringham,Sunday,Sunday,2022-23,35460
2022-12-12,Sandringham,Monday,Normal Weekday,2022-23,32000
2022-12-13,Sandringham,Tuesday,Normal Weekday,2022-23,39940
2022-12-14,Sandringham,Wednesday,Normal Weekday,2022-23,40710
2022-12-15,Sandringham,Thursday,Normal Weekday,2022-23,45960
2022-12-16,Sandringham,Friday,Normal Weekday,2022-23,42340
2022-12-17,Sandringham,Saturday,Saturday,2022-23,33310
2022-12-18,Sandringham,Sunday,Sunday,2022-23,22270
2022-12-19,Sandringham,Monday,Normal Weekday,2022-23,30730
2022-12-20,Sandringham,Tuesday,Normal Weekday,2022-23,36000
2022-12-21,Sandringham,Wednesday,School Holiday,2022-23,34720
2022-12-22,Sandringham,Thursday,School Holiday,2022-23,31870
2022-12-23,Sandringham,Friday,School Holiday,2022-23,28910
2022-12-24,Sandringham,Saturday,Saturday,2022-23,16690
2022-12-25,Sandringham,Sunday,Public Holiday,2022-23,5330
2022-12-26,Sandringham,Monday,Public Holiday,2022-23,23380
2022-12-27,Sandringham,Tuesday,Public Holiday,2022-23,22640
2022-12-28,Sandringham,Wednesday,School Holiday,2022-23,21060
2022-12-29,Sandringham,Thursday,School Holiday,2022-23,22020
2022-12-30,Sandringham,Friday,School Holiday,2022-23,22470
2022-12-31,Sandringham,Saturday,Saturday,2022-23,18950
2023-01-01,Sandringham,Sunday,Public Holiday,2022-23,12670
2023-01-02,Sandringham,Monday,Public Holiday,2022-23,12010
2023-01-03,Sandringham,Tuesday,School Holiday,2022-23,21090
2023-01-04,Sandringham,Wednesday,School Holiday,2022-23,30120
2023-01-05,Sandringham,Thursday,School Holiday,2022-23,31660
2023-01-06,Sandringham,Friday,School Holiday,2022-23,36490
2023-01-07,Sandringham,Saturday,Saturday,2022-23,32190
2023-01-08,Sandringham,Sunday,Sunday,2022-23,25530
2023-01-09,Sandringham,Monday,School Holiday,2022-23,35980
2023-01-10,Sandringham,Tuesday,School Holiday,2022-23,42370
2023-01-11,Sandringham,Wednesday,School Holiday,2022-23,44240
2023-01-12,Sandringham,Thursday,School Holiday,2022-23,47050
2023-01-13,Sandringham,Friday,School Holiday,2022-23,48450
2023-01-14,Sandringham,Saturday,Saturday,2022-23,36560
2023-01-15,Sandringham,Sunday,Sunday,2022-23,22050
2023-01-16,Sandringham,Monday,School Holiday,2022-23,56440
2023-01-17,Sandringham,Tuesday,School Holiday,2022-23,56530
2023-01-18,Sandringham,Wednesday,School Holiday,2022-23,58390
2023-01-19,Sandringham,Thursday,School Holiday,2022-23,66460
2023-01-20,Sandringham,Friday,School Holiday,2022-23,61590
2023-01-21,Sandringham,Saturday,Saturday,2022-23,49730
2023-01-22,Sandringham,Sunday,Sunday,2022-23,36080
2023-01-23,Sandringham,Monday,School Holiday,2022-23,54050
2023-01-24,Sandringham,Tuesday,School Holiday,2022-23,61340
2023-01-25,Sandringham,Wednesday,School Holiday,2022-23,65070
2023-01-26,Sandringham,Thursday,Public Holiday,2022-23,37680
2023-01-27,Sandringham,Friday,School Holiday,2022-23,48300
2023-01-28,Sandringham,Saturday,Saturday,2022-23,24240
2023-01-29,Sandringham,Sunday,Sunday,2022-23,19450
2023-01-30,Sandringham,Monday,Normal Weekday,2022-23,32270
2023-01-31,Sandringham,Tuesday,Normal Weekday,2022-23,39310
2023-02-01,Sandringham,Wednesday,Normal Weekday,2022-23,39450
2023-02-02,Sandringham,Thursday,Normal Weekday,2022-23,33410
2023-02-03,Sandringham,Friday,Normal Weekday,2022-23,34020
2023-02-04,Sandringham,Saturday,Saturday,2022-23,23580
2023-02-05,Sandringham,Sunday,Sunday,2022-23,19700
2023-02-06,Sandringham,Monday,Normal Weekday,2022-23,33380
2023-02-07,Sandringham,Tuesday,Normal Weekday,2022-23,42850
2023-02-08,Sandringham,Wednesday,Normal Weekday,2022-23,41990
2023-02-09,Sandringham,Thursday,Normal Weekday,2022-23,46030
2023-02-10,Sandringham,Friday,Normal Weekday,2022-23,34900
2023-02-13,Sandringham,Monday,Normal Weekday,2022-23,32700
2023-02-14,Sandringham,Tuesday,Normal Weekday,2022-23,40080
2023-02-15,Sandringham,Wednesday,Normal Weekday,2022-23,39670
2023-02-16,Sandringham,Thursday,Normal Weekday,2022-23,40880
2023-02-17,Sandringham,Friday,Normal Weekday,2022-23,33840
2023-02-18,Sandringham,Saturday,Saturday,2022-23,26220
2023-02-19,Sandringham,Sunday,Sunday,2022-23,20860
2023-02-20,Sandringham,Monday,Normal Weekday,2022-23,34190
2023-02-21,Sandringham,Tuesday,Normal Weekday,2022-23,41040
2023-02-22,Sandringham,Wednesday,Normal Weekday,2022-23,42770
2023-02-23,Sandringham,Thursday,Normal Weekday,2022-23,43740
2023-02-24,Sandringham,Friday,Normal Weekday,2022-23,39680
2023-02-25,Sandringham,Saturday,Saturday,2022-23,25390
2023-02-26,Sandringham,Sunday,Sunday,2022-23,17060
2023-02-27,Sandringham,Monday,Normal Weekday,2022-23,34030
2023-02-28,Sandringham,Tuesday,Normal Weekday,2022-23,43030
2023-03-01,Sandringham,Wednesday,Normal Weekday,2022-23,41470
2023-03-02,Sandringham,Thursday,Normal Weekday,2022-23,48750
2023-03-03,Sandringham,Friday,Normal Weekday,2022-23,49770
2023-03-04,Sandringham,Saturday,Saturday,2022-23,27650
2023-03-05,Sandringham,Sunday,Sunday,2022-23,20920
2023-03-06,Sandringham,Monday,Normal Weekday,2022-23,36500
2023-03-07,Sandringham,Tuesday,Normal Weekday,2022-23,42130
2023-03-08,Sandringham,Wednesday,Normal Weekday,2022-23,44310
2023-03-09,Sandringham,Thursday,Normal Weekday,2022-23,41730
2023-03-10,Sandringham,Friday,Normal Weekday,2022-23,38180
2023-03-11,Sandringham,Saturday,Saturday,2022-23,27780
2023-03-12,Sandringham,Sunday,Sunday,2022-23,22330
2023-03-13,Sandringham,Monday,Public Holiday,2022-23,20130
2023-03-14,Sandringham,Tuesday,Normal Weekday,2022-23,40500
2023-03-15,Sandringham,Wednesday,Normal Weekday,2022-23,42660
2023-03-16,Sandringham,Thursday,Normal Weekday,2022-23,53260
2023-03-17,Sandringham,Friday,Normal Weekday,2022-23,49620
2023-03-18,Sandringham,Saturday,Saturday,2022-23,29350
2023-03-19,Sandringham,Sunday,Sunday,2022-23,28050
2023-03-20,Sandringham,Monday,Normal Weekday,2022-23,35610
2023-03-21,Sandringham,Tuesday,Normal Weekday,2022-23,40820
2023-03-22,Sandringham,Wednesday,Normal Weekday,2022-23,42450
2023-03-23,Sandringham,Thursday,Normal Weekday,2022-23,48450
2023-03-24,Sandringham,Friday,Normal Weekday,2022-23,36090
2023-03-25,Sandringham,Saturday,Saturday,2022-23,31030
2023-03-26,Sandringham,Sunday,Sunday,2022-23,15660
2023-03-27,Sandringham,Monday,Normal Weekday,2022-23,33400
2023-03-28,Sandringham,Tuesday,Normal Weekday,2022-23,42370
2023-03-29,Sandringham,Wednesday,Normal Weekday,2022-23,42100
2023-03-30,Sandringham,Thursday,Normal Weekday,2022-23,45430
2023-03-31,Sandringham,Friday,Normal Weekday,2022-23,56840
2023-04-01,Sandringham,Saturday,Saturday,2022-23,54480
2023-04-02,Sandringham,Sunday,Sunday,2022-23,33110
2023-04-03,Sandringham,Monday,Normal Weekday,2022-23,37220
2023-04-04,Sandringham,Tuesday,Normal Weekday,2022-23,44870
2023-04-05,Sandringham,Wednesday,Normal Weekday,2022-23,42990
2023-04-06,Sandringham,Thursday,Normal Weekday,2022-23,42310
2023-04-07,Sandringham,Friday,Public Holiday,2022-23,16030
2023-04-08,Sandringham,Saturday,Public Holiday,2022-23,28240
2023-04-09,Sandringham,Sunday,Public Holiday,2022-23,13960
2023-04-10,Sandringham,Monday,Public Holiday,2022-23,19380
2023-04-11,Sandringham,Tuesday,School Holiday,2022-23,35940
2023-04-12,Sandringham,Wednesday,School Holiday,2022-23,36160
2023-04-13,Sandringham,Thursday,School Holiday,2022-23,38940
2023-04-14,Sandringham,Friday,School Holiday,2022-23,35990
2023-04-15,Sandringham,Saturday,Saturday,2022-23,20740
2023-04-16,Sandringham,Sunday,Sunday,2022-23,13220
2023-04-17,Sandringham,Monday,School Holiday,2022-23,32860
2023-04-18,Sandringham,Tuesday,School Holiday,2022-23,41730
2023-04-19,Sandringham,Wednesday,School Holiday,2022-23,39850
2023-04-20,Sandringham,Thursday,School Holiday,2022-23,41630
2023-04-21,Sandringham,Friday,School Holiday,2022-23,39540
2023-04-22,Sandringham,Saturday,Saturday,2022-23,26220
2023-04-23,Sandringham,Sunday,Sunday,2022-23,21280
2023-04-24,Sandringham,Monday,Normal Weekday,2022-23,41240
2023-04-25,Sandringham,Tuesday,Public Holiday,2022-23,31380
2023-04-26,Sandringham,Wednesday,Normal Weekday,2022-23,41160
2023-04-27,Sandringham,Thursday,Normal Weekday,2022-23,42590
2023-04-28,Sandringham,Friday,Normal Weekday,2022-23,38300
2023-04-29,Sandringham,Saturday,Saturday,2022-23,29630
2023-04-30,Sandringham,Sunday,Sunday,2022-23,23920
2023-05-01,Sandringham,Monday,Normal Weekday,2022-23,33150
2023-05-02,Sandringham,Tuesday,Normal Weekday,2022-23,39150
2023-05-03,Sandringham,Wednesday,Normal Weekday,2022-23,38450
2023-05-04,Sandringham,Thursday,Normal Weekday,2022-23,42360
2023-05-05,Sandringham,Friday,Normal Weekday,2022-23,42890
2023-05-06,Sandringham,Saturday,Saturday,2022-23,40070
2023-05-07,Sandringham,Sunday,Sunday,2022-23,44850
2023-05-08,Sandringham,Monday,Normal Weekday,2022-23,32600
2023-05-09,Sandringham,Tuesday,Normal Weekday,2022-23,39280
2023-05-10,Sandringham,Wednesday,Normal Weekday,2022-23,40930
2023-05-11,Sandringham,Thursday,Normal Weekday,2022-23,43710
2023-05-12,Sandringham,Friday,Normal Weekday,2022-23,42970
2023-05-13,Sandringham,Saturday,Saturday,2022-23,31620
2023-05-14,Sandringham,Sunday,Sunday,2022-23,21360
2023-05-15,Sandringham,Monday,Normal Weekday,2022-23,33230
2023-05-16,Sandringham,Tuesday,Normal Weekday,2022-23,38860
2023-05-17,Sandringham,Wednesday,Normal Weekday,2022-23,40460
2023-05-18,Sandringham,Thursday,Normal Weekday,2022-23,40700
2023-05-19,Sandringham,Friday,Normal Weekday,2022-23,36860
2023-05-20,Sandringham,Saturday,Saturday,2022-23,33760
2023-05-21,Sandringham,Sunday,Sunday,2022-23,25010
2023-05-22,Sandringham,Monday,Normal Weekday,2022-23,34250
2023-05-23,Sandringham,Tuesday,Normal Weekday,2022-23,40420
2023-05-24,Sandringham,Wednesday,Normal Weekday,2022-23,40670
2023-05-25,Sandringham,Thursday,Normal Weekday,2022-23,39130
2023-05-26,Sandringham,Friday,Normal Weekday,2022-23,37240
2023-05-27,Sandringham,Saturday,Saturday,2022-23,36320
2023-05-28,Sandringham,Sunday,Sunday,2022-23,21990
2023-05-29,Sandringham,Monday,Normal Weekday,2022-23,29810
2023-06-05,Sandringham,Monday,Normal Weekday,2022-23,37760
2023-06-06,Sandringham,Tuesday,Normal Weekday,2022-23,45760
2023-06-07,Sandringham,Wednesday,Normal Weekday,2022-23,44360
2023-06-08,Sandringham,Thursday,Normal Weekday,2022-23,47120
2023-06-09,Sandringham,Friday,Normal Weekday,2022-23,39140
2023-06-12,Sandringham,Monday,Public Holiday,2022-23,31180
2023-06-13,Sandringham,Tuesday,Normal Weekday,2022-23,35700
2023-06-14,Sandringham,Wednesday,Normal Weekday,2022-23,45880
2023-06-15,Sandringham,Thursday,Normal Weekday,2022-23,46070
2023-06-16,Sandringham,Friday,Normal Weekday,2022-23,40540
2023-06-17,Sandringham,Saturday,Saturday,2022-23,52480
2023-06-18,Sandringham,Sunday,Sunday,2022-23,27810
2023-06-19,Sandringham,Monday,Normal Weekday,2022-23,39020
2023-06-20,Sandringham,Tuesday,Normal Weekday,2022-23,49320
2023-06-21,Sandringham,Wednesday,Normal Weekday,2022-23,49220
2023-06-22,Sandringham,Thursday,Normal Weekday,2022-23,49470
2023-06-23,Sandringham,Friday,Normal Weekday,2022-23,47860
2023-06-24,Sandringham,Saturday,Saturday,2022-23,34380
2023-06-25,Sandringham,Sunday,Sunday,2022-23,29660
2023-06-26,Sandringham,Monday,School Holiday,2022-23,37810
2023-06-27,Sandringham,Tuesday,School Holiday,2022-23,46150
2023-06-28,Sandringham,Wednesday,School Holiday,2022-23,45700
2023-06-29,Sandringham,Thursday,School Holiday,2022-23,47170
2023-06-30,Sandringham,Friday,School Holiday,2022-23,44150
2023-07-01,Sandringham,Saturday,Saturday,2023-24,42550
2023-07-02,Sandringham,Sunday,Sunday,2023-24,34950
2023-07-03,Sandringham,Monday,School Holiday,2023-24,37190
2023-07-04,Sandringham,Tuesday,School Holiday,2023-24,43220
2023-07-05,Sandringham,Wednesday,School Holiday,2023-24,45560
2023-07-06,Sandringham,Thursday,School Holiday,2023-24,51750
2023-07-07,Sandringham,Friday,School Holiday,2023-24,46560
2023-07-08,Sandringham,Saturday,Saturday,2023-24,41560
2023-07-09,Sandringham,Sunday,Sunday,2023-24,25180
2023-07-10,Sandringham,Monday,Normal Weekday,2023-24,38800
2023-07-11,Sandringham,Tuesday,Normal Weekday,2023-24,47560
2023-07-12,Sandringham,Wednesday,Normal Weekday,2023-24,48600
2023-07-13,Sandringham,Thursday,Normal Weekday,2023-24,49880
2023-07-14,Sandringham,Friday,Normal Weekday,2023-24,54770
2023-07-15,Sandringham,Saturday,Saturday,2023-24,55170
2023-07-16,Sandringham,Sunday,Sunday,2023-24,31210
2023-07-17,Sandringham,Monday,Normal Weekday,2023-24,43360
2023-07-18,Sandringham,Tuesday,Normal Weekday,2023-24,50240
2023-07-19,Sandringham,Wednesday,Normal Weekday,2023-24,51430
2023-07-20,Sandringham,Thursday,Normal Weekday,2023-24,49900
2023-07-21,Sandringham,Friday,Normal Weekday,2023-24,52670
2023-07-22,Sandringham,Saturday,Saturday,2023-24,56290
2023-07-23,Sandringham,Sunday,Sunday,2023-24,31390
2023-07-24,Sandringham,Monday,Normal Weekday,2023-24,43700
2023-07-25,Sandringham,Tuesday,Normal Weekday,2023-24,48960
2023-07-26,Sandringham,Wednesday,Normal Weekday,2023-24,48220
2023-07-27,Sandringham,Thursday,Normal Weekday,2023-24,50040
2023-07-28,Sandringham,Friday,Normal Weekday,2023-24,53400
2023-07-29,Sandringham,Saturday,Saturday,2023-24,52190
2023-07-30,Sandringham,Sunday,Sunday,2023-24,31710
2023-07-31,Sandringham,Monday,Normal Weekday,2023-24,39110
2023-08-01,Sandringham,Tuesday,Normal Weekday,2023-24,40700
2023-08-02,Sandringham,Wednesday,Normal Weekday,2023-24,44160
2023-08-03,Sandringham,Thursday,Normal Weekday,2023-24,40680
2023-08-04,Sandringham,Friday,Normal Weekday,2023-24,37150
2023-08-05,Sandringham,Saturday,Saturday,2023-24,3920
2023-08-06,Sandringham,Sunday,Sunday,2023-24,4020
2023-08-07,Sandringham,Monday,Normal Weekday,2023-24,32980
2023-08-08,Sandringham,Tuesday,Normal Weekday,2023-24,42930
2023-08-09,Sandringham,Wednesday,Normal Weekday,2023-24,40100
2023-08-10,Sandringham,Thursday,Normal Weekday,2023-24,39690
2023-08-11,Sandringham,Friday,Normal Weekday,2023-24,42260
2023-08-12,Sandringham,Saturday,Saturday,2023-24,35310
2023-08-13,Sandringham,Sunday,Sunday,2023-24,18670
2023-08-14,Sandringham,Monday,Normal Weekday,2023-24,33440
2023-08-15,Sandringham,Tuesday,Normal Weekday,2023-24,39330
2023-08-16,Sandringham,Wednesday,Normal Weekday,2023-24,44170
2023-08-17,Sandringham,Thursday,Normal Weekday,2023-24,38070
2023-08-18,Sandringham,Friday,Normal Weekday,2023-24,36790
2023-08-19,Sandringham,Saturday,Saturday,2023-24,33420
2023-08-20,Sandringham,Sunday,Sunday,2023-24,22980
2023-08-21,Sandringham,Monday,Normal Weekday,2023-24,33170
2023-08-22,Sandringham,Tuesday,Normal Weekday,2023-24,38420
2023-08-23,Sandringham,Wednesday,Normal Weekday,2023-24,40040
2023-08-24,Sandringham,Thursday,Normal Weekday,2023-24,40820
2023-08-25,Sandringham,Friday,Normal Weekday,2023-24,43350
2023-08-26,Sandringham,Saturday,Saturday,2023-24,28300
2023-08-27,Sandringham,Sunday,Sunday,2023-24,18120
2023-08-28,Sandringham,Monday,Normal Weekday,2023-24,32900
2023-08-29,Sandringham,Tuesday,Normal Weekday,2023-24,37890
2023-08-30,Sandringham,Wednesday,Normal Weekday,2023-24,37630
2023-08-31,Sandringham,Thursday,Normal Weekday,2023-24,38530
2023-09-01,Sandringham,Friday,Normal Weekday,2023-24,36280
2023-09-02,Sandringham,Saturday,Saturday,2023-24,43480
2023-09-03,Sandringham,Sunday,Sunday,2023-24,25670
2023-09-04,Sandringham,Monday,Normal Weekday,2023-24,31990
2023-09-05,Sandringham,Tuesday,Normal Weekday,2023-24,37880
2023-09-06,Sandringham,Wednesday,Normal Weekday,2023-24,38350
2023-09-07,Sandringham,Thursday,Normal Weekday,2023-24,50280
2023-09-08,Sandringham,Friday,Normal Weekday,2023-24,37000
2023-09-09,Sandringham,Saturday,Saturday,2023-24,39080
2023-09-10,Sandringham,Sunday,Sunday,2023-24,13750
2023-09-11,Sandringham,Monday,Normal Weekday,2023-24,31460
2023-09-12,Sandringham,Tuesday,Normal Weekday,2023-24,36130
2023-09-13,Sandringham,Wednesday,Normal Weekday,2023-24,35720
2023-09-14,Sandringham,Thursday,Normal Weekday,2023-24,40100
2023-09-15,Sandringham,Friday,Normal Weekday,2023-24,50490
2023-09-16,Sandringham,Saturday,Saturday,2023-24,26410
2023-09-17,Sandringham,Sunday,Sunday,2023-24,15540
2023-09-25,Sandringham,Monday,School Holiday,2023-24,22330
2023-09-26,Sandringham,Tuesday,School Holiday,2023-24,36430
2023-09-27,Sandringham,Wednesday,School Holiday,2023-24,36600
2023-09-28,Sandringham,Thursday,School Holiday,2023-24,41280
2023-09-29,Sandringham,Friday,Public Holiday,2023-24,27550
2023-09-30,Sandringham,Saturday,Saturday,2023-24,37350
2023-10-01,Sandringham,Sunday,Sunday,2023-24,11990
2023-10-02,Sandringham,Monday,Normal Weekday,2023-24,32410
2023-10-03,Sandringham,Tuesday,Normal Weekday,2023-24,35990
2023-10-04,Sandringham,Wednesday,Normal Weekday,2023-24,37010
2023-10-05,Sandringham,Thursday,Normal Weekday,2023-24,39480
2023-10-06,Sandringham,Friday,Normal Weekday,2023-24,35830
2023-10-07,Sandringham,Saturday,Saturday,2023-24,25520
2023-10-08,Sandringham,Sunday,Sunday,2023-24,15290
2023-10-09,Sandringham,Monday,Normal Weekday,2023-24,32470
2023-10-10,Sandringham,Tuesday,Normal Weekday,2023-24,39310
2023-10-11,Sandringham,Wednesday,Normal Weekday,2023-24,41070
2023-10-12,Sandringham,Thursday,Normal Weekday,2023-24,38020
2023-10-13,Sandringham,Friday,Normal Weekday,2023-24,38520
2023-10-14,Sandringham,Saturday,Saturday,2023-24,24020
2023-10-15,Sandringham,Sunday,Sunday,2023-24,19840
2023-10-16,Sandringham,Monday,Normal Weekday,2023-24,32250
2023-10-17,Sandringham,Tuesday,Normal Weekday,2023-24,39220
2023-10-18,Sandringham,Wednesday,Normal Weekday,2023-24,40950
2023-10-19,Sandringham,Thursday,Normal Weekday,2023-24,42610
2023-10-20,Sandringham,Friday,Normal Weekday,2023-24,37120
2023-10-21,Sandringham,Saturday,Saturday,2023-24,29810
2023-10-22,Sandringham,Sunday,Sunday,2023-24,13300
2023-10-23,Sandringham,Monday,Normal Weekday,2023-24,32730
2023-10-24,Sandringham,Tuesday,Normal Weekday,2023-24,39650
2023-10-25,Sandringham,Wednesday,Normal Weekday,2023-24,39180
2023-10-26,Sandringham,Thursday,Normal Weekday,2023-24,39610
2023-10-27,Sandringham,Friday,Normal Weekday,2023-24,37310
2023-10-28,Sandringham,Saturday,Saturday,2023-24,25680
2023-10-29,Sandringham,Sunday,Sunday,2023-24,20280
2023-10-30,Sandringham,Monday,Normal Weekday,2023-24,33010
2023-10-31,Sandringham,Tuesday,Normal Weekday,2023-24,40620
2023-11-01,Sandringham,Wednesday,Normal Weekday,2023-24,40420
2023-11-02,Sandringham,Thursday,Normal Weekday,2023-24,44540
2023-11-03,Sandringham,Friday,Normal Weekday,2023-24,37860
2023-11-04,Sandringham,Saturday,Saturday,2023-24,27500
2023-11-05,Sandringham,Sunday,Sunday,2023-24,16360
2023-11-06,Sandringham,Monday,Normal Weekday,2023-24,28760
2023-11-07,Sandringham,Tuesday,Public Holiday,2023-24,19540
2023-11-08,Sandringham,Wednesday,Normal Weekday,2023-24,30940
2023-11-09,Sandringham,Thursday,Normal Weekday,2023-24,43210
2023-11-10,Sandringham,Friday,Normal Weekday,2023-24,42180
2023-11-11,Sandringham,Saturday,Saturday,2023-24,26210
2023-11-12,Sandringham,Sunday,Sunday,2023-24,17880
2023-11-13,Sandringham,Monday,Normal Weekday,2023-24,34930
2023-11-14,Sandringham,Tuesday,Normal Weekday,2023-24,42340
2023-11-15,Sandringham,Wednesday,Normal Weekday,2023-24,42690
2023-11-16,Sandringham,Thursday,Normal Weekday,2023-24,44470
2023-11-17,Sandringham,Friday,Normal Weekday,2023-24,34680
2023-11-18,Sandringham,Saturday,Saturday,2023-24,4410
2023-11-19,Sandringham,Sunday,Sunday,2023-24,2960
2023-11-20,Sandringham,Monday,Normal Weekday,2023-24,33400
2023-11-21,Sandringham,Tuesday,Normal Weekday,2023-24,40530
2023-11-22,Sandringham,Wednesday,Normal Weekday,2023-24,43920
2023-11-23,Sandringham,Thursday,Normal Weekday,2023-24,46740
2023-11-24,Sandringham,Friday,Normal Weekday,2023-24,41290
2023-11-25,Sandringham,Saturday,Saturday,2023-24,26760
2023-11-26,Sandringham,Sunday,Sunday,2023-24,16840
2023-11-27,Sandringham,Monday,Normal Weekday,2023-24,35070
2023-11-28,Sandringham,Tuesday,Normal Weekday,2023-24,42450
2023-11-29,Sandringham,Wednesday,Normal Weekday,2023-24,39270
2023-11-30,Sandringham,Thursday,Normal Weekday,2023-24,44020
2023-12-01,Sandringham,Friday,Normal Weekday,2023-24,41330
2023-12-02,Sandringham,Saturday,Saturday,2023-24,34250
2023-12-03,Sandringham,Sunday,Sunday,2023-24,28610
2023-12-04,Sandringham,Monday,Normal Weekday,2023-24,39920
2023-12-05,Sandringham,Tuesday,Normal Weekday,2023-24,43010
2023-12-06,Sandringham,Wednesday,Normal Weekday,2023-24,49450
2023-12-07,Sandringham,Thursday,Normal Weekday,2023-24,46460
2023-12-08,Sandringham,Friday,Normal Weekday,2023-24,43890
2023-12-09,Sandringham,Saturday,Saturday,2023-24,23360
2023-12-10,Sandringham,Sunday,Sunday,2023-24,18170
2023-12-11,Sandringham,Monday,Normal Weekday,2023-24,31320
2023-12-12,Sandringham,Tuesday,Normal Weekday,2023-24,43340
2023-12-13,Sandringham,Wednesday,Normal Weekday,2023-24,43030
2023-12-14,Sandringham,Thursday,Normal Weekday,2023-24,46010
2023-12-15,Sandringham,Friday,Normal Weekday,2023-24,45390
2023-12-16,Sandringham,Saturday,Saturday,2023-24,31660
2023-12-17,Sandringham,Sunday,Sunday,2023-24,22380
2023-12-18,Sandringham,Monday,Normal Weekday,2023-24,33550
2023-12-19,Sandringham,Tuesday,Normal Weekday,2023-24,38870
2023-12-20,Sandringham,Wednesday,Normal Weekday,2023-24,41200
2023-12-21,Sandringham,Thursday,School Holiday,2023-24,41220
2023-12-22,Sandringham,Friday,School Holiday,2023-24,35340
2023-12-23,Sandringham,Saturday,Saturday,2023-24,27190
2023-12-24,Sandringham,Sunday,Sunday,2023-24,14160
2023-12-25,Sandringham,Monday,Public Holiday,2023-24,2660
2023-12-26,Sandringham,Tuesday,Public Holiday,2023-24,19040
2023-12-27,Sandringham,Wednesday,School Holiday,2023-24,25100
2023-12-28,Sandringham,Thursday,School Holiday,2023-24,24820
2023-12-29,Sandringham,Friday,School Holiday,2023-24,25650
2023-12-30,Sandringham,Saturday,Saturday,2023-24,19070
2023-12-31,Sandringham,Sunday,Sunday,2023-24,19580
2024-01-01,Sandringham,Monday,Public Holiday,2023-24,13100
2024-01-02,Sandringham,Tuesday,School Holiday,2023-24,19190
2024-01-03,Sandringham,Wednesday,School Holiday,2023-24,21440
2024-01-04,Sandringham,Thursday,School Holiday,2023-24,26080
2024-01-05,Sandringham,Friday,School Holiday,2023-24,26950
2024-01-06,Sandringham,Saturday,Saturday,2023-24,27050
2024-01-07,Sandringham,Sunday,Sunday,2023-24,12540
2024-01-08,Sandringham,Monday,School Holiday,2023-24,8820
2024-01-09,Sandringham,Tuesday,School Holiday,2023-24,35350
2024-01-10,Sandringham,Wednesday,School Holiday,2023-24,36690
2024-01-11,Sandringham,Thursday,School Holiday,2023-24,36390
2024-01-12,Sandringham,Friday,School Holiday,2023-24,33410
2024-01-13,Sandringham,Saturday,Saturday,2023-24,23430
2024-01-14,Sandringham,Sunday,Sunday,2023-24,24020
2024-01-15,Sandringham,Monday,School Holiday,2023-24,41640
2024-01-16,Sandringham,Tuesday,School Holiday,2023-24,45570
2024-01-17,Sandringham,Wednesday,School Holiday,2023-24,39950
2024-01-18,Sandringham,Thursday,School Holiday,2023-24,46710
2024-01-19,Sandringham,Friday,School Holiday,2023-24,41350
2024-01-20,Sandringham,Saturday,Saturday,2023-24,31260
2024-01-21,Sandringham,Sunday,Sunday,2023-24,25190
2024-01-22,Sandringham,Monday,School Holiday,2023-24,37520
2024-01-23,Sandringham,Tuesday,School Holiday,2023-24,45840
2024-01-24,Sandringham,Wednesday,School Holiday,2023-24,43840
2024-01-25,Sandringham,Thursday,School Holiday,2023-24,40450
2024-01-26,Sandringham,Friday,Public Holiday,2023-24,26580
2024-01-27,Sandringham,Saturday,Saturday,2023-24,25490
2024-01-28,Sandringham,Sunday,Sunday,2023-24,20860
2024-01-29,Sandringham,Monday,School Holiday,2023-24,35890
2024-01-30,Sandringham,Tuesday,Normal Weekday,2023-24,41520
2024-01-31,Sandringham,Wednesday,Normal Weekday,2023-24,40250
2024-02-01,Sandringham,Thursday,Normal Weekday,2023-24,41770
2024-02-02,Sandringham,Friday,Normal Weekday,2023-24,39450
2024-02-03,Sandringham,Saturday,Saturday,2023-24,27490
2024-02-04,Sandringham,Sunday,Sunday,2023-24,20900
2024-02-05,Sandringham,Monday,Normal Weekday,2023-24,35040
2024-02-06,Sandringham,Tuesday,Normal Weekday,2023-24,43690
2024-02-07,Sandringham,Wednesday,Normal Weekday,2023-24,42880
2024-02-08,Sandringham,Thursday,Normal Weekday,2023-24,43880
2024-02-09,Sandringham,Friday,Normal Weekday,2023-24,40420
2024-02-10,Sandringham,Saturday,Saturday,2023-24,30720
2024-02-11,Sandringham,Sunday,Sunday,2023-24,22580
2024-02-12,Sandringham,Monday,Normal Weekday,2023-24,37040
2024-02-13,Sandringham,Tuesday,Normal Weekday,2023-24,42150
2024-02-14,Sandringham,Wednesday,Normal Weekday,2023-24,46690
2024-02-15,Sandringham,Thursday,Normal Weekday,2023-24,47370
2024-02-16,Sandringham,Friday,Normal Weekday,2023-24,52400
2024-02-17,Sandringham,Saturday,Saturday,2023-24,43510
2024-02-18,Sandringham,Sunday,Sunday,2023-24,37180
2024-02-19,Sandringham,Monday,Normal Weekday,2023-24,39410
2024-02-20,Sandringham,Tuesday,Normal Weekday,2023-24,47690
2024-02-21,Sandringham,Wednesday,Normal Weekday,2023-24,47000
2024-02-22,Sandringham,Thursday,Normal Weekday,2023-24,43090
2024-02-23,Sandringham,Friday,Normal Weekday,2023-24,42420
2024-02-24,Sandringham,Saturday,Saturday,2023-24,29470
2024-02-25,Sandringham,Sunday,Sunday,2023-24,20820
2024-02-26,Sandringham,Monday,Normal Weekday,2023-24,38210
2024-02-27,Sandringham,Tuesday,Normal Weekday,2023-24,46790
2024-02-28,Sandringham,Wednesday,Normal Weekday,2023-24,45840
2024-02-29,Sandringham,Thursday,Normal Weekday,2023-24,47400
2024-03-01,Sandringham,Friday,Normal Weekday,2023-24,42570
2024-03-02,Sandringham,Saturday,Saturday,2023-24,27280
2024-03-03,Sandringham,Sunday,Sunday,2023-24,18940
2024-03-04,Sandringham,Monday,Normal Weekday,2023-24,38980
2024-03-05,Sandringham,Tuesday,Normal Weekday,2023-24,48560
2024-03-06,Sandringham,Wednesday,Normal Weekday,2023-24,47190
2024-03-07,Sandringham,Thursday,Normal Weekday,2023-24,47270
2024-03-08,Sandringham,Friday,Normal Weekday,2023-24,41670
2024-03-09,Sandringham,Saturday,Saturday,2023-24,26100
2024-03-10,Sandringham,Sunday,Sunday,2023-24,19630
2024-03-11,Sandringham,Monday,Public Holiday,2023-24,17300
2024-03-12,Sandringham,Tuesday,Normal Weekday,2023-24,45020
2024-03-13,Sandringham,Wednesday,Normal Weekday,2023-24,46120
2024-03-14,Sandringham,Thursday,Normal Weekday,2023-24,55960
2024-03-15,Sandringham,Friday,Normal Weekday,2023-24,49710
2024-03-18,Sandringham,Monday,Normal Weekday,2023-24,38170
2024-03-19,Sandringham,Tuesday,Normal Weekday,2023-24,43380
2024-03-20,Sandringham,Wednesday,Normal Weekday,2023-24,43390
2024-03-21,Sandringham,Thursday,Normal Weekday,2023-24,57410
2024-03-22,Sandringham,Friday,Normal Weekday,2023-24,47530
2024-03-23,Sandringham,Saturday,Saturday,2023-24,40280
2024-03-24,Sandringham,Sunday,Sunday,2023-24,27240
2024-03-25,Sandringham,Monday,Normal Weekday,2023-24,38460
2024-03-26,Sandringham,Tuesday,Normal Weekday,2023-24,44870
2024-03-27,Sandringham,Wednesday,Normal Weekday,2023-24,44010
2024-03-28,Sandringham,Thursday,Normal Weekday,2023-24,44450
2024-03-29,Sandringham,Friday,Public Holiday,2023-24,19560
2024-03-30,Sandringham,Saturday,Public Holiday,2023-24,25060
2024-03-31,Sandringham,Sunday,Public Holiday,2023-24,22510
2024-04-01,Sandringham,Monday,Public Holiday,2023-24,18240
2024-04-02,Sandringham,Tuesday,School Holiday,2023-24,33130
2024-04-03,Sandringham,Wednesday,School Holiday,2023-24,36670
2024-04-04,Sandringham,Thursday,School Holiday,2023-24,42630
2024-04-05,Sandringham,Friday,School Holiday,2023-24,35800
2024-04-06,Sandringham,Saturday,Saturday,2023-24,23830
2024-04-07,Sandringham,Sunday,Sunday,2023-24,11900
2024-04-08,Sandringham,Monday,School Holiday,2023-24,34010
2024-04-09,Sandringham,Tuesday,School Holiday,2023-24,40410
2024-04-10,Sandringham,Wednesday,School Holiday,2023-24,41870
2024-04-11,Sandringham,Thursday,School Holiday,2023-24,50090
2024-04-12,Sandringham,Friday,School Holiday,2023-24,43690
2024-04-13,Sandringham,Saturday,Saturday,2023-24,33310
2024-04-14,Sandringham,Sunday,Sunday,2023-24,18850
2024-04-15,Sandringham,Monday,Normal Weekday,2023-24,37430
2024-04-16,Sandringham,Tuesday,Normal Weekday,2023-24,48570
2024-04-17,Sandringham,Wednesday,Normal Weekday,2023-24,47800
2024-04-18,Sandringham,Thursday,Normal Weekday,2023-24,50780
2024-04-19,Sandringham,Friday,Normal Weekday,2023-24,42810
2024-04-20,Sandringham,Saturday,Saturday,2023-24,38340
2024-04-21,Sandringham,Sunday,Sunday,2023-24,19910
2024-04-22,Sandringham,Monday,Normal Weekday,2023-24,38910
2024-04-23,Sandringham,Tuesday,Normal Weekday,2023-24,45650
2024-04-24,Sandringham,Wednesday,Normal Weekday,2023-24,54030
2024-04-25,Sandringham,Thursday,Public Holiday,2023-24,28150
2024-04-26,Sandringham,Friday,Normal Weekday,2023-24,33830
2024-04-27,Sandringham,Saturday,Saturday,2023-24,32890
2024-04-28,Sandringham,Sunday,Sunday,2023-24,21940
2024-04-29,Sandringham,Monday,Normal Weekday,2023-24,36240
2024-04-30,Sandringham,Tuesday,Normal Weekday,2023-24,43160
2024-05-01,Sandringham,Wednesday,Normal Weekday,2023-24,42800
2024-05-02,Sandringham,Thursday,Normal Weekday,2023-24,44710
2024-05-03,Sandringham,Friday,Normal Weekday,2023-24,50750
2024-05-04,Sandringham,Saturday,Saturday,2023-24,36750
2024-05-05,Sandringham,Sunday,Sunday,2023-24,22480
2024-05-06,Sandringham,Monday,Normal Weekday,2023-24,37270
2024-05-07,Sandringham,Tuesday,Normal Weekday,2023-24,45700
2024-05-08,Sandringham,Wednesday,Normal Weekday,2023-24,45030
2024-05-09,Sandringham,Thursday,Normal Weekday,2023-24,52530
2024-05-10,Sandringham,Friday,Normal Weekday,2023-24,39540
2024-05-11,Sandringham,Saturday,Saturday,2023-24,34410
2024-05-12,Sandringham,Sunday,Sunday,2023-24,30870
2024-05-13,Sandringham,Monday,Normal Weekday,2023-24,37220
2024-05-14,Sandringham,Tuesday,Normal Weekday,2023-24,44580
2024-05-15,Sandringham,Wednesday,Normal Weekday,2023-24,45560
2024-05-16,Sandringham,Thursday,Normal Weekday,2023-24,44600
2024-05-17,Sandringham,Friday,Normal Weekday,2023-24,40450
2024-05-18,Sandringham,Saturday,Saturday,2023-24,31880
2024-05-19,Sandringham,Sunday,Sunday,2023-24,17720
2024-05-20,Sandringham,Monday,Normal Weekday,2023-24,33760
2024-05-21,Sandringham,Tuesday,Normal Weekday,2023-24,41340
2024-05-22,Sandringham,Wednesday,Normal Weekday,2023-24,48500
2024-05-23,Sandringham,Thursday,Normal Weekday,2023-24,44000
2024-05-24,Sandringham,Friday,Normal Weekday,2023-24,41290
2024-05-25,Sandringham,Saturday,Saturday,2023-24,33420
2024-05-26,Sandringham,Sunday,Sunday,2023-24,24590
2024-05-27,Sandringham,Monday,Normal Weekday,2023-24,35260
2024-05-28,Sandringham,Tuesday,Normal Weekday,2023-24,41600
2024-05-29,Sandringham,Wednesday,Normal Weekday,2023-24,40980
2024-05-30,Sandringham,Thursday,Normal Weekday,2023-24,40860
2024-05-31,Sandringham,Friday,Normal Weekday,2023-24,39420
2024-06-01,Sandringham,Saturday,Saturday,2023-24,24950
2024-06-02,Sandringham,Sunday,Sunday,2023-24,14080
2024-06-03,Sandringham,Monday,Normal Weekday,2023-24,33680
2024-06-04,Sandringham,Tuesday,Normal Weekday,2023-24,39220
2024-06-05,Sandringham,Wednesday,Normal Weekday,2023-24,39050
2024-06-06,Sandringham,Thursday,Normal Weekday,2023-24,38330
2024-06-07,Sandringham,Friday,Normal Weekday,2023-24,36650
2024-06-08,Sandringham,Saturday,Saturday,2023-24,21750
2024-06-09,Sandringham,Sunday,Sunday,2023-24,25190
2024-06-10,Sandringham,Monday,Public Holiday,2023-24,24280
2024-06-11,Sandringham,Tuesday,Normal Weekday,2023-24,37010
2024-06-12,Sandringham,Wednesday,Normal Weekday,2023-24,39080
2024-06-13,Sandringham,Thursday,Normal Weekday,2023-24,38920
2024-06-14,Sandringham,Friday,Normal Weekday,2023-24,36530
2024-06-15,Sandringham,Saturday,Saturday,2023-24,38700
2024-06-16,Sandringham,Sunday,Sunday,2023-24,18810
2024-06-17,Sandringham,Monday,Normal Weekday,2023-24,34790
2024-06-18,Sandringham,Tuesday,Normal Weekday,2023-24,41160
2024-06-19,Sandringham,Wednesday,Normal Weekday,2023-24,39430
2024-06-20,Sandringham,Thursday,Normal Weekday,2023-24,40220
2024-06-21,Sandringham,Friday,Normal Weekday,2023-24,42610
2024-06-22,Sandringham,Saturday,Saturday,2023-24,28290
2024-06-23,Sandringham,Sunday,Sunday,2023-24,20100
2024-06-24,Sandringham,Monday,Normal Weekday,2023-24,31570
2024-06-25,Sandringham,Tuesday,Normal Weekday,2023-24,37720
2024-06-26,Sandringham,Wednesday,Normal Weekday,2023-24,44730
2024-06-27,Sandringham,Thursday,Normal Weekday,2023-24,39060
2024-06-28,Sandringham,Friday,Normal Weekday,2023-24,34790
2024-06-29,Sandringham,Saturday,Saturday,2023-24,23830
2024-06-30,Sandringham,Sunday,Sunday,2023-24,22640
2018-07-01,Williamstown,Sunday,Sunday,2018-19,1030
2018-07-02,Williamstown,Monday,School Holiday,2018-19,19990
2018-07-03,Williamstown,Tuesday,School Holiday,2018-19,20130
2018-07-04,Williamstown,Wednesday,School Holiday,2018-19,21420
2018-07-05,Williamstown,Thursday,School Holiday,2018-19,21080
2018-07-06,Williamstown,Friday,School Holiday,2018-19,21590
2018-07-07,Williamstown,Saturday,Saturday,2018-19,1240
2018-07-08,Williamstown,Sunday,Sunday,2018-19,1040
2018-07-09,Williamstown,Monday,School Holiday,2018-19,20590
2018-07-10,Williamstown,Tuesday,School Holiday,2018-19,22370
2018-07-11,Williamstown,Wednesday,School Holiday,2018-19,21650
2018-07-12,Williamstown,Thursday,School Holiday,2018-19,20810
2018-07-13,Williamstown,Friday,School Holiday,2018-19,21650
2018-07-14,Williamstown,Saturday,Saturday,2018-19,1790
2018-07-15,Williamstown,Sunday,Sunday,2018-19,730
2018-07-16,Williamstown,Monday,Normal Weekday,2018-19,20630
2018-07-17,Williamstown,Tuesday,Normal Weekday,2018-19,21920
2018-07-18,Williamstown,Wednesday,Normal Weekday,2018-19,23310
2018-07-19,Williamstown,Thursday,Normal Weekday,2018-19,21830
2018-07-20,Williamstown,Friday,Normal Weekday,2018-19,23040
2018-07-21,Williamstown,Saturday,Saturday,2018-19,1840
2018-07-22,Williamstown,Sunday,Sunday,2018-19,1230
2018-07-23,Williamstown,Monday,Normal Weekday,2018-19,20220
2018-07-24,Williamstown,Tuesday,Normal Weekday,2018-19,21300
2018-07-25,Williamstown,Wednesday,Normal Weekday,2018-19,21910
2018-07-26,Williamstown,Thursday,Normal Weekday,2018-19,23020
2018-07-27,Williamstown,Friday,Normal Weekday,2018-19,25010
2018-07-28,Williamstown,Saturday,Saturday,2018-19,1670
2018-07-29,Williamstown,Sunday,Sunday,2018-19,1080
2018-07-30,Williamstown,Monday,Normal Weekday,2018-19,21150
2018-07-31,Williamstown,Tuesday,Normal Weekday,2018-19,22990
2018-08-01,Williamstown,Wednesday,Normal Weekday,2018-19,22430
2018-08-02,Williamstown,Thursday,Normal Weekday,2018-19,22650
2018-08-03,Williamstown,Friday,Normal Weekday,2018-19,21860
2018-08-04,Williamstown,Saturday,Saturday,2018-19,1510
2018-08-05,Williamstown,Sunday,Sunday,2018-19,1160
2018-08-06,Williamstown,Monday,Normal Weekday,2018-19,20460
2018-08-07,Williamstown,Tuesday,Normal Weekday,2018-19,22090
2018-08-08,Williamstown,Wednesday,Normal Weekday,2018-19,22190
2018-08-09,Williamstown,Thursday,Normal Weekday,2018-19,22630
2018-08-10,Williamstown,Friday,Normal Weekday,2018-19,21370
2018-08-11,Williamstown,Saturday,Saturday,2018-19,1270
2018-08-12,Williamstown,Sunday,Sunday,2018-19,1480
2018-08-13,Williamstown,Monday,Normal Weekday,2018-19,21600
2018-08-14,Williamstown,Tuesday,Normal Weekday,2018-19,21780
2018-08-15,Williamstown,Wednesday,Normal Weekday,2018-19,21540
2018-08-16,Williamstown,Thursday,Normal Weekday,2018-19,21580
2018-08-17,Williamstown,Friday,Normal Weekday,2018-19,23680
2018-08-18,Williamstown,Saturday,Saturday,2018-19,1310
2018-08-19,Williamstown,Sunday,Sunday,2018-19,970
2018-08-20,Williamstown,Monday,Normal Weekday,2018-19,19910
2018-08-21,Williamstown,Tuesday,Normal Weekday,2018-19,18470
2018-08-22,Williamstown,Wednesday,Normal Weekday,2018-19,22480
2018-08-23,Williamstown,Thursday,Normal Weekday,2018-19,22760
2018-08-24,Williamstown,Friday,Normal Weekday,2018-19,22520
2018-08-25,Williamstown,Saturday,Saturday,2018-19,1750
2018-08-26,Williamstown,Sunday,Sunday,2018-19,1240
2018-08-27,Williamstown,Monday,Normal Weekday,2018-19,21030
2018-08-28,Williamstown,Tuesday,Normal Weekday,2018-19,19670
2018-08-29,Williamstown,Wednesday,Normal Weekday,2018-19,21010
2018-08-30,Williamstown,Thursday,Normal Weekday,2018-19,20200
2018-08-31,Williamstown,Friday,Normal Weekday,2018-19,18710
2018-09-01,Williamstown,Saturday,Saturday,2018-19,1340
2018-09-02,Williamstown,Sunday,Sunday,2018-19,820
2018-09-03,Williamstown,Monday,Normal Weekday,2018-19,19080
2018-09-04,Williamstown,Tuesday,Normal Weekday,2018-19,20650
2018-09-05,Williamstown,Wednesday,Normal Weekday,2018-19,19580
2018-09-06,Williamstown,Thursday,Normal Weekday,2018-19,22140
2018-09-07,Williamstown,Friday,Normal Weekday,2018-19,21210
2018-09-08,Williamstown,Saturday,Saturday,2018-19,1500
2018-09-09,Williamstown,Sunday,Sunday,2018-19,970
2018-09-10,Williamstown,Monday,Normal Weekday,2018-19,20560
2018-09-11,Williamstown,Tuesday,Normal Weekday,2018-19,21550
2018-09-12,Williamstown,Wednesday,Normal Weekday,2018-19,20680
2018-09-13,Williamstown,Thursday,Normal Weekday,2018-19,21200
2018-09-14,Williamstown,Friday,Normal Weekday,2018-19,21850
2018-09-15,Williamstown,Saturday,Saturday,2018-19,1090
2018-09-16,Williamstown,Sunday,Sunday,2018-19,1000
2018-09-17,Williamstown,Monday,Normal Weekday,2018-19,19310
2018-09-18,Williamstown,Tuesday,Normal Weekday,2018-19,20930
2018-09-19,Williamstown,Wednesday,Normal Weekday,2018-19,20950
2018-09-20,Williamstown,Thursday,Normal Weekday,2018-19,20900
2018-09-21,Williamstown,Friday,Normal Weekday,2018-19,22270
2018-09-22,Williamstown,Saturday,Saturday,2018-19,1540
2018-09-24,Williamstown,Monday,School Holiday,2018-19,18820
2018-09-25,Williamstown,Tuesday,School Holiday,2018-19,20560
2018-09-26,Williamstown,Wednesday,School Holiday,2018-19,20390
2018-09-27,Williamstown,Thursday,School Holiday,2018-19,20640
2018-09-28,Williamstown,Friday,Public Holiday,2018-19,1070
2018-09-29,Williamstown,Saturday,Saturday,2018-19,1310
2018-09-30,Williamstown,Sunday,Sunday,2018-19,1050
2018-10-01,Williamstown,Monday,School Holiday,2018-19,19570
2018-10-02,Williamstown,Tuesday,School Holiday,2018-19,19380
2018-10-03,Williamstown,Wednesday,School Holiday,2018-19,21030
2018-10-04,Williamstown,Thursday,School Holiday,2018-19,21850
2018-10-05,Williamstown,Friday,School Holiday,2018-19,12190
2018-10-06,Williamstown,Saturday,Saturday,2018-19,2050
2018-10-07,Williamstown,Sunday,Sunday,2018-19,1240
2018-10-08,Williamstown,Monday,Normal Weekday,2018-19,21010
2018-10-09,Williamstown,Tuesday,Normal Weekday,2018-19,20060
2018-10-10,Williamstown,Wednesday,Normal Weekday,2018-19,21900
2018-10-11,Williamstown,Thursday,Normal Weekday,2018-19,22300
2018-10-12,Williamstown,Friday,Normal Weekday,2018-19,22970
2018-10-13,Williamstown,Saturday,Saturday,2018-19,2360
2018-10-14,Williamstown,Sunday,Sunday,2018-19,1710
2018-10-15,Williamstown,Monday,Normal Weekday,2018-19,21010
2018-10-16,Williamstown,Tuesday,Normal Weekday,2018-19,21440
2018-10-17,Williamstown,Wednesday,Normal Weekday,2018-19,21560
2018-10-18,Williamstown,Thursday,Normal Weekday,2018-19,21880
2018-10-19,Williamstown,Friday,Normal Weekday,2018-19,22430
2018-10-20,Williamstown,Saturday,Saturday,2018-19,1260
2018-10-21,Williamstown,Sunday,Sunday,2018-19,1300
2018-10-22,Williamstown,Monday,Normal Weekday,2018-19,20950
2018-10-23,Williamstown,Tuesday,Normal Weekday,2018-19,22810
2018-10-24,Williamstown,Wednesday,Normal Weekday,2018-19,21860
2018-10-25,Williamstown,Thursday,Normal Weekday,2018-19,23080
2018-10-26,Williamstown,Friday,Normal Weekday,2018-19,22460
2018-10-27,Williamstown,Saturday,Saturday,2018-19,1480
2018-10-28,Williamstown,Sunday,Sunday,2018-19,1350
2018-10-29,Williamstown,Monday,Normal Weekday,2018-19,20810
2018-10-30,Williamstown,Tuesday,Normal Weekday,2018-19,20950
2018-10-31,Williamstown,Wednesday,Normal Weekday,2018-19,20780
2018-11-01,Williamstown,Thursday,Normal Weekday,2018-19,21970
2018-11-02,Williamstown,Friday,Normal Weekday,2018-19,20950
2018-11-03,Williamstown,Saturday,Saturday,2018-19,1420
2018-11-05,Williamstown,Monday,Normal Weekday,2018-19,15760
2018-11-06,Williamstown,Tuesday,Public Holiday,2018-19,790
2018-11-07,Williamstown,Wednesday,Normal Weekday,2018-19,21370
2018-11-08,Williamstown,Thursday,Normal Weekday,2018-19,21080
2018-11-09,Williamstown,Friday,Normal Weekday,2018-19,21440
2018-11-10,Williamstown,Saturday,Saturday,2018-19,1460
2018-11-11,Williamstown,Sunday,Sunday,2018-19,2430
2018-11-12,Williamstown,Monday,Normal Weekday,2018-19,21020
2018-11-13,Williamstown,Tuesday,Normal Weekday,2018-19,21840
2018-11-14,Williamstown,Wednesday,Normal Weekday,2018-19,21300
2018-11-15,Williamstown,Thursday,Normal Weekday,2018-19,22400
2018-11-16,Williamstown,Friday,Normal Weekday,2018-19,22950
2018-11-17,Williamstown,Saturday,Saturday,2018-19,2100
2018-11-18,Williamstown,Sunday,Sunday,2018-19,1980
2018-11-19,Williamstown,Monday,Normal Weekday,2018-19,21290
2018-11-20,Williamstown,Tuesday,Normal Weekday,2018-19,21440
2018-11-21,Williamstown,Wednesday,Normal Weekday,2018-19,20770
2018-11-22,Williamstown,Thursday,Normal Weekday,2018-19,22350
2018-11-23,Williamstown,Friday,Normal Weekday,2018-19,19600
2018-11-24,Williamstown,Saturday,Saturday,2018-19,1410
2018-11-25,Williamstown,Sunday,Sunday,2018-19,1610
2018-11-26,Williamstown,Monday,Normal Weekday,2018-19,21210
2018-11-27,Williamstown,Tuesday,Normal Weekday,2018-19,21700
2018-11-28,Williamstown,Wednesday,Normal Weekday,2018-19,21250
2018-11-29,Williamstown,Thursday,Normal Weekday,2018-19,21200
2018-11-30,Williamstown,Friday,Normal Weekday,2018-19,21550
2018-12-01,Williamstown,Saturday,Saturday,2018-19,2640
2018-12-02,Williamstown,Sunday,Sunday,2018-19,1390
2018-12-03,Williamstown,Monday,Normal Weekday,2018-19,19670
2018-12-04,Williamstown,Tuesday,Normal Weekday,2018-19,20850
2018-12-05,Williamstown,Wednesday,Normal Weekday,2018-19,22140
2018-12-06,Williamstown,Thursday,Normal Weekday,2018-19,22830
2018-12-07,Williamstown,Friday,Normal Weekday,2018-19,20390
2018-12-08,Williamstown,Saturday,Saturday,2018-19,1020
2018-12-09,Williamstown,Sunday,Sunday,2018-19,1250
2018-12-10,Williamstown,Monday,Normal Weekday,2018-19,19630
2018-12-11,Williamstown,Tuesday,Normal Weekday,2018-19,22870
2018-12-12,Williamstown,Wednesday,Normal Weekday,2018-19,22110
2018-12-13,Williamstown,Thursday,Normal Weekday,2018-19,20450
2018-12-14,Williamstown,Friday,Normal Weekday,2018-19,18470
2018-12-15,Williamstown,Saturday,Saturday,2018-19,1300
2018-12-16,Williamstown,Sunday,Sunday,2018-19,1170
2018-12-17,Williamstown,Monday,Normal Weekday,2018-19,19150
2018-12-18,Williamstown,Tuesday,Normal Weekday,2018-19,19950
2018-12-19,Williamstown,Wednesday,Normal Weekday,2018-19,21690
2018-12-20,Williamstown,Thursday,Normal Weekday,2018-19,21120
2018-12-21,Williamstown,Friday,Normal Weekday,2018-19,18900
2018-12-22,Williamstown,Saturday,Saturday,2018-19,1610
2018-12-23,Williamstown,Sunday,Sunday,2018-19,1690
2018-12-24,Williamstown,Monday,School Holiday,2018-19,10270
2018-12-25,Williamstown,Tuesday,Public Holiday,2018-19,260
2018-12-26,Williamstown,Wednesday,Public Holiday,2018-19,1930
2018-12-27,Williamstown,Thursday,School Holiday,2018-19,10870
2018-12-28,Williamstown,Friday,School Holiday,2018-19,10520
2018-12-29,Williamstown,Saturday,Saturday,2018-19,1600
2018-12-30,Williamstown,Sunday,Sunday,2018-19,1350
2018-12-31,Williamstown,Monday,School Holiday,2018-19,9670
2019-01-01,Williamstown,Tuesday,Public Holiday,2018-19,1410
2019-01-02,Williamstown,Wednesday,School Holiday,2018-19,13010
2019-01-03,Williamstown,Thursday,School Holiday,2018-19,14510
2019-01-04,Williamstown,Friday,School Holiday,2018-19,12540
2019-01-05,Williamstown,Saturday,Saturday,2018-19,1570
2019-01-06,Williamstown,Sunday,Sunday,2018-19,1460
2019-01-07,Williamstown,Monday,School Holiday,2018-19,18130
2019-01-08,Williamstown,Tuesday,School Holiday,2018-19,18490
2019-01-09,Williamstown,Wednesday,School Holiday,2018-19,19170
2019-01-10,Williamstown,Thursday,School Holiday,2018-19,19910
2019-01-11,Williamstown,Friday,School Holiday,2018-19,19590
2019-01-12,Williamstown,Saturday,Saturday,2018-19,1850
2019-01-13,Williamstown,Sunday,Sunday,2018-19,1510
2019-01-14,Williamstown,Monday,School Holiday,2018-19,19520
2019-01-15,Williamstown,Tuesday,School Holiday,2018-19,18960
2019-01-16,Williamstown,Wednesday,School Holiday,2018-19,20770
2019-01-17,Williamstown,Thursday,School Holiday,2018-19,20140
2019-01-18,Williamstown,Friday,School Holiday,2018-19,20400
2019-01-19,Williamstown,Saturday,Saturday,2018-19,1920
2019-01-21,Williamstown,Monday,School Holiday,2018-19,20480
2019-01-22,Williamstown,Tuesday,School Holiday,2018-19,19450
2019-01-23,Williamstown,Wednesday,School Holiday,2018-19,20930
2019-01-24,Williamstown,Thursday,School Holiday,2018-19,19740
2019-01-25,Williamstown,Friday,School Holiday,2018-19,16870
2019-01-26,Williamstown,Saturday,Saturday,2018-19,1820
2019-01-27,Williamstown,Sunday,Sunday,2018-19,1810
2019-01-28,Williamstown,Monday,Public Holiday,2018-19,1580
2019-01-29,Williamstown,Tuesday,School Holiday,2018-19,19950
2019-01-30,Williamstown,Wednesday,Normal Weekday,2018-19,20260
2019-01-31,Williamstown,Thursday,Normal Weekday,2018-19,20700
2019-02-01,Williamstown,Friday,Normal Weekday,2018-19,21300
2019-02-02,Williamstown,Saturday,Saturday,2018-19,1640
2019-02-03,Williamstown,Sunday,Sunday,2018-19,950
2019-02-04,Williamstown,Monday,Normal Weekday,2018-19,20740
2019-02-05,Williamstown,Tuesday,Normal Weekday,2018-19,21580
2019-02-06,Williamstown,Wednesday,Normal Weekday,2018-19,21890
2019-02-07,Williamstown,Thursday,Normal Weekday,2018-19,21780
2019-02-08,Williamstown,Friday,Normal Weekday,2018-19,20720
2019-02-09,Williamstown,Saturday,Saturday,2018-19,2210
2019-02-10,Williamstown,Sunday,Sunday,2018-19,1440
2019-02-11,Williamstown,Monday,Normal Weekday,2018-19,20550
2019-02-12,Williamstown,Tuesday,Normal Weekday,2018-19,21360
2019-02-13,Williamstown,Wednesday,Normal Weekday,2018-19,22320
2019-02-14,Williamstown,Thursday,Normal Weekday,2018-19,22700
2019-02-15,Williamstown,Friday,Normal Weekday,2018-19,22450
2019-02-16,Williamstown,Saturday,Saturday,2018-19,1790
2019-02-17,Williamstown,Sunday,Sunday,2018-19,1530
2019-02-18,Williamstown,Monday,Normal Weekday,2018-19,20950
2019-02-19,Williamstown,Tuesday,Normal Weekday,2018-19,23070
2019-02-20,Williamstown,Wednesday,Normal Weekday,2018-19,23590
2019-02-21,Williamstown,Thursday,Normal Weekday,2018-19,23240
2019-02-22,Williamstown,Friday,Normal Weekday,2018-19,22250
2019-02-25,Williamstown,Monday,Normal Weekday,2018-19,23360
2019-02-26,Williamstown,Tuesday,Normal Weekday,2018-19,24090
2019-02-27,Williamstown,Wednesday,Normal Weekday,2018-19,22720
2019-02-28,Williamstown,Thursday,Normal Weekday,2018-19,22830
2019-03-01,Williamstown,Friday,Normal Weekday,2018-19,23500
2019-03-04,Williamstown,Monday,Normal Weekday,2018-19,24550
2019-03-05,Williamstown,Tuesday,Normal Weekday,2018-19,24710
2019-03-06,Williamstown,Wednesday,Normal Weekday,2018-19,22610
2019-03-07,Williamstown,Thursday,Normal Weekday,2018-19,23250
2019-03-08,Williamstown,Friday,Normal Weekday,2018-19,23340
2019-03-09,Williamstown,Saturday,Saturday,2018-19,2130
2019-03-10,Williamstown,Sunday,Sunday,2018-19,1260
2019-03-11,Williamstown,Monday,Public Holiday,2018-19,1250
2019-03-12,Williamstown,Tuesday,Normal Weekday,2018-19,22670
2019-03-13,Williamstown,Wednesday,Normal Weekday,2018-19,24850
2019-03-14,Williamstown,Thursday,Normal Weekday,2018-19,26110
2019-03-15,Williamstown,Friday,Normal Weekday,2018-19,24100
2019-03-18,Williamstown,Monday,Normal Weekday,2018-19,24270
2019-03-19,Williamstown,Tuesday,Normal Weekday,2018-19,24830
2019-03-20,Williamstown,Wednesday,Normal Weekday,2018-19,24400
2019-03-21,Williamstown,Thursday,Normal Weekday,2018-19,24610
2019-03-22,Williamstown,Friday,Normal Weekday,2018-19,23330
2019-03-23,Williamstown,Saturday,Saturday,2018-19,1200
2019-03-24,Williamstown,Sunday,Sunday,2018-19,1280
2019-03-25,Williamstown,Monday,Normal Weekday,2018-19,22400
2019-03-26,Williamstown,Tuesday,Normal Weekday,2018-19,22700
2019-03-27,Williamstown,Wednesday,Normal Weekday,2018-19,23650
2019-03-28,Williamstown,Thursday,Normal Weekday,2018-19,25880
2019-03-29,Williamstown,Friday,Normal Weekday,2018-19,24910
2019-03-30,Williamstown,Saturday,Saturday,2018-19,1310
2019-03-31,Williamstown,Sunday,Sunday,2018-19,950
2019-04-01,Williamstown,Monday,Normal Weekday,2018-19,22410
2019-04-02,Williamstown,Tuesday,Normal Weekday,2018-19,24610
2019-04-03,Williamstown,Wednesday,Normal Weekday,2018-19,24920
2019-04-04,Williamstown,Thursday,Normal Weekday,2018-19,23700
2019-04-05,Williamstown,Friday,Normal Weekday,2018-19,22510
2019-04-06,Williamstown,Saturday,Saturday,2018-19,1580
2019-04-07,Williamstown,Sunday,Sunday,2018-19,920
2019-04-08,Williamstown,Monday,School Holiday,2018-19,23230
2019-04-09,Williamstown,Tuesday,School Holiday,2018-19,23770
2019-04-10,Williamstown,Wednesday,School Holiday,2018-19,23690
2019-04-11,Williamstown,Thursday,School Holiday,2018-19,23970
2019-04-12,Williamstown,Friday,School Holiday,2018-19,25490
2019-04-13,Williamstown,Saturday,Saturday,2018-19,1770
2019-04-14,Williamstown,Sunday,Sunday,2018-19,1030
2019-04-15,Williamstown,Monday,School Holiday,2018-19,22760
2019-04-16,Williamstown,Tuesday,School Holiday,2018-19,24380
2019-04-17,Williamstown,Wednesday,School Holiday,2018-19,23090
2019-04-18,Williamstown,Thursday,School Holiday,2018-19,22060
2019-04-19,Williamstown,Friday,Public Holiday,2018-19,1090
2019-04-20,Williamstown,Saturday,Public Holiday,2018-19,1550
2019-04-21,Williamstown,Sunday,Public Holiday,2018-19,830
2019-04-22,Williamstown,Monday,Public Holiday,2018-19,750
2019-04-23,Williamstown,Tuesday,Normal Weekday,2018-19,18740
2019-04-24,Williamstown,Wednesday,Normal Weekday,2018-19,18400
2019-04-25,Williamstown,Thursday,Public Holiday,2018-19,1390
2019-04-26,Williamstown,Friday,Normal Weekday,2018-19,17250
2019-04-27,Williamstown,Saturday,Saturday,2018-19,1190
2019-04-28,Williamstown,Sunday,Sunday,2018-19,810
2019-04-29,Williamstown,Monday,Normal Weekday,2018-19,21520
2019-04-30,Williamstown,Tuesday,Normal Weekday,2018-19,23540
2019-05-01,Williamstown,Wednesday,Normal Weekday,2018-19,23030
2019-05-02,Williamstown,Thursday,Normal Weekday,2018-19,23350
2019-05-03,Williamstown,Friday,Normal Weekday,2018-19,24020
2019-05-04,Williamstown,Saturday,Saturday,2018-19,1430
2019-05-05,Williamstown,Sunday,Sunday,2018-19,1080
2019-05-06,Williamstown,Monday,Normal Weekday,2018-19,21570
2019-05-07,Williamstown,Tuesday,Normal Weekday,2018-19,23830
2019-05-08,Williamstown,Wednesday,Normal Weekday,2018-19,23260
2019-05-09,Williamstown,Thursday,Normal Weekday,2018-19,22580
2019-05-10,Williamstown,Friday,Normal Weekday,2018-19,21420
2019-05-11,Williamstown,Saturday,Saturday,2018-19,1410
2019-05-12,Williamstown,Sunday,Sunday,2018-19,930
2019-05-13,Williamstown,Monday,Normal Weekday,2018-19,25260
2019-05-14,Williamstown,Tuesday,Normal Weekday,2018-19,27550
2019-05-15,Williamstown,Wednesday,Normal Weekday,2018-19,28350
2019-05-16,Williamstown,Thursday,Normal Weekday,2018-19,29950
2019-05-17,Williamstown,Friday,Normal Weekday,2018-19,22820
2019-05-18,Williamstown,Saturday,Saturday,2018-19,1240
2019-05-19,Williamstown,Sunday,Sunday,2018-19,1040
2019-05-20,Williamstown,Monday,Normal Weekday,2018-19,21010
2019-05-21,Williamstown,Tuesday,Normal Weekday,2018-19,23300
2019-05-22,Williamstown,Wednesday,Normal Weekday,2018-19,22920
2019-05-23,Williamstown,Thursday,Normal Weekday,2018-19,22380
2019-05-24,Williamstown,Friday,Normal Weekday,2018-19,21520
2019-05-25,Williamstown,Saturday,Saturday,2018-19,880
2019-05-26,Williamstown,Sunday,Sunday,2018-19,510
2019-05-27,Williamstown,Monday,Normal Weekday,2018-19,20590
2019-05-28,Williamstown,Tuesday,Normal Weekday,2018-19,22730
2019-05-29,Williamstown,Wednesday,Normal Weekday,2018-19,21300
2019-05-30,Williamstown,Thursday,Normal Weekday,2018-19,22500
2019-05-31,Williamstown,Friday,Normal Weekday,2018-19,21870
2019-06-01,Williamstown,Saturday,Saturday,2018-19,1180
2019-06-02,Williamstown,Sunday,Sunday,2018-19,810
2019-06-03,Williamstown,Monday,Normal Weekday,2018-19,22010
2019-06-04,Williamstown,Tuesday,Normal Weekday,2018-19,20530
2019-06-05,Williamstown,Wednesday,Normal Weekday,2018-19,20610
2019-06-06,Williamstown,Thursday,Normal Weekday,2018-19,22570
2019-06-07,Williamstown,Friday,Normal Weekday,2018-19,21460
2019-06-08,Williamstown,Saturday,Saturday,2018-19,1550
2019-06-09,Williamstown,Sunday,Sunday,2018-19,1080
2019-06-10,Williamstown,Monday,Public Holiday,2018-19,1090
2019-06-11,Williamstown,Tuesday,Normal Weekday,2018-19,21850
2019-06-12,Williamstown,Wednesday,Normal Weekday,2018-19,20750
2019-06-13,Williamstown,Thursday,Normal Weekday,2018-19,20970
2019-06-14,Williamstown,Friday,Normal Weekday,2018-19,21350
2019-06-15,Williamstown,Saturday,Saturday,2018-19,1320
2019-06-16,Williamstown,Sunday,Sunday,2018-19,840
2019-06-17,Williamstown,Monday,Normal Weekday,2018-19,21980
2019-06-18,Williamstown,Tuesday,Normal Weekday,2018-19,20880
2019-06-19,Williamstown,Wednesday,Normal Weekday,2018-19,22020
2019-06-20,Williamstown,Thursday,Normal Weekday,2018-19,20370
2019-06-21,Williamstown,Friday,Normal Weekday,2018-19,20590
2019-06-22,Williamstown,Saturday,Saturday,2018-19,1360
2019-06-23,Williamstown,Sunday,Sunday,2018-19,1040
2019-06-24,Williamstown,Monday,Normal Weekday,2018-19,19570
2019-06-25,Williamstown,Tuesday,Normal Weekday,2018-19,20530
2019-06-26,Williamstown,Wednesday,Normal Weekday,2018-19,19880
2019-06-27,Williamstown,Thursday,Normal Weekday,2018-19,20720
2019-06-28,Williamstown,Friday,Normal Weekday,2018-19,20630
2019-06-29,Williamstown,Saturday,Saturday,2018-19,870
2019-06-30,Williamstown,Sunday,Sunday,2018-19,920
2019-07-01,Williamstown,Monday,School Holiday,2019-20,18820
2019-07-02,Williamstown,Tuesday,School Holiday,2019-20,19660
2019-07-03,Williamstown,Wednesday,School Holiday,2019-20,20460
2019-07-04,Williamstown,Thursday,School Holiday,2019-20,19870
2019-07-05,Williamstown,Friday,School Holiday,2019-20,20260
2019-07-06,Williamstown,Saturday,Saturday,2019-20,1490
2019-07-07,Williamstown,Sunday,Sunday,2019-20,810
2019-07-08,Williamstown,Monday,School Holiday,2019-20,20380
2019-07-09,Williamstown,Tuesday,School Holiday,2019-20,20760
2019-07-10,Williamstown,Wednesday,School Holiday,2019-20,20950
2019-07-11,Williamstown,Thursday,School Holiday,2019-20,21330
2019-07-12,Williamstown,Friday,School Holiday,2019-20,20050
2019-07-13,Williamstown,Saturday,Saturday,2019-20,1270
2019-07-14,Williamstown,Sunday,Sunday,2019-20,800
2019-07-15,Williamstown,Monday,Normal Weekday,2019-20,20650
2019-07-16,Williamstown,Tuesday,Normal Weekday,2019-20,20560
2019-07-17,Williamstown,Wednesday,Normal Weekday,2019-20,20520
2019-07-18,Williamstown,Thursday,Normal Weekday,2019-20,20300
2019-07-19,Williamstown,Friday,Normal Weekday,2019-20,20210
2019-07-20,Williamstown,Saturday,Saturday,2019-20,1740
2019-07-21,Williamstown,Sunday,Sunday,2019-20,1210
2019-07-22,Williamstown,Monday,Normal Weekday,2019-20,21500
2019-07-23,Williamstown,Tuesday,Normal Weekday,2019-20,21710
2019-07-24,Williamstown,Wednesday,Normal Weekday,2019-20,20940
2019-07-25,Williamstown,Thursday,Normal Weekday,2019-20,21020
2019-07-26,Williamstown,Friday,Normal Weekday,2019-20,22380
2019-07-27,Williamstown,Saturday,Saturday,2019-20,1710
2019-07-28,Williamstown,Sunday,Sunday,2019-20,1380
2019-07-29,Williamstown,Monday,Normal Weekday,2019-20,21300
2019-07-30,Williamstown,Tuesday,Normal Weekday,2019-20,23020
2019-07-31,Williamstown,Wednesday,Normal Weekday,2019-20,22390
2019-08-01,Williamstown,Thursday,Normal Weekday,2019-20,21840
2019-08-02,Williamstown,Friday,Normal Weekday,2019-20,23490
2019-08-03,Williamstown,Saturday,Saturday,2019-20,1490
2019-08-04,Williamstown,Sunday,Sunday,2019-20,1000
2019-08-05,Williamstown,Monday,Normal Weekday,2019-20,17570
2019-08-06,Williamstown,Tuesday,Normal Weekday,2019-20,21590
2019-08-07,Williamstown,Wednesday,Normal Weekday,2019-20,22550
2019-08-08,Williamstown,Thursday,Normal Weekday,2019-20,21730
2019-08-09,Williamstown,Friday,Normal Weekday,2019-20,20020
2019-08-10,Williamstown,Saturday,Saturday,2019-20,1300
2019-08-11,Williamstown,Sunday,Sunday,2019-20,830
2019-08-12,Williamstown,Monday,Normal Weekday,2019-20,21930
2019-08-13,Williamstown,Tuesday,Normal Weekday,2019-20,23320
2019-08-14,Williamstown,Wednesday,Normal Weekday,2019-20,21700
2019-08-15,Williamstown,Thursday,Normal Weekday,2019-20,20730
2019-08-16,Williamstown,Friday,Normal Weekday,2019-20,21480
2019-08-19,Williamstown,Monday,Normal Weekday,2019-20,21610
2019-08-20,Williamstown,Tuesday,Normal Weekday,2019-20,21380
2019-08-21,Williamstown,Wednesday,Normal Weekday,2019-20,21840
2019-08-22,Williamstown,Thursday,Normal Weekday,2019-20,22250
2019-08-23,Williamstown,Friday,Normal Weekday,2019-20,23210
2019-08-24,Williamstown,Saturday,Saturday,2019-20,1400
2019-08-25,Williamstown,Sunday,Sunday,2019-20,920
2019-08-26,Williamstown,Monday,Normal Weekday,2019-20,22750
2019-08-27,Williamstown,Tuesday,Normal Weekday,2019-20,22560
2019-08-28,Williamstown,Wednesday,Normal Weekday,2019-20,20330
2019-08-29,Williamstown,Thursday,Normal Weekday,2019-20,21760
2019-08-30,Williamstown,Friday,Normal Weekday,2019-20,22040
2019-09-02,Williamstown,Monday,Normal Weekday,2019-20,20990
2019-09-03,Williamstown,Tuesday,Normal Weekday,2019-20,21510
2019-09-04,Williamstown,Wednesday,Normal Weekday,2019-20,21150
2019-09-05,Williamstown,Thursday,Normal Weekday,2019-20,21860
2019-09-06,Williamstown,Friday,Normal Weekday,2019-20,21080
2019-09-07,Williamstown,Saturday,Saturday,2019-20,850
2019-09-08,Williamstown,Sunday,Sunday,2019-20,570
2019-09-09,Williamstown,Monday,Normal Weekday,2019-20,19300
2019-09-10,Williamstown,Tuesday,Normal Weekday,2019-20,22130
2019-09-11,Williamstown,Wednesday,Normal Weekday,2019-20,21530
2019-09-12,Williamstown,Thursday,Normal Weekday,2019-20,20840
2019-09-13,Williamstown,Friday,Normal Weekday,2019-20,22310
2019-09-14,Williamstown,Saturday,Saturday,2019-20,1590
2019-09-15,Williamstown,Sunday,Sunday,2019-20,640
2019-09-16,Williamstown,Monday,Normal Weekday,2019-20,19580
2019-09-17,Williamstown,Tuesday,Normal Weekday,2019-20,21200
2019-09-18,Williamstown,Wednesday,Normal Weekday,2019-20,23720
2019-09-19,Williamstown,Thursday,Normal Weekday,2019-20,22060
2019-09-20,Williamstown,Friday,Normal Weekday,2019-20,24050
2019-09-21,Williamstown,Saturday,Saturday,2019-20,1000
2019-09-22,Williamstown,Sunday,Sunday,2019-20,810
2019-09-23,Williamstown,Monday,School Holiday,2019-20,19870
2019-09-24,Williamstown,Tuesday,School Holiday,2019-20,20800
2019-09-25,Williamstown,Wednesday,School Holiday,2019-20,20630
2019-09-26,Williamstown,Thursday,School Holiday,2019-20,21830
2019-09-27,Williamstown,Friday,Public Holiday,2019-20,980
2019-09-28,Williamstown,Saturday,Saturday,2019-20,1240
2019-09-29,Williamstown,Sunday,Sunday,2019-20,620
2019-09-30,Williamstown,Monday,School Holiday,2019-20,23210
2019-10-01,Williamstown,Tuesday,School Holiday,2019-20,25250
2019-10-02,Williamstown,Wednesday,School Holiday,2019-20,24920
2019-10-03,Williamstown,Thursday,School Holiday,2019-20,26600
2019-10-04,Williamstown,Friday,School Holiday,2019-20,24810
2019-10-05,Williamstown,Saturday,Saturday,2019-20,1650
2019-10-06,Williamstown,Sunday,Sunday,2019-20,750
2019-10-07,Williamstown,Monday,Normal Weekday,2019-20,25780
2019-10-08,Williamstown,Tuesday,Normal Weekday,2019-20,27480
2019-10-09,Williamstown,Wednesday,Normal Weekday,2019-20,27100
2019-10-10,Williamstown,Thursday,Normal Weekday,2019-20,26170
2019-10-11,Williamstown,Friday,Normal Weekday,2019-20,26080
2019-10-12,Williamstown,Saturday,Saturday,2019-20,2310
2019-10-13,Williamstown,Sunday,Sunday,2019-20,1070
2019-10-14,Williamstown,Monday,Normal Weekday,2019-20,22040
2019-10-15,Williamstown,Tuesday,Normal Weekday,2019-20,22560
2019-10-16,Williamstown,Wednesday,Normal Weekday,2019-20,21840
2019-10-17,Williamstown,Thursday,Normal Weekday,2019-20,22010
2019-10-18,Williamstown,Friday,Normal Weekday,2019-20,21460
2019-10-19,Williamstown,Saturday,Saturday,2019-20,1460
2019-10-20,Williamstown,Sunday,Sunday,2019-20,1010
2019-10-21,Williamstown,Monday,Normal Weekday,2019-20,20390
2019-10-22,Williamstown,Tuesday,Normal Weekday,2019-20,22510
2019-10-23,Williamstown,Wednesday,Normal Weekday,2019-20,21950
2019-10-24,Williamstown,Thursday,Normal Weekday,2019-20,23340
2019-10-25,Williamstown,Friday,Normal Weekday,2019-20,20970
2019-10-26,Williamstown,Saturday,Saturday,2019-20,1060
2019-10-27,Williamstown,Sunday,Sunday,2019-20,870
2019-10-28,Williamstown,Monday,Normal Weekday,2019-20,23530
2019-10-29,Williamstown,Tuesday,Normal Weekday,2019-20,22200
2019-10-30,Williamstown,Wednesday,Normal Weekday,2019-20,21980
2019-10-31,Williamstown,Thursday,Normal Weekday,2019-20,24180
2019-11-01,Williamstown,Friday,Normal Weekday,2019-20,20910
2019-11-02,Williamstown,Saturday,Saturday,2019-20,740
2019-11-03,Williamstown,Sunday,Sunday,2019-20,830
2019-11-04,Williamstown,Monday,Normal Weekday,2019-20,15270
2019-11-05,Williamstown,Tuesday,Public Holiday,2019-20,1010
2019-11-06,Williamstown,Wednesday,Normal Weekday,2019-20,20410
2019-11-07,Williamstown,Thursday,Normal Weekday,2019-20,23660
2019-11-08,Williamstown,Friday,Normal Weekday,2019-20,21290
2019-11-09,Williamstown,Saturday,Saturday,2019-20,1170
2019-11-10,Williamstown,Sunday,Sunday,2019-20,1440
2019-11-11,Williamstown,Monday,Normal Weekday,2019-20,22020
2019-11-12,Williamstown,Tuesday,Normal Weekday,2019-20,21150
2019-11-13,Williamstown,Wednesday,Normal Weekday,2019-20,22220
2019-11-14,Williamstown,Thursday,Normal Weekday,2019-20,21900
2019-11-15,Williamstown,Friday,Normal Weekday,2019-20,24090
2019-11-16,Williamstown,Saturday,Saturday,2019-20,2090
2019-11-17,Williamstown,Sunday,Sunday,2019-20,1330
2019-11-18,Williamstown,Monday,Normal Weekday,2019-20,21920
2019-11-19,Williamstown,Tuesday,Normal Weekday,2019-20,21620
2019-11-20,Williamstown,Wednesday,Normal Weekday,2019-20,22110
2019-11-21,Williamstown,Thursday,Normal Weekday,2019-20,24740
2019-11-22,Williamstown,Friday,Normal Weekday,2019-20,23220
2019-11-23,Williamstown,Saturday,Saturday,2019-20,1550
2019-11-24,Williamstown,Sunday,Sunday,2019-20,1500
2019-11-25,Williamstown,Monday,Normal Weekday,2019-20,21480
2019-11-26,Williamstown,Tuesday,Normal Weekday,2019-20,22350
2019-11-27,Williamstown,Wednesday,Normal Weekday,2019-20,22250
2019-11-28,Williamstown,Thursday,Normal Weekday,2019-20,24360
2019-11-29,Williamstown,Friday,Normal Weekday,2019-20,21880
2019-11-30,Williamstown,Saturday,Saturday,2019-20,1450
2019-12-01,Williamstown,Sunday,Sunday,2019-20,960
2019-12-02,Williamstown,Monday,Normal Weekday,2019-20,18620
2019-12-03,Williamstown,Tuesday,Normal Weekday,2019-20,22270
2019-12-04,Williamstown,Wednesday,Normal Weekday,2019-20,22610
2019-12-05,Williamstown,Thursday,Normal Weekday,2019-20,22620
2019-12-06,Williamstown,Friday,Normal Weekday,2019-20,24480
2019-12-07,Williamstown,Saturday,Saturday,2019-20,1870
2019-12-08,Williamstown,Sunday,Sunday,2019-20,1590
2019-12-09,Williamstown,Monday,Normal Weekday,2019-20,21170
2019-12-10,Williamstown,Tuesday,Normal Weekday,2019-20,24590
2019-12-11,Williamstown,Wednesday,Normal Weekday,2019-20,23070
2019-12-12,Williamstown,Thursday,Normal Weekday,2019-20,23760
2019-12-13,Williamstown,Friday,Normal Weekday,2019-20,22060
2019-12-14,Williamstown,Saturday,Saturday,2019-20,1360
2019-12-15,Williamstown,Sunday,Sunday,2019-20,1320
2019-12-16,Williamstown,Monday,Normal Weekday,2019-20,21980
2019-12-17,Williamstown,Tuesday,Normal Weekday,2019-20,22860
2019-12-18,Williamstown,Wednesday,Normal Weekday,2019-20,22610
2019-12-19,Williamstown,Thursday,Normal Weekday,2019-20,22360
2019-12-20,Williamstown,Friday,Normal Weekday,2019-20,17670
2019-12-21,Williamstown,Saturday,Saturday,2019-20,1860
2019-12-22,Williamstown,Sunday,Sunday,2019-20,1560
2019-12-23,Williamstown,Monday,School Holiday,2019-20,15240
2019-12-24,Williamstown,Tuesday,School Holiday,2019-20,11060
2019-12-25,Williamstown,Wednesday,Public Holiday,2019-20,100
2019-12-26,Williamstown,Thursday,Public Holiday,2019-20,1410
2019-12-27,Williamstown,Friday,School Holiday,2019-20,11370
2019-12-28,Williamstown,Saturday,Saturday,2019-20,1660
2019-12-29,Williamstown,Sunday,Sunday,2019-20,1690
2019-12-30,Williamstown,Monday,School Holiday,2019-20,7320
2019-12-31,Williamstown,Tuesday,School Holiday,2019-20,10880
2020-01-01,Williamstown,Wednesday,Public Holiday,2019-20,1060
2020-01-02,Williamstown,Thursday,School Holiday,2019-20,12880
2020-01-03,Williamstown,Friday,School Holiday,2019-20,12690
2020-01-04,Williamstown,Saturday,Saturday,2019-20,1200
2020-01-05,Williamstown,Sunday,Sunday,2019-20,820
2020-01-06,Williamstown,Monday,School Holiday,2019-20,17120
2020-01-07,Williamstown,Tuesday,School Holiday,2019-20,18440
2020-01-08,Williamstown,Wednesday,School Holiday,2019-20,18790
2020-01-09,Williamstown,Thursday,School Holiday,2019-20,18630
2020-01-10,Williamstown,Friday,School Holiday,2019-20,19500
2020-01-11,Williamstown,Saturday,Saturday,2019-20,1590
2020-01-12,Williamstown,Sunday,Sunday,2019-20,1270
2020-01-13,Williamstown,Monday,School Holiday,2019-20,20530
2020-01-14,Williamstown,Tuesday,School Holiday,2019-20,19880
2020-01-15,Williamstown,Wednesday,School Holiday,2019-20,19810
2020-01-16,Williamstown,Thursday,School Holiday,2019-20,21250
2020-01-17,Williamstown,Friday,School Holiday,2019-20,21830
2020-01-18,Williamstown,Saturday,Saturday,2019-20,1770
2020-01-19,Williamstown,Sunday,Sunday,2019-20,1210
2020-01-20,Williamstown,Monday,School Holiday,2019-20,21020
2020-01-21,Williamstown,Tuesday,School Holiday,2019-20,23330
2020-01-22,Williamstown,Wednesday,School Holiday,2019-20,22280
2020-01-23,Williamstown,Thursday,School Holiday,2019-20,22130
2020-01-24,Williamstown,Friday,School Holiday,2019-20,22710
2020-01-25,Williamstown,Saturday,Saturday,2019-20,2050
2020-01-26,Williamstown,Sunday,Sunday,2019-20,1700
2020-01-27,Williamstown,Monday,Public Holiday,2019-20,1500
2020-01-28,Williamstown,Tuesday,School Holiday,2019-20,21390
2020-01-29,Williamstown,Wednesday,Normal Weekday,2019-20,22710
2020-01-30,Williamstown,Thursday,Normal Weekday,2019-20,21660
2020-01-31,Williamstown,Friday,Normal Weekday,2019-20,19270
2020-02-03,Williamstown,Monday,Normal Weekday,2019-20,21520
2020-02-04,Williamstown,Tuesday,Normal Weekday,2019-20,22550
2020-02-05,Williamstown,Wednesday,Normal Weekday,2019-20,21960
2020-02-06,Williamstown,Thursday,Normal Weekday,2019-20,22140
2020-02-07,Williamstown,Friday,Normal Weekday,2019-20,21910
2020-02-08,Williamstown,Saturday,Saturday,2019-20,1610
2020-02-09,Williamstown,Sunday,Sunday,2019-20,2290
2020-02-10,Williamstown,Monday,Normal Weekday,2019-20,22020
2020-02-11,Williamstown,Tuesday,Normal Weekday,2019-20,22620
2020-02-12,Williamstown,Wednesday,Normal Weekday,2019-20,23410
2020-02-13,Williamstown,Thursday,Normal Weekday,2019-20,22330
2020-02-14,Williamstown,Friday,Normal Weekday,2019-20,22130
2020-02-15,Williamstown,Saturday,Saturday,2019-20,1240
2020-02-16,Williamstown,Sunday,Sunday,2019-20,1620
2020-02-17,Williamstown,Monday,Normal Weekday,2019-20,21880
2020-02-18,Williamstown,Tuesday,Normal Weekday,2019-20,23070
2020-02-19,Williamstown,Wednesday,Normal Weekday,2019-20,25340
2020-02-20,Williamstown,Thursday,Normal Weekday,2019-20,22890
2020-02-21,Williamstown,Friday,Normal Weekday,2019-20,23320
2020-02-22,Williamstown,Saturday,Saturday,2019-20,2190
2020-02-23,Williamstown,Sunday,Sunday,2019-20,1860
2020-02-24,Williamstown,Monday,Normal Weekday,2019-20,22790
2020-02-25,Williamstown,Tuesday,Normal Weekday,2019-20,24400
2020-02-26,Williamstown,Wednesday,Normal Weekday,2019-20,23290
2020-02-27,Williamstown,Thursday,Normal Weekday,2019-20,24470
2020-02-28,Williamstown,Friday,Normal Weekday,2019-20,25570
2020-02-29,Williamstown,Saturday,Saturday,2019-20,1970
2020-03-01,Williamstown,Sunday,Sunday,2019-20,1500
2020-03-02,Williamstown,Monday,Normal Weekday,2019-20,23250
2020-03-03,Williamstown,Tuesday,Normal Weekday,2019-20,25780
2020-03-04,Williamstown,Wednesday,Normal Weekday,2019-20,24470
2020-03-05,Williamstown,Thursday,Normal Weekday,2019-20,23390
2020-03-06,Williamstown,Friday,Normal Weekday,2019-20,23570
2020-03-07,Williamstown,Saturday,Saturday,2019-20,1710
2020-03-08,Williamstown,Sunday,Sunday,2019-20,2030
2020-03-09,Williamstown,Monday,Public Holiday,2019-20,1530
2020-03-10,Williamstown,Tuesday,Normal Weekday,2019-20,23200
2020-03-11,Williamstown,Wednesday,Normal Weekday,2019-20,23130
2020-03-12,Williamstown,Thursday,Normal Weekday,2019-20,24110
2020-03-13,Williamstown,Friday,Normal Weekday,2019-20,21380
2020-03-14,Williamstown,Saturday,Saturday,2019-20,1280
2020-03-15,Williamstown,Sunday,Sunday,2019-20,730
2020-03-16,Williamstown,Monday,Normal Weekday,2019-20,17120
2020-03-17,Williamstown,Tuesday,Normal Weekday,2019-20,15200
2020-03-18,Williamstown,Wednesday,Normal Weekday,2019-20,12890
2020-03-19,Williamstown,Thursday,Normal Weekday,2019-20,11040
2020-03-20,Williamstown,Friday,Normal Weekday,2019-20,10420
2020-03-21,Williamstown,Saturday,Saturday,2019-20,500
2020-03-22,Williamstown,Sunday,Sunday,2019-20,230
2020-03-23,Williamstown,Monday,Normal Weekday,2019-20,6420
2020-03-24,Williamstown,Tuesday,School Holiday,2019-20,3790
2020-03-25,Williamstown,Wednesday,School Holiday,2019-20,3520
2020-03-26,Williamstown,Thursday,School Holiday,2019-20,2760
2020-03-27,Williamstown,Friday,School Holiday,2019-20,2580
2020-03-28,Williamstown,Saturday,Saturday,2019-20,100
2020-03-29,Williamstown,Sunday,Sunday,2019-20,30
2020-03-30,Williamstown,Monday,School Holiday,2019-20,1840
2020-03-31,Williamstown,Tuesday,School Holiday,2019-20,1660
2020-04-01,Williamstown,Wednesday,School Holiday,2019-20,1680
2020-04-02,Williamstown,Thursday,School Holiday,2019-20,1520
2020-04-03,Williamstown,Friday,School Holiday,2019-20,1700
2020-04-04,Williamstown,Saturday,Saturday,2019-20,20
2020-04-05,Williamstown,Sunday,Sunday,2019-20,0
2020-04-06,Williamstown,Monday,School Holiday,2019-20,1620
2020-04-07,Williamstown,Tuesday,School Holiday,2019-20,1510
2020-04-08,Williamstown,Wednesday,School Holiday,2019-20,1500
2020-04-09,Williamstown,Thursday,School Holiday,2019-20,1770
2020-04-10,Williamstown,Friday,Public Holiday,2019-20,0
2020-04-11,Williamstown,Saturday,Public Holiday,2019-20,0
2020-04-12,Williamstown,Sunday,Public Holiday,2019-20,0
2020-04-13,Williamstown,Monday,Public Holiday,2019-20,0
2020-04-14,Williamstown,Tuesday,School Holiday,2019-20,1540
2020-04-15,Williamstown,Wednesday,Normal Weekday,2019-20,1560
2020-04-16,Williamstown,Thursday,Normal Weekday,2019-20,1750
2020-04-17,Williamstown,Friday,Normal Weekday,2019-20,1600
2020-04-18,Williamstown,Saturday,Saturday,2019-20,40
2020-04-19,Williamstown,Sunday,Sunday,2019-20,40
2020-04-20,Williamstown,Monday,Normal Weekday,2019-20,1700
2020-04-21,Williamstown,Tuesday,Normal Weekday,2019-20,1790
2020-04-22,Williamstown,Wednesday,Normal Weekday,2019-20,1720
2020-04-23,Williamstown,Thursday,Normal Weekday,2019-20,1800
2020-04-24,Williamstown,Friday,Normal Weekday,2019-20,1790
2020-04-25,Williamstown,Saturday,Public Holiday,2019-20,120
2020-04-26,Williamstown,Sunday,Sunday,2019-20,30
2020-04-27,Williamstown,Monday,Normal Weekday,2019-20,1710
2020-04-28,Williamstown,Tuesday,Normal Weekday,2019-20,1830
2020-04-29,Williamstown,Wednesday,Normal Weekday,2019-20,1860
2020-04-30,Williamstown,Thursday,Normal Weekday,2019-20,1810
2020-05-01,Williamstown,Friday,Normal Weekday,2019-20,1920
2020-05-02,Williamstown,Saturday,Saturday,2019-20,10
2020-05-03,Williamstown,Sunday,Sunday,2019-20,80
2020-05-04,Williamstown,Monday,Normal Weekday,2019-20,1850
2020-05-05,Williamstown,Tuesday,Normal Weekday,2019-20,2310
2020-05-06,Williamstown,Wednesday,Normal Weekday,2019-20,2480
2020-05-07,Williamstown,Thursday,Normal Weekday,2019-20,2290
2020-05-08,Williamstown,Friday,Normal Weekday,2019-20,2490
2020-05-09,Williamstown,Saturday,Saturday,2019-20,50
2020-05-10,Williamstown,Sunday,Sunday,2019-20,90
2020-05-11,Williamstown,Monday,Normal Weekday,2019-20,2390
2020-05-12,Williamstown,Tuesday,Normal Weekday,2019-20,2810
2020-05-13,Williamstown,Wednesday,Normal Weekday,2019-20,2950
2020-05-14,Williamstown,Thursday,Normal Weekday,2019-20,2940
2020-05-15,Williamstown,Friday,Normal Weekday,2019-20,3150
2020-05-16,Williamstown,Saturday,Saturday,2019-20,320
2020-05-17,Williamstown,Sunday,Sunday,2019-20,250
2020-05-18,Williamstown,Monday,Normal Weekday,2019-20,3210
2020-05-19,Williamstown,Tuesday,Normal Weekday,2019-20,3210
2020-05-20,Williamstown,Wednesday,Normal Weekday,2019-20,3290
2020-05-21,Williamstown,Thursday,Normal Weekday,2019-20,3300
2020-05-22,Williamstown,Friday,Normal Weekday,2019-20,3550
2020-05-23,Williamstown,Saturday,Saturday,2019-20,240
2020-05-24,Williamstown,Sunday,Sunday,2019-20,340
2020-05-25,Williamstown,Monday,Normal Weekday,2019-20,3610
2020-05-26,Williamstown,Tuesday,Normal Weekday,2019-20,4140
2020-05-27,Williamstown,Wednesday,Normal Weekday,2019-20,4320
2020-05-28,Williamstown,Thursday,Normal Weekday,2019-20,4140
2020-05-29,Williamstown,Friday,Normal Weekday,2019-20,4510
2020-05-30,Williamstown,Saturday,Saturday,2019-20,530
2020-05-31,Williamstown,Sunday,Sunday,2019-20,280
2020-06-01,Williamstown,Monday,Normal Weekday,2019-20,4520
2020-06-02,Williamstown,Tuesday,Normal Weekday,2019-20,5520
2020-06-03,Williamstown,Wednesday,Normal Weekday,2019-20,5590
2020-06-04,Williamstown,Thursday,Normal Weekday,2019-20,6010
2020-06-05,Williamstown,Friday,Normal Weekday,2019-20,6020
2020-06-06,Williamstown,Saturday,Saturday,2019-20,680
2020-06-07,Williamstown,Sunday,Sunday,2019-20,480
2020-06-08,Williamstown,Monday,Public Holiday,2019-20,750
2020-06-09,Williamstown,Tuesday,Normal Weekday,2019-20,6240
2020-06-10,Williamstown,Wednesday,Normal Weekday,2019-20,6340
2020-06-11,Williamstown,Thursday,Normal Weekday,2019-20,6280
2020-06-12,Williamstown,Friday,Normal Weekday,2019-20,6950
2020-06-14,Williamstown,Sunday,Sunday,2019-20,0
2020-06-15,Williamstown,Monday,Normal Weekday,2019-20,6350
2020-06-16,Williamstown,Tuesday,Normal Weekday,2019-20,6320
2020-06-17,Williamstown,Wednesday,Normal Weekday,2019-20,6850
2020-06-18,Williamstown,Thursday,Normal Weekday,2019-20,7060
2020-06-19,Williamstown,Friday,Normal Weekday,2019-20,7330
2020-06-20,Williamstown,Saturday,Saturday,2019-20,740
2020-06-21,Williamstown,Sunday,Sunday,2019-20,490
2020-06-22,Williamstown,Monday,Normal Weekday,2019-20,6460
2020-06-23,Williamstown,Tuesday,Normal Weekday,2019-20,6400
2020-06-24,Williamstown,Wednesday,Normal Weekday,2019-20,6540
2020-06-25,Williamstown,Thursday,Normal Weekday,2019-20,6230
2020-06-26,Williamstown,Friday,Normal Weekday,2019-20,6890
2020-06-27,Williamstown,Saturday,Saturday,2019-20,490
2020-06-28,Williamstown,Sunday,Sunday,2019-20,650
2020-06-29,Williamstown,Monday,School Holiday,2019-20,6750
2020-06-30,Williamstown,Tuesday,School Holiday,2019-20,7050
2020-07-01,Williamstown,Wednesday,School Holiday,2020-21,6540
2020-07-02,Williamstown,Thursday,School Holiday,2020-21,6170
2020-07-03,Williamstown,Friday,School Holiday,2020-21,5700
2020-07-04,Williamstown,Saturday,Saturday,2020-21,360
2020-07-05,Williamstown,Sunday,Sunday,2020-21,380
2020-07-06,Williamstown,Monday,School Holiday,2020-21,4210
2020-07-07,Williamstown,Tuesday,School Holiday,2020-21,4460
2020-07-08,Williamstown,Wednesday,School Holiday,2020-21,4550
2020-07-09,Williamstown,Thursday,School Holiday,2020-21,2980
2020-07-10,Williamstown,Friday,School Holiday,2020-21,2760
2020-07-11,Williamstown,Saturday,Saturday,2020-21,40
2020-07-12,Williamstown,Sunday,Sunday,2020-21,90
2020-07-13,Williamstown,Monday,Normal Weekday,2020-21,2810
2020-07-14,Williamstown,Tuesday,Normal Weekday,2020-21,3030
2020-07-15,Williamstown,Wednesday,Normal Weekday,2020-21,3160
2020-07-16,Williamstown,Thursday,Normal Weekday,2020-21,2920
2020-07-17,Williamstown,Friday,Normal Weekday,2020-21,2670
2020-07-18,Williamstown,Saturday,Saturday,2020-21,70
2020-07-19,Williamstown,Sunday,Sunday,2020-21,50
2020-07-20,Williamstown,Monday,Normal Weekday,2020-21,2410
2020-07-21,Williamstown,Tuesday,Normal Weekday,2020-21,2760
2020-07-22,Williamstown,Wednesday,Normal Weekday,2020-21,2640
2020-07-23,Williamstown,Thursday,Normal Weekday,2020-21,2500
2020-07-24,Williamstown,Friday,Normal Weekday,2020-21,2330
2020-07-25,Williamstown,Saturday,Saturday,2020-21,100
2020-07-26,Williamstown,Sunday,Sunday,2020-21,90
2020-07-27,Williamstown,Monday,Normal Weekday,2020-21,2430
2020-07-28,Williamstown,Tuesday,Normal Weekday,2020-21,2600
2020-07-29,Williamstown,Wednesday,Normal Weekday,2020-21,2600
2020-07-30,Williamstown,Thursday,Normal Weekday,2020-21,2560
2020-07-31,Williamstown,Friday,Normal Weekday,2020-21,160
2020-08-01,Williamstown,Saturday,Saturday,2020-21,40
2020-08-02,Williamstown,Sunday,Sunday,2020-21,70
2020-08-03,Williamstown,Monday,Normal Weekday,2020-21,2020
2020-08-04,Williamstown,Tuesday,Normal Weekday,2020-21,1870
2020-08-05,Williamstown,Wednesday,Normal Weekday,2020-21,1770
2020-08-06,Williamstown,Thursday,Normal Weekday,2020-21,1160
2020-08-07,Williamstown,Friday,Normal Weekday,2020-21,1240
2020-08-08,Williamstown,Saturday,Saturday,2020-21,40
2020-08-09,Williamstown,Sunday,Sunday,2020-21,40
2020-08-10,Williamstown,Monday,Normal Weekday,2020-21,1200
2020-08-11,Williamstown,Tuesday,Normal Weekday,2020-21,1190
2020-08-12,Williamstown,Wednesday,Normal Weekday,2020-21,1080
2020-08-13,Williamstown,Thursday,Normal Weekday,2020-21,1080
2020-08-14,Williamstown,Friday,Normal Weekday,2020-21,1110
2020-08-15,Williamstown,Saturday,Saturday,2020-21,20
2020-08-16,Williamstown,Sunday,Sunday,2020-21,10
2020-08-17,Williamstown,Monday,Normal Weekday,2020-21,1010
2020-08-18,Williamstown,Tuesday,Normal Weekday,2020-21,1000
2020-08-19,Williamstown,Wednesday,Normal Weekday,2020-21,1090
2020-08-20,Williamstown,Thursday,Normal Weekday,2020-21,1210
2020-08-21,Williamstown,Friday,Normal Weekday,2020-21,1130
2020-08-24,Williamstown,Monday,Normal Weekday,2020-21,1670
2020-08-25,Williamstown,Tuesday,Normal Weekday,2020-21,1670
2020-08-26,Williamstown,Wednesday,Normal Weekday,2020-21,1710
2020-08-27,Williamstown,Thursday,Normal Weekday,2020-21,1720
2020-08-28,Williamstown,Friday,Normal Weekday,2020-21,1720
2020-08-29,Williamstown,Saturday,Saturday,2020-21,40
2020-08-30,Williamstown,Sunday,Sunday,2020-21,10
2020-08-31,Williamstown,Monday,Normal Weekday,2020-21,1550
2020-09-01,Williamstown,Tuesday,Normal Weekday,2020-21,1620
2020-09-02,Williamstown,Wednesday,Normal Weekday,2020-21,1680
2020-09-03,Williamstown,Thursday,Normal Weekday,2020-21,1770
2020-09-04,Williamstown,Friday,Normal Weekday,2020-21,1900
2020-09-05,Williamstown,Saturday,Saturday,2020-21,20
2020-09-06,Williamstown,Sunday,Sunday,2020-21,60
2020-09-07,Williamstown,Monday,Normal Weekday,2020-21,1810
2020-09-08,Williamstown,Tuesday,Normal Weekday,2020-21,1710
2020-09-09,Williamstown,Wednesday,Normal Weekday,2020-21,1700
2020-09-10,Williamstown,Thursday,Normal Weekday,2020-21,1750
2020-09-11,Williamstown,Friday,Normal Weekday,2020-21,1800
2020-09-12,Williamstown,Saturday,Saturday,2020-21,10
2020-09-13,Williamstown,Sunday,Sunday,2020-21,50
2020-09-14,Williamstown,Monday,Normal Weekday,2020-21,1350
2020-09-15,Williamstown,Tuesday,Normal Weekday,2020-21,1210
2020-09-16,Williamstown,Wednesday,Normal Weekday,2020-21,1100
2020-09-17,Williamstown,Thursday,Normal Weekday,2020-21,1220
2020-09-18,Williamstown,Friday,Normal Weekday,2020-21,1300
2020-09-19,Williamstown,Saturday,Saturday,2020-21,80
2020-09-20,Williamstown,Sunday,Sunday,2020-21,80
2020-09-21,Williamstown,Monday,School Holiday,2020-21,1260
2020-09-22,Williamstown,Tuesday,School Holiday,2020-21,1390
2020-09-23,Williamstown,Wednesday,School Holiday,2020-21,1290
2020-09-24,Williamstown,Thursday,School Holiday,2020-21,1320
2020-09-25,Williamstown,Friday,School Holiday,2020-21,1310
2020-09-26,Williamstown,Saturday,Saturday,2020-21,40
2020-09-27,Williamstown,Sunday,Sunday,2020-21,100
2020-09-28,Williamstown,Monday,School Holiday,2020-21,1280
2020-09-29,Williamstown,Tuesday,School Holiday,2020-21,1290
2020-09-30,Williamstown,Wednesday,School Holiday,2020-21,1570
2020-10-01,Williamstown,Thursday,School Holiday,2020-21,1610
2020-10-02,Williamstown,Friday,School Holiday,2020-21,1810
2020-10-05,Williamstown,Monday,Normal Weekday,2020-21,1420
2020-10-06,Williamstown,Tuesday,Normal Weekday,2020-21,1620
2020-10-07,Williamstown,Wednesday,Normal Weekday,2020-21,1680
2020-10-08,Williamstown,Thursday,Normal Weekday,2020-21,2060
2020-10-09,Williamstown,Friday,Normal Weekday,2020-21,2240
2020-10-10,Williamstown,Saturday,Saturday,2020-21,80
2020-10-11,Williamstown,Sunday,Sunday,2020-21,70
2020-10-12,Williamstown,Monday,Normal Weekday,2020-21,2310
2020-10-13,Williamstown,Tuesday,Normal Weekday,2020-21,2230
2020-10-14,Williamstown,Wednesday,Normal Weekday,2020-21,2370
2020-10-15,Williamstown,Thursday,Normal Weekday,2020-21,2370
2020-10-16,Williamstown,Friday,Normal Weekday,2020-21,2300
2020-10-17,Williamstown,Saturday,Saturday,2020-21,130
2020-10-18,Williamstown,Sunday,Sunday,2020-21,50
2020-10-19,Williamstown,Monday,Normal Weekday,2020-21,2840
2020-10-20,Williamstown,Tuesday,Normal Weekday,2020-21,3220
2020-10-21,Williamstown,Wednesday,Normal Weekday,2020-21,3220
2020-10-22,Williamstown,Thursday,Normal Weekday,2020-21,3530
2020-10-23,Williamstown,Friday,Public Holiday,2020-21,580
2020-10-24,Williamstown,Saturday,Saturday,2020-21,90
2020-10-25,Williamstown,Sunday,Sunday,2020-21,400
2020-10-26,Williamstown,Monday,Normal Weekday,2020-21,3570
2020-10-27,Williamstown,Tuesday,Normal Weekday,2020-21,3560
2020-10-28,Williamstown,Wednesday,Normal Weekday,2020-21,4940
2020-10-29,Williamstown,Thursday,Normal Weekday,2020-21,4980
2020-10-30,Williamstown,Friday,Normal Weekday,2020-21,5570
2020-10-31,Williamstown,Saturday,Saturday,2020-21,790
2020-11-01,Williamstown,Sunday,Sunday,2020-21,800
2020-11-02,Williamstown,Monday,Normal Weekday,2020-21,5050
2020-11-03,Williamstown,Tuesday,Public Holiday,2020-21,1550
2020-11-04,Williamstown,Wednesday,Normal Weekday,2020-21,4200
2020-11-05,Williamstown,Thursday,Normal Weekday,2020-21,4820
2020-11-06,Williamstown,Friday,Normal Weekday,2020-21,5440
2020-11-07,Williamstown,Saturday,Saturday,2020-21,720
2020-11-08,Williamstown,Sunday,Sunday,2020-21,660
2020-11-10,Williamstown,Tuesday,Normal Weekday,2020-21,5880
2020-11-11,Williamstown,Wednesday,Normal Weekday,2020-21,5480
2020-11-12,Williamstown,Thursday,Normal Weekday,2020-21,6170
2020-11-13,Williamstown,Friday,Normal Weekday,2020-21,6840
2020-11-14,Williamstown,Saturday,Saturday,2020-21,660
2020-11-15,Williamstown,Sunday,Sunday,2020-21,560
2020-11-16,Williamstown,Monday,Normal Weekday,2020-21,6160
2020-11-17,Williamstown,Tuesday,Normal Weekday,2020-21,5880
2020-11-18,Williamstown,Wednesday,Normal Weekday,2020-21,6390
2020-11-19,Williamstown,Thursday,Normal Weekday,2020-21,6560
2020-11-20,Williamstown,Friday,Normal Weekday,2020-21,7060
2020-11-21,Williamstown,Saturday,Saturday,2020-21,1230
2020-11-22,Williamstown,Sunday,Sunday,2020-21,590
2020-11-23,Williamstown,Monday,Normal Weekday,2020-21,5190
2020-11-24,Williamstown,Tuesday,Normal Weekday,2020-21,6600
2020-11-25,Williamstown,Wednesday,Normal Weekday,2020-21,7060
2020-11-26,Williamstown,Thursday,Normal Weekday,2020-21,7190
2020-11-27,Williamstown,Friday,Normal Weekday,2020-21,8070
2020-11-28,Williamstown,Saturday,Saturday,2020-21,1000
2020-11-29,Williamstown,Sunday,Sunday,2020-21,620
2020-11-30,Williamstown,Monday,Normal Weekday,2020-21,6750
2020-12-01,Williamstown,Tuesday,Normal Weekday,2020-21,6680
2020-12-02,Williamstown,Wednesday,Normal Weekday,2020-21,7280
2020-12-03,Williamstown,Thursday,Normal Weekday,2020-21,7720
2020-12-04,Williamstown,Friday,Normal Weekday,2020-21,8360
2020-12-05,Williamstown,Saturday,Saturday,2020-21,820
2020-12-06,Williamstown,Sunday,Sunday,2020-21,700
2020-12-07,Williamstown,Monday,Normal Weekday,2020-21,6160
2020-12-08,Williamstown,Tuesday,Normal Weekday,2020-21,7160
2020-12-09,Williamstown,Wednesday,Normal Weekday,2020-21,8250
2020-12-10,Williamstown,Thursday,Normal Weekday,2020-21,8300
2020-12-11,Williamstown,Friday,Normal Weekday,2020-21,9310
2020-12-12,Williamstown,Saturday,Saturday,2020-21,1410
2020-12-13,Williamstown,Sunday,Sunday,2020-21,960
2020-12-14,Williamstown,Monday,Normal Weekday,2020-21,7590
2020-12-15,Williamstown,Tuesday,Normal Weekday,2020-21,7800
2020-12-16,Williamstown,Wednesday,Normal Weekday,2020-21,8670
2020-12-17,Williamstown,Thursday,Normal Weekday,2020-21,8540
2020-12-18,Williamstown,Friday,Normal Weekday,2020-21,9810
2020-12-19,Williamstown,Saturday,Saturday,2020-21,1210
2020-12-20,Williamstown,Sunday,Sunday,2020-21,990
2020-12-21,Williamstown,Monday,School Holiday,2020-21,6960
2020-12-22,Williamstown,Tuesday,School Holiday,2020-21,7190
2020-12-23,Williamstown,Wednesday,School Holiday,2020-21,7440
2020-12-24,Williamstown,Thursday,School Holiday,2020-21,5090
2020-12-25,Williamstown,Friday,Public Holiday,2020-21,10
2020-12-26,Williamstown,Saturday,Public Holiday,2020-21,1090
2020-12-27,Williamstown,Sunday,Sunday,2020-21,650
2020-12-28,Williamstown,Monday,Public Holiday,2020-21,940
2020-12-29,Williamstown,Tuesday,School Holiday,2020-21,6210
2020-12-30,Williamstown,Wednesday,School Holiday,2020-21,5520
2020-12-31,Williamstown,Thursday,School Holiday,2020-21,4740
2021-01-01,Williamstown,Friday,Public Holiday,2020-21,560
2021-01-02,Williamstown,Saturday,Saturday,2020-21,870
2021-01-03,Williamstown,Sunday,Sunday,2020-21,540
2021-01-04,Williamstown,Monday,School Holiday,2020-21,4480
2021-01-05,Williamstown,Tuesday,School Holiday,2020-21,5280
2021-01-06,Williamstown,Wednesday,School Holiday,2020-21,5490
2021-01-07,Williamstown,Thursday,School Holiday,2020-21,6140
2021-01-08,Williamstown,Friday,School Holiday,2020-21,7060
2021-01-09,Williamstown,Saturday,Saturday,2020-21,1420
2021-01-10,Williamstown,Sunday,Sunday,2020-21,1280
2021-01-11,Williamstown,Monday,School Holiday,2020-21,5730
2021-01-12,Williamstown,Tuesday,School Holiday,2020-21,6910
2021-01-13,Williamstown,Wednesday,School Holiday,2020-21,6910
2021-01-14,Williamstown,Thursday,School Holiday,2020-21,7060
2021-01-15,Williamstown,Friday,School Holiday,2020-21,7150
2021-01-16,Williamstown,Saturday,Saturday,2020-21,1030
2021-01-17,Williamstown,Sunday,Sunday,2020-21,960
2021-01-18,Williamstown,Monday,School Holiday,2020-21,7140
2021-01-19,Williamstown,Tuesday,School Holiday,2020-21,7500
2021-01-20,Williamstown,Wednesday,School Holiday,2020-21,8670
2021-01-21,Williamstown,Thursday,School Holiday,2020-21,8500
2021-01-22,Williamstown,Friday,School Holiday,2020-21,8310
2021-01-23,Williamstown,Saturday,Saturday,2020-21,1430
2021-01-24,Williamstown,Sunday,Sunday,2020-21,970
2021-01-25,Williamstown,Monday,School Holiday,2020-21,5270
2021-01-26,Williamstown,Tuesday,Public Holiday,2020-21,560
2021-01-27,Williamstown,Wednesday,School Holiday,2020-21,8800
2021-01-28,Williamstown,Thursday,Normal Weekday,2020-21,8780
2021-01-29,Williamstown,Friday,Normal Weekday,2020-21,7990
2021-01-30,Williamstown,Saturday,Saturday,2020-21,1070
2021-01-31,Williamstown,Sunday,Sunday,2020-21,4450
2021-02-01,Williamstown,Monday,Normal Weekday,2020-21,9250
2021-02-02,Williamstown,Tuesday,Normal Weekday,2020-21,9730
2021-02-03,Williamstown,Wednesday,Normal Weekday,2020-21,10300
2021-02-04,Williamstown,Thursday,Normal Weekday,2020-21,9950
2021-02-05,Williamstown,Friday,Normal Weekday,2020-21,8800
2021-02-06,Williamstown,Saturday,Saturday,2020-21,7040
2021-02-07,Williamstown,Sunday,Sunday,2020-21,5250
2021-02-08,Williamstown,Monday,Normal Weekday,2020-21,9010
2021-02-09,Williamstown,Tuesday,Normal Weekday,2020-21,10010
2021-02-10,Williamstown,Wednesday,Normal Weekday,2020-21,10220
2021-02-11,Williamstown,Thursday,Normal Weekday,2020-21,9760
2021-02-12,Williamstown,Friday,Normal Weekday,2020-21,9840
2021-02-13,Williamstown,Saturday,Saturday,2020-21,500
2021-02-14,Williamstown,Sunday,Sunday,2020-21,440
2021-02-15,Williamstown,Monday,Normal Weekday,2020-21,1480
2021-02-16,Williamstown,Tuesday,Normal Weekday,2020-21,1550
2021-02-17,Williamstown,Wednesday,Normal Weekday,2020-21,1710
2021-02-18,Williamstown,Thursday,Normal Weekday,2020-21,8560
2021-02-19,Williamstown,Friday,Normal Weekday,2020-21,9110
2021-02-22,Williamstown,Monday,Normal Weekday,2020-21,8670
2021-02-23,Williamstown,Tuesday,Normal Weekday,2020-21,9510
2021-02-24,Williamstown,Wednesday,Normal Weekday,2020-21,9690
2021-02-25,Williamstown,Thursday,Normal Weekday,2020-21,10070
2021-02-26,Williamstown,Friday,Normal Weekday,2020-21,10530
2021-03-03,Williamstown,Wednesday,Normal Weekday,2020-21,10810
2021-03-04,Williamstown,Thursday,Normal Weekday,2020-21,11940
2021-03-05,Williamstown,Friday,Normal Weekday,2020-21,12380
2021-03-06,Williamstown,Saturday,Saturday,2020-21,4640
2021-03-07,Williamstown,Sunday,Sunday,2020-21,4630
2021-03-08,Williamstown,Monday,Public Holiday,2020-21,4090
2021-03-09,Williamstown,Tuesday,Normal Weekday,2020-21,10310
2021-03-10,Williamstown,Wednesday,Normal Weekday,2020-21,11090
2021-03-11,Williamstown,Thursday,Normal Weekday,2020-21,11490
2021-03-12,Williamstown,Friday,Normal Weekday,2020-21,11410
2021-03-13,Williamstown,Saturday,Saturday,2020-21,5400
2021-03-14,Williamstown,Sunday,Sunday,2020-21,5470
2021-03-15,Williamstown,Monday,Normal Weekday,2020-21,10650
2021-03-16,Williamstown,Tuesday,Normal Weekday,2020-21,11670
2021-03-17,Williamstown,Wednesday,Normal Weekday,2020-21,11430
2021-03-18,Williamstown,Thursday,Normal Weekday,2020-21,12520
2021-03-19,Williamstown,Friday,Normal Weekday,2020-21,12640
2021-03-20,Williamstown,Saturday,Saturday,2020-21,10510
2021-03-21,Williamstown,Sunday,Sunday,2020-21,6330
2021-03-22,Williamstown,Monday,Normal Weekday,2020-21,10740
2021-03-23,Williamstown,Tuesday,Normal Weekday,2020-21,11420
2021-03-24,Williamstown,Wednesday,Normal Weekday,2020-21,11550
2021-03-25,Williamstown,Thursday,Normal Weekday,2020-21,13400
2021-03-26,Williamstown,Friday,Normal Weekday,2020-21,12590
2021-03-27,Williamstown,Saturday,Saturday,2020-21,5370
2021-03-28,Williamstown,Sunday,Sunday,2020-21,6960
2021-03-29,Williamstown,Monday,Normal Weekday,2020-21,10610
2021-03-30,Williamstown,Tuesday,Normal Weekday,2020-21,14190
2021-03-31,Williamstown,Wednesday,Normal Weekday,2020-21,12880
2021-04-01,Williamstown,Thursday,Normal Weekday,2020-21,13010
2021-04-02,Williamstown,Friday,Public Holiday,2020-21,6090
2021-04-04,Williamstown,Sunday,Public Holiday,2020-21,4440
2021-04-05,Williamstown,Monday,Public Holiday,2020-21,4880
2021-04-06,Williamstown,Tuesday,School Holiday,2020-21,9840
2021-04-07,Williamstown,Wednesday,School Holiday,2020-21,11210
2021-04-08,Williamstown,Thursday,School Holiday,2020-21,11510
2021-04-09,Williamstown,Friday,School Holiday,2020-21,11870
2021-04-10,Williamstown,Saturday,Saturday,2020-21,11600
2021-04-11,Williamstown,Sunday,Sunday,2020-21,8010
2021-04-12,Williamstown,Monday,School Holiday,2020-21,10320
2021-04-13,Williamstown,Tuesday,School Holiday,2020-21,12170
2021-04-14,Williamstown,Wednesday,School Holiday,2020-21,12880
2021-04-15,Williamstown,Thursday,School Holiday,2020-21,13790
2021-04-16,Williamstown,Friday,School Holiday,2020-21,12700
2021-04-17,Williamstown,Saturday,Saturday,2020-21,9480
2021-04-18,Williamstown,Sunday,Sunday,2020-21,6570
2021-04-19,Williamstown,Monday,Normal Weekday,2020-21,10650
2021-04-20,Williamstown,Tuesday,Normal Weekday,2020-21,12340
2021-04-21,Williamstown,Wednesday,Normal Weekday,2020-21,11610
2021-04-22,Williamstown,Thursday,Normal Weekday,2020-21,12540
2021-04-23,Williamstown,Friday,Normal Weekday,2020-21,13030
2021-04-24,Williamstown,Saturday,Saturday,2020-21,7430
2021-04-25,Williamstown,Sunday,Public Holiday,2020-21,6610
2021-04-26,Williamstown,Monday,Normal Weekday,2020-21,10320
2021-04-27,Williamstown,Tuesday,Normal Weekday,2020-21,12780
2021-04-28,Williamstown,Wednesday,Normal Weekday,2020-21,13250
2021-04-29,Williamstown,Thursday,Normal Weekday,2020-21,13570
2021-04-30,Williamstown,Friday,Normal Weekday,2020-21,14240
2021-05-01,Williamstown,Saturday,Saturday,2020-21,8120
2021-05-02,Williamstown,Sunday,Sunday,2020-21,6250
2021-05-03,Williamstown,Monday,Normal Weekday,2020-21,11320
2021-05-04,Williamstown,Tuesday,Normal Weekday,2020-21,12870
2021-05-05,Williamstown,Wednesday,Normal Weekday,2020-21,14830
2021-05-06,Williamstown,Thursday,Normal Weekday,2020-21,13540
2021-05-07,Williamstown,Friday,Normal Weekday,2020-21,13680
2021-05-08,Williamstown,Saturday,Saturday,2020-21,9410
2021-05-09,Williamstown,Sunday,Sunday,2020-21,8150
2021-05-10,Williamstown,Monday,Normal Weekday,2020-21,11100
2021-05-11,Williamstown,Tuesday,Normal Weekday,2020-21,13290
2021-05-12,Williamstown,Wednesday,Normal Weekday,2020-21,14060
2021-05-13,Williamstown,Thursday,Normal Weekday,2020-21,13020
2021-05-14,Williamstown,Friday,Normal Weekday,2020-21,14120
2021-05-15,Williamstown,Saturday,Saturday,2020-21,8770
2021-05-16,Williamstown,Sunday,Sunday,2020-21,9860
2021-05-17,Williamstown,Monday,Normal Weekday,2020-21,11410
2021-05-18,Williamstown,Tuesday,Normal Weekday,2020-21,13410
2021-05-19,Williamstown,Wednesday,Normal Weekday,2020-21,14020
2021-05-20,Williamstown,Thursday,Normal Weekday,2020-21,13790
2021-05-21,Williamstown,Friday,Normal Weekday,2020-21,14020
2021-05-24,Williamstown,Monday,Normal Weekday,2020-21,10970
2021-05-25,Williamstown,Tuesday,Normal Weekday,2020-21,12820
2021-05-26,Williamstown,Wednesday,Normal Weekday,2020-21,9360
2021-05-27,Williamstown,Thursday,Normal Weekday,2020-21,8720
2021-05-28,Williamstown,Friday,Normal Weekday,2020-21,2180
2021-05-29,Williamstown,Saturday,Saturday,2020-21,1110
2021-05-30,Williamstown,Sunday,Sunday,2020-21,680
2021-05-31,Williamstown,Monday,Normal Weekday,2020-21,2260
2021-06-01,Williamstown,Tuesday,Normal Weekday,2020-21,1870
2021-06-02,Williamstown,Wednesday,Normal Weekday,2020-21,2050
2021-06-03,Williamstown,Thursday,Normal Weekday,2020-21,2070
2021-06-04,Williamstown,Friday,Normal Weekday,2020-21,2250
2021-06-05,Williamstown,Saturday,Saturday,2020-21,870
2021-06-06,Williamstown,Sunday,Sunday,2020-21,720
2021-06-07,Williamstown,Monday,Normal Weekday,2020-21,2360
2021-06-08,Williamstown,Tuesday,Normal Weekday,2020-21,2460
2021-06-09,Williamstown,Wednesday,Normal Weekday,2020-21,2600
2021-06-10,Williamstown,Thursday,Normal Weekday,2020-21,2660
2021-06-11,Williamstown,Friday,Normal Weekday,2020-21,6270
2021-06-12,Williamstown,Saturday,Saturday,2020-21,5600
2021-06-13,Williamstown,Sunday,Sunday,2020-21,5140
2021-06-14,Williamstown,Monday,Public Holiday,2020-21,2860
2021-06-15,Williamstown,Tuesday,Normal Weekday,2020-21,7160
2021-06-16,Williamstown,Wednesday,Normal Weekday,2020-21,7540
2021-06-17,Williamstown,Thursday,Normal Weekday,2020-21,7600
2021-06-18,Williamstown,Friday,Normal Weekday,2020-21,8220
2021-06-19,Williamstown,Saturday,Saturday,2020-21,930
2021-06-20,Williamstown,Sunday,Sunday,2020-21,4270
2021-06-21,Williamstown,Monday,Normal Weekday,2020-21,7620
2021-06-22,Williamstown,Tuesday,Normal Weekday,2020-21,7790
2021-06-23,Williamstown,Wednesday,Normal Weekday,2020-21,8360
2021-06-24,Williamstown,Thursday,Normal Weekday,2020-21,9310
2021-06-25,Williamstown,Friday,Normal Weekday,2020-21,9450
2021-06-26,Williamstown,Saturday,Saturday,2020-21,7190
2021-06-27,Williamstown,Sunday,Sunday,2020-21,6880
2021-06-28,Williamstown,Monday,School Holiday,2020-21,8740
2021-06-29,Williamstown,Tuesday,School Holiday,2020-21,9630
2021-06-30,Williamstown,Wednesday,School Holiday,2020-21,10310
2021-07-01,Williamstown,Thursday,School Holiday,2021-22,9900
2021-07-02,Williamstown,Friday,School Holiday,2021-22,10210
2021-07-03,Williamstown,Saturday,Saturday,2021-22,7970
2021-07-04,Williamstown,Sunday,Sunday,2021-22,6470
2021-07-05,Williamstown,Monday,School Holiday,2021-22,8870
2021-07-06,Williamstown,Tuesday,School Holiday,2021-22,9800
2021-07-07,Williamstown,Wednesday,School Holiday,2021-22,9090
2021-07-08,Williamstown,Thursday,School Holiday,2021-22,10180
2021-07-09,Williamstown,Friday,School Holiday,2021-22,11010
2021-07-10,Williamstown,Saturday,Saturday,2021-22,6730
2021-07-11,Williamstown,Sunday,Sunday,2021-22,6600
2021-07-12,Williamstown,Monday,Normal Weekday,2021-22,9660
2021-07-13,Williamstown,Tuesday,Normal Weekday,2021-22,11870
2021-07-14,Williamstown,Wednesday,Normal Weekday,2021-22,11050
2021-07-15,Williamstown,Thursday,Normal Weekday,2021-22,10360
2021-07-16,Williamstown,Friday,Normal Weekday,2021-22,2200
2021-07-17,Williamstown,Saturday,Saturday,2021-22,720
2021-07-18,Williamstown,Sunday,Sunday,2021-22,430
2021-07-19,Williamstown,Monday,Normal Weekday,2021-22,2080
2021-07-20,Williamstown,Tuesday,Normal Weekday,2021-22,1930
2021-07-21,Williamstown,Wednesday,Normal Weekday,2021-22,2140
2021-07-22,Williamstown,Thursday,Normal Weekday,2021-22,2240
2021-07-23,Williamstown,Friday,Normal Weekday,2021-22,2240
2021-07-24,Williamstown,Saturday,Saturday,2021-22,1250
2021-07-25,Williamstown,Sunday,Sunday,2021-22,900
2021-07-26,Williamstown,Monday,Normal Weekday,2021-22,2180
2021-07-27,Williamstown,Tuesday,Normal Weekday,2021-22,2420
2021-07-28,Williamstown,Wednesday,Normal Weekday,2021-22,7210
2021-07-29,Williamstown,Thursday,Normal Weekday,2021-22,7090
2021-07-30,Williamstown,Friday,Normal Weekday,2021-22,7730
2021-07-31,Williamstown,Saturday,Saturday,2021-22,6730
2021-08-01,Williamstown,Sunday,Sunday,2021-22,4830
2021-08-02,Williamstown,Monday,Normal Weekday,2021-22,7400
2021-08-03,Williamstown,Tuesday,Normal Weekday,2021-22,7540
2021-08-04,Williamstown,Wednesday,Normal Weekday,2021-22,8600
2021-08-05,Williamstown,Thursday,Normal Weekday,2021-22,7870
2021-08-06,Williamstown,Friday,Normal Weekday,2021-22,2050
2021-08-07,Williamstown,Saturday,Saturday,2021-22,640
2021-08-08,Williamstown,Sunday,Sunday,2021-22,400
2021-08-09,Williamstown,Monday,Normal Weekday,2021-22,1980
2021-08-10,Williamstown,Tuesday,Normal Weekday,2021-22,2140
2021-08-11,Williamstown,Wednesday,Normal Weekday,2021-22,2150
2021-08-12,Williamstown,Thursday,Normal Weekday,2021-22,2240
2021-08-13,Williamstown,Friday,Normal Weekday,2021-22,2570
2021-08-14,Williamstown,Saturday,Saturday,2021-22,940
2021-08-15,Williamstown,Sunday,Sunday,2021-22,700
2021-08-16,Williamstown,Monday,Normal Weekday,2021-22,1990
2021-08-17,Williamstown,Tuesday,Normal Weekday,2021-22,2170
2021-08-18,Williamstown,Wednesday,Normal Weekday,2021-22,1930
2021-08-19,Williamstown,Thursday,Normal Weekday,2021-22,2160
2021-08-20,Williamstown,Friday,Normal Weekday,2021-22,1900
2021-08-21,Williamstown,Saturday,Saturday,2021-22,710
2021-08-22,Williamstown,Sunday,Sunday,2021-22,430
2021-08-23,Williamstown,Monday,Normal Weekday,2021-22,1910
2021-08-24,Williamstown,Tuesday,Normal Weekday,2021-22,2240
2021-08-25,Williamstown,Wednesday,Normal Weekday,2021-22,2010
2021-08-26,Williamstown,Thursday,Normal Weekday,2021-22,2130
2021-08-27,Williamstown,Friday,Normal Weekday,2021-22,2280
2021-08-28,Williamstown,Saturday,Saturday,2021-22,1020
2021-08-29,Williamstown,Sunday,Sunday,2021-22,570
2021-08-30,Williamstown,Monday,Normal Weekday,2021-22,2270
2021-08-31,Williamstown,Tuesday,Normal Weekday,2021-22,2180
2021-09-01,Williamstown,Wednesday,Normal Weekday,2021-22,2440
2021-09-02,Williamstown,Thursday,Normal Weekday,2021-22,2380
2021-09-03,Williamstown,Friday,Normal Weekday,2021-22,2010
2021-09-04,Williamstown,Saturday,Saturday,2021-22,1180
2021-09-05,Williamstown,Sunday,Sunday,2021-22,840
2021-09-06,Williamstown,Monday,Normal Weekday,2021-22,3310
2021-09-07,Williamstown,Tuesday,Normal Weekday,2021-22,3170
2021-09-08,Williamstown,Wednesday,Normal Weekday,2021-22,2400
2021-09-09,Williamstown,Thursday,Normal Weekday,2021-22,2500
2021-09-10,Williamstown,Friday,Normal Weekday,2021-22,2360
2021-09-11,Williamstown,Saturday,Saturday,2021-22,880
2021-09-12,Williamstown,Sunday,Sunday,2021-22,660
2021-09-13,Williamstown,Monday,Normal Weekday,2021-22,2280
2021-09-14,Williamstown,Tuesday,Normal Weekday,2021-22,2820
2021-09-15,Williamstown,Wednesday,Normal Weekday,2021-22,2690
2021-09-16,Williamstown,Thursday,Normal Weekday,2021-22,2440
2021-09-17,Williamstown,Friday,Normal Weekday,2021-22,2590
2021-09-18,Williamstown,Saturday,Saturday,2021-22,400
2021-09-19,Williamstown,Sunday,Sunday,2021-22,990
2021-09-20,Williamstown,Monday,School Holiday,2021-22,2460
2021-09-21,Williamstown,Tuesday,School Holiday,2021-22,2730
2021-09-22,Williamstown,Wednesday,School Holiday,2021-22,2550
2021-09-23,Williamstown,Thursday,School Holiday,2021-22,210
2021-09-24,Williamstown,Friday,Public Holiday,2021-22,770
2021-09-25,Williamstown,Saturday,Saturday,2021-22,1100
2021-09-26,Williamstown,Sunday,Sunday,2021-22,840
2021-09-27,Williamstown,Monday,School Holiday,2021-22,170
2021-09-28,Williamstown,Tuesday,School Holiday,2021-22,240
2021-09-29,Williamstown,Wednesday,School Holiday,2021-22,160
2021-09-30,Williamstown,Thursday,School Holiday,2021-22,170
2021-10-01,Williamstown,Friday,School Holiday,2021-22,180
2021-10-02,Williamstown,Saturday,Saturday,2021-22,1020
2021-10-03,Williamstown,Sunday,Sunday,2021-22,740
2021-10-04,Williamstown,Monday,Normal Weekday,2021-22,160
2021-10-05,Williamstown,Tuesday,Normal Weekday,2021-22,2580
2021-10-06,Williamstown,Wednesday,Normal Weekday,2021-22,160
2021-10-07,Williamstown,Thursday,Normal Weekday,2021-22,230
2021-10-08,Williamstown,Friday,Normal Weekday,2021-22,290
2021-10-09,Williamstown,Saturday,Saturday,2021-22,1730
2021-10-10,Williamstown,Sunday,Sunday,2021-22,990
2021-10-11,Williamstown,Monday,Normal Weekday,2021-22,150
2021-10-12,Williamstown,Tuesday,Normal Weekday,2021-22,220
2021-10-13,Williamstown,Wednesday,Normal Weekday,2021-22,210
2021-10-14,Williamstown,Thursday,Normal Weekday,2021-22,180
2021-10-15,Williamstown,Friday,Normal Weekday,2021-22,130
2021-10-16,Williamstown,Saturday,Saturday,2021-22,1450
2021-10-17,Williamstown,Sunday,Sunday,2021-22,1610
2021-10-18,Williamstown,Monday,Normal Weekday,2021-22,220
2021-10-19,Williamstown,Tuesday,Normal Weekday,2021-22,2920
2021-10-20,Williamstown,Wednesday,Normal Weekday,2021-22,260
2021-10-21,Williamstown,Thursday,Normal Weekday,2021-22,230
2021-10-22,Williamstown,Friday,Normal Weekday,2021-22,500
2021-10-23,Williamstown,Saturday,Saturday,2021-22,2590
2021-10-24,Williamstown,Sunday,Sunday,2021-22,1960
2021-10-25,Williamstown,Monday,Normal Weekday,2021-22,290
2021-10-26,Williamstown,Tuesday,Normal Weekday,2021-22,460
2021-10-27,Williamstown,Wednesday,Normal Weekday,2021-22,540
2021-10-28,Williamstown,Thursday,Normal Weekday,2021-22,460
2021-10-29,Williamstown,Friday,Normal Weekday,2021-22,180
2021-10-30,Williamstown,Saturday,Saturday,2021-22,3990
2021-10-31,Williamstown,Sunday,Sunday,2021-22,3600
2021-11-01,Williamstown,Monday,Normal Weekday,2021-22,620
2021-11-02,Williamstown,Tuesday,Public Holiday,2021-22,2800
2021-11-03,Williamstown,Wednesday,Normal Weekday,2021-22,430
2021-11-04,Williamstown,Thursday,Normal Weekday,2021-22,630
2021-11-05,Williamstown,Friday,Normal Weekday,2021-22,890
2021-11-06,Williamstown,Saturday,Saturday,2021-22,4220
2021-11-07,Williamstown,Sunday,Sunday,2021-22,2900
2021-11-08,Williamstown,Monday,Normal Weekday,2021-22,570
2021-11-09,Williamstown,Tuesday,Normal Weekday,2021-22,750
2021-11-10,Williamstown,Wednesday,Normal Weekday,2021-22,640
2021-11-11,Williamstown,Thursday,Normal Weekday,2021-22,710
2021-11-12,Williamstown,Friday,Normal Weekday,2021-22,690
2021-11-13,Williamstown,Saturday,Saturday,2021-22,4250
2021-11-14,Williamstown,Sunday,Sunday,2021-22,3110
2021-11-15,Williamstown,Monday,Normal Weekday,2021-22,720
2021-11-16,Williamstown,Tuesday,Normal Weekday,2021-22,680
2021-11-17,Williamstown,Wednesday,Normal Weekday,2021-22,920
2021-11-18,Williamstown,Thursday,Normal Weekday,2021-22,860
2021-11-19,Williamstown,Friday,Normal Weekday,2021-22,1370
2021-11-20,Williamstown,Saturday,Saturday,2021-22,5130
2021-11-21,Williamstown,Sunday,Sunday,2021-22,3550
2021-11-22,Williamstown,Monday,Normal Weekday,2021-22,740
2021-11-23,Williamstown,Tuesday,Normal Weekday,2021-22,770
2021-11-24,Williamstown,Wednesday,Normal Weekday,2021-22,890
2021-11-25,Williamstown,Thursday,Normal Weekday,2021-22,1050
2021-11-26,Williamstown,Friday,Normal Weekday,2021-22,1270
2021-11-27,Williamstown,Saturday,Saturday,2021-22,6700
2021-11-28,Williamstown,Sunday,Sunday,2021-22,5060
2021-11-29,Williamstown,Monday,Normal Weekday,2021-22,1010
2021-11-30,Williamstown,Tuesday,Normal Weekday,2021-22,880
2021-12-01,Williamstown,Wednesday,Normal Weekday,2021-22,800
2021-12-02,Williamstown,Thursday,Normal Weekday,2021-22,970
2021-12-03,Williamstown,Friday,Normal Weekday,2021-22,1370
2021-12-04,Williamstown,Saturday,Saturday,2021-22,1390
2021-12-05,Williamstown,Sunday,Sunday,2021-22,3800
2021-12-06,Williamstown,Monday,Normal Weekday,2021-22,880
2021-12-07,Williamstown,Tuesday,Normal Weekday,2021-22,930
2021-12-08,Williamstown,Wednesday,Normal Weekday,2021-22,1130
2021-12-09,Williamstown,Thursday,Normal Weekday,2021-22,1360
2021-12-10,Williamstown,Friday,Normal Weekday,2021-22,1260
2021-12-11,Williamstown,Saturday,Saturday,2021-22,1710
2021-12-12,Williamstown,Sunday,Sunday,2021-22,1710
2021-12-13,Williamstown,Monday,Normal Weekday,2021-22,870
2021-12-14,Williamstown,Tuesday,Normal Weekday,2021-22,1020
2021-12-15,Williamstown,Wednesday,Normal Weekday,2021-22,1140
2021-12-16,Williamstown,Thursday,Normal Weekday,2021-22,1360
2021-12-17,Williamstown,Friday,Normal Weekday,2021-22,10820
2021-12-18,Williamstown,Saturday,Saturday,2021-22,5410
2021-12-19,Williamstown,Sunday,Sunday,2021-22,3920
2021-12-20,Williamstown,Monday,School Holiday,2021-22,7680
2021-12-21,Williamstown,Tuesday,School Holiday,2021-22,7860
2021-12-22,Williamstown,Wednesday,School Holiday,2021-22,7990
2021-12-23,Williamstown,Thursday,School Holiday,2021-22,6440
2021-12-24,Williamstown,Friday,School Holiday,2021-22,4060
2021-12-25,Williamstown,Saturday,Public Holiday,2021-22,1370
2021-12-26,Williamstown,Sunday,Public Holiday,2021-22,3830
2021-12-27,Williamstown,Monday,Public Holiday,2021-22,3350
2021-12-28,Williamstown,Tuesday,Public Holiday,2021-22,4080
2021-12-29,Williamstown,Wednesday,School Holiday,2021-22,5360
2021-12-30,Williamstown,Thursday,School Holiday,2021-22,5120
2021-12-31,Williamstown,Friday,School Holiday,2021-22,5270
2022-01-01,Williamstown,Saturday,Public Holiday,2021-22,2950
2022-01-02,Williamstown,Sunday,Sunday,2021-22,3020
2022-01-03,Williamstown,Monday,Public Holiday,2021-22,2910
2022-01-04,Williamstown,Tuesday,School Holiday,2021-22,4430
2022-01-05,Williamstown,Wednesday,School Holiday,2021-22,3730
2022-01-06,Williamstown,Thursday,School Holiday,2021-22,3770
2022-01-07,Williamstown,Friday,School Holiday,2021-22,3950
2022-01-08,Williamstown,Saturday,Saturday,2021-22,3180
2022-01-09,Williamstown,Sunday,Sunday,2021-22,2420
2022-01-10,Williamstown,Monday,School Holiday,2021-22,4740
2022-01-11,Williamstown,Tuesday,School Holiday,2021-22,4600
2022-01-12,Williamstown,Wednesday,School Holiday,2021-22,5330
2022-01-13,Williamstown,Thursday,School Holiday,2021-22,5620
2022-01-14,Williamstown,Friday,School Holiday,2021-22,5500
2022-01-15,Williamstown,Saturday,Saturday,2021-22,4540
2022-01-16,Williamstown,Sunday,Sunday,2021-22,3920
2022-01-17,Williamstown,Monday,School Holiday,2021-22,6120
2022-01-18,Williamstown,Tuesday,School Holiday,2021-22,6700
2022-01-19,Williamstown,Wednesday,School Holiday,2021-22,7060
2022-01-20,Williamstown,Thursday,School Holiday,2021-22,7230
2022-01-21,Williamstown,Friday,School Holiday,2021-22,7580
2022-01-22,Williamstown,Saturday,Saturday,2021-22,5400
2022-01-23,Williamstown,Sunday,Sunday,2021-22,3820
2022-01-24,Williamstown,Monday,School Holiday,2021-22,6120
2022-01-25,Williamstown,Tuesday,School Holiday,2021-22,7300
2022-01-26,Williamstown,Wednesday,Public Holiday,2021-22,3340
2022-01-27,Williamstown,Thursday,School Holiday,2021-22,6850
2022-01-28,Williamstown,Friday,School Holiday,2021-22,7330
2022-01-29,Williamstown,Saturday,Saturday,2021-22,4610
2022-01-30,Williamstown,Sunday,Sunday,2021-22,3890
2022-01-31,Williamstown,Monday,Normal Weekday,2021-22,7250
2022-02-01,Williamstown,Tuesday,Normal Weekday,2021-22,7930
2022-02-02,Williamstown,Wednesday,Normal Weekday,2021-22,8600
2022-02-03,Williamstown,Thursday,Normal Weekday,2021-22,8210
2022-02-04,Williamstown,Friday,Normal Weekday,2021-22,9430
2022-02-05,Williamstown,Saturday,Saturday,2021-22,8240
2022-02-06,Williamstown,Sunday,Sunday,2021-22,4510
2022-02-07,Williamstown,Monday,Normal Weekday,2021-22,7700
2022-02-08,Williamstown,Tuesday,Normal Weekday,2021-22,8810
2022-02-09,Williamstown,Wednesday,Normal Weekday,2021-22,8720
2022-02-10,Williamstown,Thursday,Normal Weekday,2021-22,8870
2022-02-11,Williamstown,Friday,Normal Weekday,2021-22,9420
2022-02-12,Williamstown,Saturday,Saturday,2021-22,6620
2022-02-13,Williamstown,Sunday,Sunday,2021-22,4640
2022-02-14,Williamstown,Monday,Normal Weekday,2021-22,8710
2022-02-15,Williamstown,Tuesday,Normal Weekday,2021-22,9490
2022-02-16,Williamstown,Wednesday,Normal Weekday,2021-22,9440
2022-02-17,Williamstown,Thursday,Normal Weekday,2021-22,9630
2022-02-18,Williamstown,Friday,Normal Weekday,2021-22,9970
2022-02-19,Williamstown,Saturday,Saturday,2021-22,6210
2022-02-20,Williamstown,Sunday,Sunday,2021-22,5380
2022-02-21,Williamstown,Monday,Normal Weekday,2021-22,8190
2022-02-22,Williamstown,Tuesday,Normal Weekday,2021-22,10170
2022-02-23,Williamstown,Wednesday,Normal Weekday,2021-22,10490
2022-02-24,Williamstown,Thursday,Normal Weekday,2021-22,10490
2022-02-25,Williamstown,Friday,Normal Weekday,2021-22,14010
2022-02-26,Williamstown,Saturday,Saturday,2021-22,10600
2022-02-27,Williamstown,Sunday,Sunday,2021-22,6700
2022-02-28,Williamstown,Monday,Normal Weekday,2021-22,9790
2022-03-01,Williamstown,Tuesday,Normal Weekday,2021-22,11760
2022-03-02,Williamstown,Wednesday,Normal Weekday,2021-22,11150
2022-03-03,Williamstown,Thursday,Normal Weekday,2021-22,12970
2022-03-04,Williamstown,Friday,Normal Weekday,2021-22,12190
2022-03-07,Williamstown,Monday,Normal Weekday,2021-22,11150
2022-03-08,Williamstown,Tuesday,Normal Weekday,2021-22,12320
2022-03-09,Williamstown,Wednesday,Normal Weekday,2021-22,12140
2022-03-10,Williamstown,Thursday,Normal Weekday,2021-22,12130
2022-03-11,Williamstown,Friday,Normal Weekday,2021-22,11200
2022-03-12,Williamstown,Saturday,Saturday,2021-22,10660
2022-03-13,Williamstown,Sunday,Sunday,2021-22,9480
2022-03-14,Williamstown,Monday,Public Holiday,2021-22,6730
2022-03-15,Williamstown,Tuesday,Normal Weekday,2021-22,12080
2022-03-16,Williamstown,Wednesday,Normal Weekday,2021-22,14010
2022-03-17,Williamstown,Thursday,Normal Weekday,2021-22,12820
2022-03-18,Williamstown,Friday,Normal Weekday,2021-22,12090
2022-03-19,Williamstown,Saturday,Saturday,2021-22,8780
2022-03-20,Williamstown,Sunday,Sunday,2021-22,5800
2022-03-21,Williamstown,Monday,Normal Weekday,2021-22,10960
2022-03-22,Williamstown,Tuesday,Normal Weekday,2021-22,13180
2022-03-23,Williamstown,Wednesday,Normal Weekday,2021-22,13400
2022-03-24,Williamstown,Thursday,Normal Weekday,2021-22,13330
2022-03-25,Williamstown,Friday,Normal Weekday,2021-22,13050
2022-03-26,Williamstown,Saturday,Saturday,2021-22,10470
2022-03-27,Williamstown,Sunday,Sunday,2021-22,8920
2022-03-28,Williamstown,Monday,Normal Weekday,2021-22,10930
2022-03-29,Williamstown,Tuesday,Normal Weekday,2021-22,12610
2022-03-30,Williamstown,Wednesday,Normal Weekday,2021-22,13930
2022-03-31,Williamstown,Thursday,Normal Weekday,2021-22,14590
2022-04-01,Williamstown,Friday,Normal Weekday,2021-22,11950
2022-04-02,Williamstown,Saturday,Saturday,2021-22,8140
2022-04-03,Williamstown,Sunday,Sunday,2021-22,8090
2022-04-04,Williamstown,Monday,Normal Weekday,2021-22,11220
2022-04-05,Williamstown,Tuesday,Normal Weekday,2021-22,13440
2022-04-06,Williamstown,Wednesday,Normal Weekday,2021-22,12320
2022-04-07,Williamstown,Thursday,Normal Weekday,2021-22,14200
2022-04-08,Williamstown,Friday,Normal Weekday,2021-22,13220
2022-04-09,Williamstown,Saturday,Saturday,2021-22,11180
2022-04-10,Williamstown,Sunday,Sunday,2021-22,9370
2022-04-11,Williamstown,Monday,School Holiday,2021-22,11130
2022-04-12,Williamstown,Tuesday,School Holiday,2021-22,11830
2022-04-13,Williamstown,Wednesday,School Holiday,2021-22,13290
2022-04-14,Williamstown,Thursday,School Holiday,2021-22,11800
2022-04-15,Williamstown,Friday,Public Holiday,2021-22,6390
2022-04-16,Williamstown,Saturday,Public Holiday,2021-22,9580
2022-04-17,Williamstown,Sunday,Public Holiday,2021-22,8120
2022-04-18,Williamstown,Monday,Public Holiday,2021-22,4660
2022-04-19,Williamstown,Tuesday,School Holiday,2021-22,9550
2022-04-20,Williamstown,Wednesday,School Holiday,2021-22,11090
2022-04-21,Williamstown,Thursday,School Holiday,2021-22,11110
2022-04-22,Williamstown,Friday,School Holiday,2021-22,11410
2022-04-23,Williamstown,Saturday,Saturday,2021-22,8600
2022-04-24,Williamstown,Sunday,Sunday,2021-22,7370
2022-04-25,Williamstown,Monday,Public Holiday,2021-22,6760
2022-04-26,Williamstown,Tuesday,Normal Weekday,2021-22,12550
2022-04-27,Williamstown,Wednesday,Normal Weekday,2021-22,13290
2022-04-28,Williamstown,Thursday,Normal Weekday,2021-22,13610
2022-04-29,Williamstown,Friday,Normal Weekday,2021-22,12310
2022-04-30,Williamstown,Saturday,Saturday,2021-22,10410
2022-05-01,Williamstown,Sunday,Sunday,2021-22,9360
2022-05-02,Williamstown,Monday,Normal Weekday,2021-22,10780
2022-05-03,Williamstown,Tuesday,Normal Weekday,2021-22,12370
2022-05-04,Williamstown,Wednesday,Normal Weekday,2021-22,13360
2022-05-05,Williamstown,Thursday,Normal Weekday,2021-22,13400
2022-05-06,Williamstown,Friday,Normal Weekday,2021-22,11340
2022-05-07,Williamstown,Saturday,Saturday,2021-22,12020
2022-05-08,Williamstown,Sunday,Sunday,2021-22,8250
2022-05-09,Williamstown,Monday,Normal Weekday,2021-22,11330
2022-05-10,Williamstown,Tuesday,Normal Weekday,2021-22,12880
2022-05-11,Williamstown,Wednesday,Normal Weekday,2021-22,13450
2022-05-12,Williamstown,Thursday,Normal Weekday,2021-22,13170
2022-05-13,Williamstown,Friday,Normal Weekday,2021-22,12650
2022-05-14,Williamstown,Saturday,Saturday,2021-22,8230
2022-05-15,Williamstown,Sunday,Sunday,2021-22,5740
2022-05-16,Williamstown,Monday,Normal Weekday,2021-22,10250
2022-05-17,Williamstown,Tuesday,Normal Weekday,2021-22,13180
2022-05-18,Williamstown,Wednesday,Normal Weekday,2021-22,13210
2022-05-19,Williamstown,Thursday,Normal Weekday,2021-22,13090
2022-05-20,Williamstown,Friday,Normal Weekday,2021-22,12160
2022-05-21,Williamstown,Saturday,Saturday,2021-22,8900
2022-05-22,Williamstown,Sunday,Sunday,2021-22,5220
2022-05-23,Williamstown,Monday,Normal Weekday,2021-22,10250
2022-05-24,Williamstown,Tuesday,Normal Weekday,2021-22,12840
2022-05-25,Williamstown,Wednesday,Normal Weekday,2021-22,12830
2022-05-26,Williamstown,Thursday,Normal Weekday,2021-22,14480
2022-05-27,Williamstown,Friday,Normal Weekday,2021-22,13020
2022-05-28,Williamstown,Saturday,Saturday,2021-22,8000
2022-05-29,Williamstown,Sunday,Sunday,2021-22,9470
2022-05-30,Williamstown,Monday,Normal Weekday,2021-22,9880
2022-05-31,Williamstown,Tuesday,Normal Weekday,2021-22,12250
2022-06-01,Williamstown,Wednesday,Normal Weekday,2021-22,10270
2022-06-02,Williamstown,Thursday,Normal Weekday,2021-22,10190
2022-06-03,Williamstown,Friday,Normal Weekday,2021-22,13410
2022-06-04,Williamstown,Saturday,Saturday,2021-22,7070
2022-06-05,Williamstown,Sunday,Sunday,2021-22,4820
2022-06-06,Williamstown,Monday,Normal Weekday,2021-22,10820
2022-06-07,Williamstown,Tuesday,Normal Weekday,2021-22,11890
2022-06-08,Williamstown,Wednesday,Normal Weekday,2021-22,12870
2022-06-09,Williamstown,Thursday,Normal Weekday,2021-22,12830
2022-06-10,Williamstown,Friday,Normal Weekday,2021-22,12680
2022-06-11,Williamstown,Saturday,Saturday,2021-22,7330
2022-06-12,Williamstown,Sunday,Sunday,2021-22,6600
2022-06-13,Williamstown,Monday,Public Holiday,2021-22,5900
2022-06-14,Williamstown,Tuesday,Normal Weekday,2021-22,12550
2022-06-15,Williamstown,Wednesday,Normal Weekday,2021-22,12370
2022-06-16,Williamstown,Thursday,Normal Weekday,2021-22,12440
2022-06-17,Williamstown,Friday,Normal Weekday,2021-22,12140
2022-06-18,Williamstown,Saturday,Saturday,2021-22,7870
2022-06-19,Williamstown,Sunday,Sunday,2021-22,5910
2022-06-20,Williamstown,Monday,Normal Weekday,2021-22,10770
2022-06-21,Williamstown,Tuesday,Normal Weekday,2021-22,12290
2022-06-22,Williamstown,Wednesday,Normal Weekday,2021-22,12650
2022-06-23,Williamstown,Thursday,Normal Weekday,2021-22,13240
2022-06-24,Williamstown,Friday,Normal Weekday,2021-22,13410
2022-06-25,Williamstown,Saturday,Saturday,2021-22,12290
2022-06-26,Williamstown,Sunday,Sunday,2021-22,5270
2022-06-27,Williamstown,Monday,School Holiday,2021-22,9960
2022-06-28,Williamstown,Tuesday,School Holiday,2021-22,12840
2022-06-29,Williamstown,Wednesday,School Holiday,2021-22,12940
2022-06-30,Williamstown,Thursday,School Holiday,2021-22,12570
2022-07-01,Williamstown,Friday,School Holiday,2022-23,12010
2022-07-02,Williamstown,Saturday,Saturday,2022-23,8600
2022-07-03,Williamstown,Sunday,Sunday,2022-23,7020
2022-07-04,Williamstown,Monday,School Holiday,2022-23,10770
2022-07-05,Williamstown,Tuesday,School Holiday,2022-23,12450
2022-07-06,Williamstown,Wednesday,School Holiday,2022-23,12220
2022-07-07,Williamstown,Thursday,School Holiday,2022-23,11350
2022-07-08,Williamstown,Friday,School Holiday,2022-23,10460
2022-07-09,Williamstown,Saturday,Saturday,2022-23,10560
2022-07-10,Williamstown,Sunday,Sunday,2022-23,8040
2022-07-11,Williamstown,Monday,Normal Weekday,2022-23,10880
2022-07-12,Williamstown,Tuesday,Normal Weekday,2022-23,11990
2022-07-13,Williamstown,Wednesday,Normal Weekday,2022-23,11730
2022-07-14,Williamstown,Thursday,Normal Weekday,2022-23,11790
2022-07-15,Williamstown,Friday,Normal Weekday,2022-23,12400
2022-07-16,Williamstown,Saturday,Saturday,2022-23,10090
2022-07-17,Williamstown,Sunday,Sunday,2022-23,7220
2022-07-18,Williamstown,Monday,Normal Weekday,2022-23,10410
2022-07-19,Williamstown,Tuesday,Normal Weekday,2022-23,12790
2022-07-20,Williamstown,Wednesday,Normal Weekday,2022-23,12220
2022-07-21,Williamstown,Thursday,Normal Weekday,2022-23,11640
2022-07-22,Williamstown,Friday,Normal Weekday,2022-23,12010
2022-07-23,Williamstown,Saturday,Saturday,2022-23,7290
2022-07-24,Williamstown,Sunday,Sunday,2022-23,10530
2022-07-25,Williamstown,Monday,Normal Weekday,2022-23,9360
2022-07-26,Williamstown,Tuesday,Normal Weekday,2022-23,11230
2022-07-27,Williamstown,Wednesday,Normal Weekday,2022-23,11740
2022-07-28,Williamstown,Thursday,Normal Weekday,2022-23,11850
2022-07-29,Williamstown,Friday,Normal Weekday,2022-23,12190
2022-07-30,Williamstown,Saturday,Saturday,2022-23,10260
2022-07-31,Williamstown,Sunday,Sunday,2022-23,7720
2022-08-01,Williamstown,Monday,Normal Weekday,2022-23,10940
2022-08-02,Williamstown,Tuesday,Normal Weekday,2022-23,11740
2022-08-03,Williamstown,Wednesday,Normal Weekday,2022-23,12600
2022-08-04,Williamstown,Thursday,Normal Weekday,2022-23,13030
2022-08-05,Williamstown,Friday,Normal Weekday,2022-23,11700
2022-08-06,Williamstown,Saturday,Saturday,2022-23,10450
2022-08-07,Williamstown,Sunday,Sunday,2022-23,9070
2022-08-08,Williamstown,Monday,Normal Weekday,2022-23,10590
2022-08-09,Williamstown,Tuesday,Normal Weekday,2022-23,12550
2022-08-10,Williamstown,Wednesday,Normal Weekday,2022-23,12510
2022-08-11,Williamstown,Thursday,Normal Weekday,2022-23,12360
2022-08-12,Williamstown,Friday,Normal Weekday,2022-23,12110
2022-08-13,Williamstown,Saturday,Saturday,2022-23,10320
2022-08-14,Williamstown,Sunday,Sunday,2022-23,8450
2022-08-15,Williamstown,Monday,Normal Weekday,2022-23,10290
2022-08-16,Williamstown,Tuesday,Normal Weekday,2022-23,12670
2022-08-17,Williamstown,Wednesday,Normal Weekday,2022-23,13160
2022-08-18,Williamstown,Thursday,Normal Weekday,2022-23,11870
2022-08-19,Williamstown,Friday,Normal Weekday,2022-23,12640
2022-08-20,Williamstown,Saturday,Saturday,2022-23,9260
2022-08-21,Williamstown,Sunday,Sunday,2022-23,10840
2022-08-22,Williamstown,Monday,Normal Weekday,2022-23,11010
2022-08-23,Williamstown,Tuesday,Normal Weekday,2022-23,13420
2022-08-24,Williamstown,Wednesday,Normal Weekday,2022-23,12570
2022-08-25,Williamstown,Thursday,Normal Weekday,2022-23,12680
2022-08-26,Williamstown,Friday,Normal Weekday,2022-23,11960
2022-08-27,Williamstown,Saturday,Saturday,2022-23,10060
2022-08-28,Williamstown,Sunday,Sunday,2022-23,8010
2022-08-29,Williamstown,Monday,Normal Weekday,2022-23,10300
2022-08-30,Williamstown,Tuesday,Normal Weekday,2022-23,12270
2022-08-31,Williamstown,Wednesday,Normal Weekday,2022-23,13000
2022-09-01,Williamstown,Thursday,Normal Weekday,2022-23,12820
2022-09-02,Williamstown,Friday,Normal Weekday,2022-23,13650
2022-09-03,Williamstown,Saturday,Saturday,2022-23,9690
2022-09-04,Williamstown,Sunday,Sunday,2022-23,5210
2022-09-05,Williamstown,Monday,Normal Weekday,2022-23,11640
2022-09-06,Williamstown,Tuesday,Normal Weekday,2022-23,13240
2022-09-07,Williamstown,Wednesday,Normal Weekday,2022-23,13940
2022-09-08,Williamstown,Thursday,Normal Weekday,2022-23,13650
2022-09-09,Williamstown,Friday,Normal Weekday,2022-23,13120
2022-09-10,Williamstown,Saturday,Saturday,2022-23,11080
2022-09-11,Williamstown,Sunday,Sunday,2022-23,6320
2022-09-12,Williamstown,Monday,Normal Weekday,2022-23,10810
2022-09-13,Williamstown,Tuesday,Normal Weekday,2022-23,13450
2022-09-14,Williamstown,Wednesday,Normal Weekday,2022-23,13290
2022-09-15,Williamstown,Thursday,Normal Weekday,2022-23,14680
2022-09-16,Williamstown,Friday,Normal Weekday,2022-23,13750
2022-09-17,Williamstown,Saturday,Saturday,2022-23,8260
2022-09-18,Williamstown,Sunday,Sunday,2022-23,6590
2022-09-19,Williamstown,Monday,School Holiday,2022-23,12020
2022-09-20,Williamstown,Tuesday,School Holiday,2022-23,11220
2022-09-21,Williamstown,Wednesday,School Holiday,2022-23,13470
2022-09-22,Williamstown,Thursday,Public Holiday,2022-23,8130
2022-09-23,Williamstown,Friday,Public Holiday,2022-23,7160
2022-09-24,Williamstown,Saturday,Saturday,2022-23,8560
2022-09-25,Williamstown,Sunday,Sunday,2022-23,6620
2022-09-26,Williamstown,Monday,School Holiday,2022-23,8950
2022-09-27,Williamstown,Tuesday,School Holiday,2022-23,12130
2022-09-28,Williamstown,Wednesday,School Holiday,2022-23,11930
2022-09-29,Williamstown,Thursday,School Holiday,2022-23,14320
2022-09-30,Williamstown,Friday,School Holiday,2022-23,13150
2022-10-01,Williamstown,Saturday,Saturday,2022-23,11990
2022-10-02,Williamstown,Sunday,Sunday,2022-23,7420
2022-10-03,Williamstown,Monday,Normal Weekday,2022-23,11470
2022-10-04,Williamstown,Tuesday,Normal Weekday,2022-23,14320
2022-10-05,Williamstown,Wednesday,Normal Weekday,2022-23,13870
2022-10-06,Williamstown,Thursday,Normal Weekday,2022-23,14590
2022-10-07,Williamstown,Friday,Normal Weekday,2022-23,12940
2022-10-08,Williamstown,Saturday,Saturday,2022-23,10710
2022-10-09,Williamstown,Sunday,Sunday,2022-23,7480
2022-10-10,Williamstown,Monday,Normal Weekday,2022-23,11370
2022-10-11,Williamstown,Tuesday,Normal Weekday,2022-23,13670
2022-10-12,Williamstown,Wednesday,Normal Weekday,2022-23,13610
2022-10-13,Williamstown,Thursday,Normal Weekday,2022-23,9820
2022-10-14,Williamstown,Friday,Normal Weekday,2022-23,11870
2022-10-17,Williamstown,Monday,Normal Weekday,2022-23,10280
2022-10-18,Williamstown,Tuesday,Normal Weekday,2022-23,13910
2022-10-19,Williamstown,Wednesday,Normal Weekday,2022-23,13620
2022-10-20,Williamstown,Thursday,Normal Weekday,2022-23,14150
2022-10-21,Williamstown,Friday,Normal Weekday,2022-23,12570
2022-10-22,Williamstown,Saturday,Saturday,2022-23,8280
2022-10-23,Williamstown,Sunday,Sunday,2022-23,6820
2022-10-24,Williamstown,Monday,Normal Weekday,2022-23,11420
2022-10-25,Williamstown,Tuesday,Normal Weekday,2022-23,13040
2022-10-26,Williamstown,Wednesday,Normal Weekday,2022-23,13780
2022-10-27,Williamstown,Thursday,Normal Weekday,2022-23,13610
2022-10-28,Williamstown,Friday,Normal Weekday,2022-23,11190
2022-10-29,Williamstown,Saturday,Saturday,2022-23,860
2022-10-30,Williamstown,Sunday,Sunday,2022-23,5460
2022-10-31,Williamstown,Monday,Normal Weekday,2022-23,8380
2022-11-01,Williamstown,Tuesday,Public Holiday,2022-23,510
2022-11-02,Williamstown,Wednesday,Normal Weekday,2022-23,13090
2022-11-03,Williamstown,Thursday,Normal Weekday,2022-23,15750
2022-11-04,Williamstown,Friday,Normal Weekday,2022-23,12720
2022-11-05,Williamstown,Saturday,Saturday,2022-23,1680
2022-11-06,Williamstown,Sunday,Sunday,2022-23,6930
2022-11-07,Williamstown,Monday,Normal Weekday,2022-23,11470
2022-11-08,Williamstown,Tuesday,Normal Weekday,2022-23,14380
2022-11-09,Williamstown,Wednesday,Normal Weekday,2022-23,13640
2022-11-10,Williamstown,Thursday,Normal Weekday,2022-23,13510
2022-11-11,Williamstown,Friday,Normal Weekday,2022-23,12940
2022-11-12,Williamstown,Saturday,Saturday,2022-23,10630
2022-11-13,Williamstown,Sunday,Sunday,2022-23,6440
2022-11-14,Williamstown,Monday,Normal Weekday,2022-23,9850
2022-11-15,Williamstown,Tuesday,Normal Weekday,2022-23,13180
2022-11-16,Williamstown,Wednesday,Normal Weekday,2022-23,13480
2022-11-17,Williamstown,Thursday,Normal Weekday,2022-23,13610
2022-11-18,Williamstown,Friday,Normal Weekday,2022-23,12740
2022-11-19,Williamstown,Saturday,Saturday,2022-23,7920
2022-11-20,Williamstown,Sunday,Sunday,2022-23,5750
2022-11-21,Williamstown,Monday,Normal Weekday,2022-23,11420
2022-11-22,Williamstown,Tuesday,Normal Weekday,2022-23,13370
2022-11-23,Williamstown,Wednesday,Normal Weekday,2022-23,13870
2022-11-24,Williamstown,Thursday,Normal Weekday,2022-23,14950
2022-11-25,Williamstown,Friday,Normal Weekday,2022-23,13780
2022-11-26,Williamstown,Saturday,Saturday,2022-23,9930
2022-11-27,Williamstown,Sunday,Sunday,2022-23,7800
2022-11-28,Williamstown,Monday,Normal Weekday,2022-23,12010
2022-11-29,Williamstown,Tuesday,Normal Weekday,2022-23,14020
2022-11-30,Williamstown,Wednesday,Normal Weekday,2022-23,14210
2022-12-01,Williamstown,Thursday,Normal Weekday,2022-23,13960
2022-12-02,Williamstown,Friday,Normal Weekday,2022-23,14590
2022-12-03,Williamstown,Saturday,Saturday,2022-23,10890
2022-12-04,Williamstown,Sunday,Sunday,2022-23,7710
2022-12-05,Williamstown,Monday,Normal Weekday,2022-23,11930
2022-12-06,Williamstown,Tuesday,Normal Weekday,2022-23,14580
2022-12-07,Williamstown,Wednesday,Normal Weekday,2022-23,15830
2022-12-08,Williamstown,Thursday,Normal Weekday,2022-23,13170
2022-12-09,Williamstown,Friday,Normal Weekday,2022-23,15000
2022-12-10,Williamstown,Saturday,Saturday,2022-23,10960
2022-12-11,Williamstown,Sunday,Sunday,2022-23,7280
2022-12-12,Williamstown,Monday,Normal Weekday,2022-23,12590
2022-12-13,Williamstown,Tuesday,Normal Weekday,2022-23,14670
2022-12-14,Williamstown,Wednesday,Normal Weekday,2022-23,13940
2022-12-15,Williamstown,Thursday,Normal Weekday,2022-23,14490
2022-12-16,Williamstown,Friday,Normal Weekday,2022-23,15060
2022-12-19,Williamstown,Monday,Normal Weekday,2022-23,11680
2022-12-20,Williamstown,Tuesday,Normal Weekday,2022-23,14640
2022-12-21,Williamstown,Wednesday,School Holiday,2022-23,14180
2022-12-22,Williamstown,Thursday,School Holiday,2022-23,12310
2022-12-23,Williamstown,Friday,School Holiday,2022-23,10380
2022-12-24,Williamstown,Saturday,Saturday,2022-23,5800
2022-12-25,Williamstown,Sunday,Public Holiday,2022-23,1460
2022-12-26,Williamstown,Monday,Public Holiday,2022-23,6580
2022-12-27,Williamstown,Tuesday,Public Holiday,2022-23,5450
2022-12-28,Williamstown,Wednesday,School Holiday,2022-23,7480
2022-12-29,Williamstown,Thursday,School Holiday,2022-23,8330
2022-12-30,Williamstown,Friday,School Holiday,2022-23,8960
2022-12-31,Williamstown,Saturday,Saturday,2022-23,7310
2023-01-01,Williamstown,Sunday,Public Holiday,2022-23,4900
2023-01-02,Williamstown,Monday,Public Holiday,2022-23,4530
2023-01-03,Williamstown,Tuesday,School Holiday,2022-23,17430
2023-01-04,Williamstown,Wednesday,School Holiday,2022-23,11900
2023-01-05,Williamstown,Thursday,School Holiday,2022-23,12650
2023-01-06,Williamstown,Friday,School Holiday,2022-23,12550
2023-01-07,Williamstown,Saturday,Saturday,2022-23,9170
2023-01-08,Williamstown,Sunday,Sunday,2022-23,7680
2023-01-09,Williamstown,Monday,School Holiday,2022-23,13570
2023-01-10,Williamstown,Tuesday,School Holiday,2022-23,16230
2023-01-11,Williamstown,Wednesday,School Holiday,2022-23,18610
2023-01-12,Williamstown,Thursday,School Holiday,2022-23,16770
2023-01-13,Williamstown,Friday,School Holiday,2022-23,16460
2023-01-14,Williamstown,Saturday,Saturday,2022-23,9180
2023-01-15,Williamstown,Sunday,Sunday,2022-23,7350
2023-01-16,Williamstown,Monday,School Holiday,2022-23,13050
2023-01-17,Williamstown,Tuesday,School Holiday,2022-23,13720
2023-01-18,Williamstown,Wednesday,School Holiday,2022-23,13850
2023-01-19,Williamstown,Thursday,School Holiday,2022-23,14970
2023-01-20,Williamstown,Friday,School Holiday,2022-23,13740
2023-01-21,Williamstown,Saturday,Saturday,2022-23,11920
2023-01-22,Williamstown,Sunday,Sunday,2022-23,9460
2023-01-23,Williamstown,Monday,School Holiday,2022-23,12830
2023-01-24,Williamstown,Tuesday,School Holiday,2022-23,15220
2023-01-25,Williamstown,Wednesday,School Holiday,2022-23,15590
2023-01-26,Williamstown,Thursday,Public Holiday,2022-23,7310
2023-01-27,Williamstown,Friday,School Holiday,2022-23,11680
2023-01-28,Williamstown,Saturday,Saturday,2022-23,7320
2023-01-29,Williamstown,Sunday,Sunday,2022-23,6860
2023-01-30,Williamstown,Monday,Normal Weekday,2022-23,12490
2023-01-31,Williamstown,Tuesday,Normal Weekday,2022-23,14990
2023-02-01,Williamstown,Wednesday,Normal Weekday,2022-23,14680
2023-02-02,Williamstown,Thursday,Normal Weekday,2022-23,11580
2023-02-03,Williamstown,Friday,Normal Weekday,2022-23,12890
2023-02-04,Williamstown,Saturday,Saturday,2022-23,9660
2023-02-05,Williamstown,Sunday,Sunday,2022-23,8780
2023-02-06,Williamstown,Monday,Normal Weekday,2022-23,12620
2023-02-07,Williamstown,Tuesday,Normal Weekday,2022-23,17120
2023-02-08,Williamstown,Wednesday,Normal Weekday,2022-23,15510
2023-02-09,Williamstown,Thursday,Normal Weekday,2022-23,20610
2023-02-10,Williamstown,Friday,Normal Weekday,2022-23,18500
2023-02-13,Williamstown,Monday,Normal Weekday,2022-23,13530
2023-02-14,Williamstown,Tuesday,Normal Weekday,2022-23,16410
2023-02-15,Williamstown,Wednesday,Normal Weekday,2022-23,15720
2023-02-16,Williamstown,Thursday,Normal Weekday,2022-23,16090
2023-02-17,Williamstown,Friday,Normal Weekday,2022-23,13130
2023-02-18,Williamstown,Saturday,Saturday,2022-23,10330
2023-02-19,Williamstown,Sunday,Sunday,2022-23,8720
2023-02-20,Williamstown,Monday,Normal Weekday,2022-23,13500
2023-02-21,Williamstown,Tuesday,Normal Weekday,2022-23,15930
2023-02-22,Williamstown,Wednesday,Normal Weekday,2022-23,16570
2023-02-23,Williamstown,Thursday,Normal Weekday,2022-23,17020
2023-02-24,Williamstown,Friday,Normal Weekday,2022-23,17340
2023-02-27,Williamstown,Monday,Normal Weekday,2022-23,15570
2023-02-28,Williamstown,Tuesday,Normal Weekday,2022-23,17980
2023-03-01,Williamstown,Wednesday,Normal Weekday,2022-23,17030
2023-03-02,Williamstown,Thursday,Normal Weekday,2022-23,17910
2023-03-03,Williamstown,Friday,Normal Weekday,2022-23,16320
2023-03-04,Williamstown,Saturday,Saturday,2022-23,10140
2023-03-05,Williamstown,Sunday,Sunday,2022-23,9860
2023-03-06,Williamstown,Monday,Normal Weekday,2022-23,15210
2023-03-07,Williamstown,Tuesday,Normal Weekday,2022-23,18050
2023-03-08,Williamstown,Wednesday,Normal Weekday,2022-23,14130
2023-03-09,Williamstown,Thursday,Normal Weekday,2022-23,16340
2023-03-10,Williamstown,Friday,Normal Weekday,2022-23,15240
2023-03-11,Williamstown,Saturday,Saturday,2022-23,10090
2023-03-12,Williamstown,Sunday,Sunday,2022-23,8460
2023-03-13,Williamstown,Monday,Public Holiday,2022-23,8360
2023-03-14,Williamstown,Tuesday,Normal Weekday,2022-23,16000
2023-03-15,Williamstown,Wednesday,Normal Weekday,2022-23,17270
2023-03-16,Williamstown,Thursday,Normal Weekday,2022-23,19130
2023-03-17,Williamstown,Friday,Normal Weekday,2022-23,19120
2023-03-18,Williamstown,Saturday,Saturday,2022-23,14150
2023-03-19,Williamstown,Sunday,Sunday,2022-23,12550
2023-03-20,Williamstown,Monday,Normal Weekday,2022-23,15310
2023-03-21,Williamstown,Tuesday,Normal Weekday,2022-23,17360
2023-03-22,Williamstown,Wednesday,Normal Weekday,2022-23,16690
2023-03-23,Williamstown,Thursday,Normal Weekday,2022-23,20530
2023-03-24,Williamstown,Friday,Normal Weekday,2022-23,15800
2023-03-27,Williamstown,Monday,Normal Weekday,2022-23,13610
2023-03-28,Williamstown,Tuesday,Normal Weekday,2022-23,18410
2023-03-29,Williamstown,Wednesday,Normal Weekday,2022-23,17520
2023-03-30,Williamstown,Thursday,Normal Weekday,2022-23,19210
2023-03-31,Williamstown,Friday,Normal Weekday,2022-23,18250
2023-04-01,Williamstown,Saturday,Saturday,2022-23,9950
2023-04-02,Williamstown,Sunday,Sunday,2022-23,7760
2023-04-03,Williamstown,Monday,Normal Weekday,2022-23,14480
2023-04-04,Williamstown,Tuesday,Normal Weekday,2022-23,18040
2023-04-05,Williamstown,Wednesday,Normal Weekday,2022-23,16590
2023-04-06,Williamstown,Thursday,Normal Weekday,2022-23,15740
2023-04-07,Williamstown,Friday,Public Holiday,2022-23,7990
2023-04-08,Williamstown,Saturday,Public Holiday,2022-23,8510
2023-04-09,Williamstown,Sunday,Public Holiday,2022-23,6770
2023-04-10,Williamstown,Monday,Public Holiday,2022-23,6680
2023-04-11,Williamstown,Tuesday,School Holiday,2022-23,14730
2023-04-12,Williamstown,Wednesday,School Holiday,2022-23,14230
2023-04-13,Williamstown,Thursday,School Holiday,2022-23,16480
2023-04-14,Williamstown,Friday,School Holiday,2022-23,14320
2023-04-15,Williamstown,Saturday,Saturday,2022-23,7670
2023-04-16,Williamstown,Sunday,Sunday,2022-23,5640
2023-04-17,Williamstown,Monday,School Holiday,2022-23,15050
2023-04-18,Williamstown,Tuesday,School Holiday,2022-23,18070
2023-04-19,Williamstown,Wednesday,School Holiday,2022-23,16500
2023-04-20,Williamstown,Thursday,School Holiday,2022-23,14920
2023-04-21,Williamstown,Friday,School Holiday,2022-23,14550
2023-04-22,Williamstown,Saturday,Saturday,2022-23,10390
2023-04-23,Williamstown,Sunday,Sunday,2022-23,10800
2023-04-24,Williamstown,Monday,Normal Weekday,2022-23,13490
2023-04-25,Williamstown,Tuesday,Public Holiday,2022-23,8960
2023-04-26,Williamstown,Wednesday,Normal Weekday,2022-23,16320
2023-04-27,Williamstown,Thursday,Normal Weekday,2022-23,17480
2023-04-28,Williamstown,Friday,Normal Weekday,2022-23,16080
2023-04-29,Williamstown,Saturday,Saturday,2022-23,13170
2023-04-30,Williamstown,Sunday,Sunday,2022-23,12260
2023-05-01,Williamstown,Monday,Normal Weekday,2022-23,14920
2023-05-02,Williamstown,Tuesday,Normal Weekday,2022-23,17240
2023-05-03,Williamstown,Wednesday,Normal Weekday,2022-23,17190
2023-05-04,Williamstown,Thursday,Normal Weekday,2022-23,17390
2023-05-05,Williamstown,Friday,Normal Weekday,2022-23,16030
2023-05-06,Williamstown,Saturday,Saturday,2022-23,9430
2023-05-07,Williamstown,Sunday,Sunday,2022-23,10170
2023-05-08,Williamstown,Monday,Normal Weekday,2022-23,13950
2023-05-09,Williamstown,Tuesday,Normal Weekday,2022-23,17250
2023-05-10,Williamstown,Wednesday,Normal Weekday,2022-23,17020
2023-05-11,Williamstown,Thursday,Normal Weekday,2022-23,16980
2023-05-12,Williamstown,Friday,Normal Weekday,2022-23,15960
2023-05-13,Williamstown,Saturday,Saturday,2022-23,12670
2023-05-14,Williamstown,Sunday,Sunday,2022-23,8050
2023-05-15,Williamstown,Monday,Normal Weekday,2022-23,13900
2023-05-16,Williamstown,Tuesday,Normal Weekday,2022-23,15760
2023-05-17,Williamstown,Wednesday,Normal Weekday,2022-23,17000
2023-05-18,Williamstown,Thursday,Normal Weekday,2022-23,17080
2023-05-19,Williamstown,Friday,Normal Weekday,2022-23,14340
2023-05-20,Williamstown,Saturday,Saturday,2022-23,12190
2023-05-21,Williamstown,Sunday,Sunday,2022-23,9090
2023-05-22,Williamstown,Monday,Normal Weekday,2022-23,13560
2023-05-23,Williamstown,Tuesday,Normal Weekday,2022-23,17050
2023-05-24,Williamstown,Wednesday,Normal Weekday,2022-23,15690
2023-05-25,Williamstown,Thursday,Normal Weekday,2022-23,16030
2023-05-26,Williamstown,Friday,Normal Weekday,2022-23,18850
2023-05-27,Williamstown,Saturday,Saturday,2022-23,14150
2023-05-28,Williamstown,Sunday,Sunday,2022-23,8110
2023-05-29,Williamstown,Monday,Normal Weekday,2022-23,13240
2023-05-30,Williamstown,Tuesday,Normal Weekday,2022-23,15690
2023-05-31,Williamstown,Wednesday,Normal Weekday,2022-23,16050
2023-06-01,Williamstown,Thursday,Normal Weekday,2022-23,15690
2023-06-02,Williamstown,Friday,Normal Weekday,2022-23,15240
2023-06-03,Williamstown,Saturday,Saturday,2022-23,9840
2023-06-04,Williamstown,Sunday,Sunday,2022-23,10590
2023-06-05,Williamstown,Monday,Normal Weekday,2022-23,12810
2023-06-06,Williamstown,Tuesday,Normal Weekday,2022-23,15630
2023-06-07,Williamstown,Wednesday,Normal Weekday,2022-23,15270
2023-06-08,Williamstown,Thursday,Normal Weekday,2022-23,15620
2023-06-09,Williamstown,Friday,Normal Weekday,2022-23,14530
2023-06-10,Williamstown,Saturday,Saturday,2022-23,9250
2023-06-11,Williamstown,Sunday,Sunday,2022-23,8940
2023-06-12,Williamstown,Monday,Public Holiday,2022-23,7210
2023-06-13,Williamstown,Tuesday,Normal Weekday,2022-23,14460
2023-06-14,Williamstown,Wednesday,Normal Weekday,2022-23,15220
2023-06-15,Williamstown,Thursday,Normal Weekday,2022-23,13710
2023-06-16,Williamstown,Friday,Normal Weekday,2022-23,14670
2023-06-17,Williamstown,Saturday,Saturday,2022-23,9830
2023-06-18,Williamstown,Sunday,Sunday,2022-23,7970
2023-06-19,Williamstown,Monday,Normal Weekday,2022-23,12670
2023-06-20,Williamstown,Tuesday,Normal Weekday,2022-23,14910
2023-06-21,Williamstown,Wednesday,Normal Weekday,2022-23,15210
2023-06-22,Williamstown,Thursday,Normal Weekday,2022-23,14920
2023-06-23,Williamstown,Friday,Normal Weekday,2022-23,13360
2023-07-10,Williamstown,Monday,Normal Weekday,2023-24,12340
2023-07-11,Williamstown,Tuesday,Normal Weekday,2023-24,14050
2023-07-12,Williamstown,Wednesday,Normal Weekday,2023-24,14830
2023-07-13,Williamstown,Thursday,Normal Weekday,2023-24,14410
2023-07-14,Williamstown,Friday,Normal Weekday,2023-24,14410
2023-07-15,Williamstown,Saturday,Saturday,2023-24,10670
2023-07-16,Williamstown,Sunday,Sunday,2023-24,7850
2023-07-17,Williamstown,Monday,Normal Weekday,2023-24,12810
2023-07-18,Williamstown,Tuesday,Normal Weekday,2023-24,15050
2023-07-19,Williamstown,Wednesday,Normal Weekday,2023-24,15460
2023-07-20,Williamstown,Thursday,Normal Weekday,2023-24,14740
2023-07-21,Williamstown,Friday,Normal Weekday,2023-24,14830
2023-07-22,Williamstown,Saturday,Saturday,2023-24,11590
2023-07-23,Williamstown,Sunday,Sunday,2023-24,6700
2023-07-24,Williamstown,Monday,Normal Weekday,2023-24,12630
2023-07-25,Williamstown,Tuesday,Normal Weekday,2023-24,14600
2023-07-26,Williamstown,Wednesday,Normal Weekday,2023-24,15530
2023-07-27,Williamstown,Thursday,Normal Weekday,2023-24,15400
2023-07-28,Williamstown,Friday,Normal Weekday,2023-24,13390
2023-07-31,Williamstown,Monday,Normal Weekday,2023-24,19370
2023-08-01,Williamstown,Tuesday,Normal Weekday,2023-24,21640
2023-08-02,Williamstown,Wednesday,Normal Weekday,2023-24,17580
2023-08-03,Williamstown,Thursday,Normal Weekday,2023-24,15800
2023-08-04,Williamstown,Friday,Normal Weekday,2023-24,15480
2023-08-05,Williamstown,Saturday,Saturday,2023-24,12740
2023-08-06,Williamstown,Sunday,Sunday,2023-24,12320
2023-08-07,Williamstown,Monday,Normal Weekday,2023-24,13110
2023-08-08,Williamstown,Tuesday,Normal Weekday,2023-24,17050
2023-08-09,Williamstown,Wednesday,Normal Weekday,2023-24,15830
2023-08-10,Williamstown,Thursday,Normal Weekday,2023-24,16220
2023-08-11,Williamstown,Friday,Normal Weekday,2023-24,13960
2023-08-12,Williamstown,Saturday,Saturday,2023-24,11500
2023-08-13,Williamstown,Sunday,Sunday,2023-24,9470
2023-08-14,Williamstown,Monday,Normal Weekday,2023-24,13720
2023-08-15,Williamstown,Tuesday,Normal Weekday,2023-24,16700
2023-08-16,Williamstown,Wednesday,Normal Weekday,2023-24,16430
2023-08-17,Williamstown,Thursday,Normal Weekday,2023-24,15310
2023-08-18,Williamstown,Friday,Normal Weekday,2023-24,14290
2023-08-19,Williamstown,Saturday,Saturday,2023-24,14390
2023-08-20,Williamstown,Sunday,Sunday,2023-24,12340
2023-08-21,Williamstown,Monday,Normal Weekday,2023-24,13640
2023-08-22,Williamstown,Tuesday,Normal Weekday,2023-24,15100
2023-08-23,Williamstown,Wednesday,Normal Weekday,2023-24,16020
2023-08-24,Williamstown,Thursday,Normal Weekday,2023-24,16510
2023-08-25,Williamstown,Friday,Normal Weekday,2023-24,15580
2023-08-26,Williamstown,Saturday,Saturday,2023-24,12120
2023-08-27,Williamstown,Sunday,Sunday,2023-24,12510
2023-08-28,Williamstown,Monday,Normal Weekday,2023-24,12790
2023-08-29,Williamstown,Tuesday,Normal Weekday,2023-24,15820
2023-08-30,Williamstown,Wednesday,Normal Weekday,2023-24,16060
2023-08-31,Williamstown,Thursday,Normal Weekday,2023-24,16270
2023-09-01,Williamstown,Friday,Normal Weekday,2023-24,14160
2023-09-02,Williamstown,Saturday,Saturday,2023-24,9770
2023-09-03,Williamstown,Sunday,Sunday,2023-24,6620
2023-09-04,Williamstown,Monday,Normal Weekday,2023-24,12660
2023-09-05,Williamstown,Tuesday,Normal Weekday,2023-24,15170
2023-09-06,Williamstown,Wednesday,Normal Weekday,2023-24,17140
2023-09-07,Williamstown,Thursday,Normal Weekday,2023-24,17720
2023-09-08,Williamstown,Friday,Normal Weekday,2023-24,13250
2023-09-09,Williamstown,Saturday,Saturday,2023-24,9410
2023-09-10,Williamstown,Sunday,Sunday,2023-24,5490
2023-09-11,Williamstown,Monday,Normal Weekday,2023-24,13300
2023-09-12,Williamstown,Tuesday,Normal Weekday,2023-24,16530
2023-09-13,Williamstown,Wednesday,Normal Weekday,2023-24,15280
2023-09-14,Williamstown,Thursday,Normal Weekday,2023-24,16970
2023-09-15,Williamstown,Friday,Normal Weekday,2023-24,15610
2023-09-16,Williamstown,Saturday,Saturday,2023-24,9460
2023-09-17,Williamstown,Sunday,Sunday,2023-24,7940
2023-09-18,Williamstown,Monday,School Holiday,2023-24,12650
2023-09-19,Williamstown,Tuesday,School Holiday,2023-24,16480
2023-09-20,Williamstown,Wednesday,School Holiday,2023-24,14930
2023-09-21,Williamstown,Thursday,School Holiday,2023-24,16050
2023-09-22,Williamstown,Friday,School Holiday,2023-24,14890
2023-09-23,Williamstown,Saturday,Saturday,2023-24,9330
2023-09-24,Williamstown,Sunday,Sunday,2023-24,7660
2023-09-25,Williamstown,Monday,School Holiday,2023-24,14330
2023-09-26,Williamstown,Tuesday,School Holiday,2023-24,15470
2023-09-27,Williamstown,Wednesday,School Holiday,2023-24,14930
2023-09-28,Williamstown,Thursday,School Holiday,2023-24,16200
2023-09-29,Williamstown,Friday,Public Holiday,2023-24,9180
2023-09-30,Williamstown,Saturday,Saturday,2023-24,10170
2023-10-01,Williamstown,Sunday,Sunday,2023-24,4750
2023-10-02,Williamstown,Monday,Normal Weekday,2023-24,14170
2023-10-03,Williamstown,Tuesday,Normal Weekday,2023-24,14960
2023-10-04,Williamstown,Wednesday,Normal Weekday,2023-24,15690
2023-10-05,Williamstown,Thursday,Normal Weekday,2023-24,16680
2023-10-06,Williamstown,Friday,Normal Weekday,2023-24,14880
2023-10-07,Williamstown,Saturday,Saturday,2023-24,10250
2023-10-08,Williamstown,Sunday,Sunday,2023-24,7610
2023-10-09,Williamstown,Monday,Normal Weekday,2023-24,14280
2023-10-10,Williamstown,Tuesday,Normal Weekday,2023-24,17820
2023-10-11,Williamstown,Wednesday,Normal Weekday,2023-24,16690
2023-10-12,Williamstown,Thursday,Normal Weekday,2023-24,15550
2023-10-13,Williamstown,Friday,Normal Weekday,2023-24,15280
2023-10-14,Williamstown,Saturday,Saturday,2023-24,10040
2023-10-15,Williamstown,Sunday,Sunday,2023-24,7410
2023-10-16,Williamstown,Monday,Normal Weekday,2023-24,13010
2023-10-17,Williamstown,Tuesday,Normal Weekday,2023-24,17310
2023-10-18,Williamstown,Wednesday,Normal Weekday,2023-24,17360
2023-10-19,Williamstown,Thursday,Normal Weekday,2023-24,17580
2023-10-20,Williamstown,Friday,Normal Weekday,2023-24,15080
2023-10-21,Williamstown,Saturday,Saturday,2023-24,11970
2023-10-22,Williamstown,Sunday,Sunday,2023-24,8250
2023-10-23,Williamstown,Monday,Normal Weekday,2023-24,13500
2023-10-24,Williamstown,Tuesday,Normal Weekday,2023-24,15950
2023-10-25,Williamstown,Wednesday,Normal Weekday,2023-24,15900
2023-10-26,Williamstown,Thursday,Normal Weekday,2023-24,16800
2023-10-27,Williamstown,Friday,Normal Weekday,2023-24,14270
2023-10-28,Williamstown,Saturday,Saturday,2023-24,9440
2023-10-29,Williamstown,Sunday,Sunday,2023-24,7160
2023-10-30,Williamstown,Monday,Normal Weekday,2023-24,13750
2023-10-31,Williamstown,Tuesday,Normal Weekday,2023-24,16350
2023-11-01,Williamstown,Wednesday,Normal Weekday,2023-24,16400
2023-11-02,Williamstown,Thursday,Normal Weekday,2023-24,17030
2023-11-03,Williamstown,Friday,Normal Weekday,2023-24,12860
2023-11-04,Williamstown,Saturday,Saturday,2023-24,1290
2023-11-05,Williamstown,Sunday,Sunday,2023-24,7110
2023-11-06,Williamstown,Monday,Normal Weekday,2023-24,11860
2023-11-07,Williamstown,Tuesday,Public Holiday,2023-24,1080
2023-11-08,Williamstown,Wednesday,Normal Weekday,2023-24,12550
2023-11-09,Williamstown,Thursday,Normal Weekday,2023-24,19000
2023-11-10,Williamstown,Friday,Normal Weekday,2023-24,16200
2023-11-11,Williamstown,Saturday,Saturday,2023-24,1690
2023-11-12,Williamstown,Sunday,Sunday,2023-24,7600
2023-11-13,Williamstown,Monday,Normal Weekday,2023-24,15090
2023-11-14,Williamstown,Tuesday,Normal Weekday,2023-24,17510
2023-11-15,Williamstown,Wednesday,Normal Weekday,2023-24,18080
2023-11-16,Williamstown,Thursday,Normal Weekday,2023-24,18370
2023-11-17,Williamstown,Friday,Normal Weekday,2023-24,15170
2023-11-20,Williamstown,Monday,Normal Weekday,2023-24,14440
2023-11-21,Williamstown,Tuesday,Normal Weekday,2023-24,17390
2023-11-22,Williamstown,Wednesday,Normal Weekday,2023-24,16860
2023-11-23,Williamstown,Thursday,Normal Weekday,2023-24,17930
2023-11-24,Williamstown,Friday,Normal Weekday,2023-24,22490
2023-11-25,Williamstown,Saturday,Saturday,2023-24,12800
2023-11-26,Williamstown,Sunday,Sunday,2023-24,8300
2023-11-27,Williamstown,Monday,Normal Weekday,2023-24,14530
2023-11-28,Williamstown,Tuesday,Normal Weekday,2023-24,17220
2023-11-29,Williamstown,Wednesday,Normal Weekday,2023-24,17500
2023-11-30,Williamstown,Thursday,Normal Weekday,2023-24,17250
2023-12-01,Williamstown,Friday,Normal Weekday,2023-24,15840
2023-12-02,Williamstown,Saturday,Saturday,2023-24,8020
2023-12-03,Williamstown,Sunday,Sunday,2023-24,7220
2023-12-04,Williamstown,Monday,Normal Weekday,2023-24,14080
2023-12-05,Williamstown,Tuesday,Normal Weekday,2023-24,18400
2023-12-06,Williamstown,Wednesday,Normal Weekday,2023-24,18680
2023-12-07,Williamstown,Thursday,Normal Weekday,2023-24,18330
2023-12-08,Williamstown,Friday,Normal Weekday,2023-24,16580
2023-12-09,Williamstown,Saturday,Saturday,2023-24,7650
2023-12-10,Williamstown,Sunday,Sunday,2023-24,7040
2023-12-11,Williamstown,Monday,Normal Weekday,2023-24,14100
2023-12-12,Williamstown,Tuesday,Normal Weekday,2023-24,16730
2023-12-13,Williamstown,Wednesday,Normal Weekday,2023-24,17180
2023-12-14,Williamstown,Thursday,Normal Weekday,2023-24,19480
2023-12-15,Williamstown,Friday,Normal Weekday,2023-24,16620
2023-12-16,Williamstown,Saturday,Saturday,2023-24,10340
2023-12-17,Williamstown,Sunday,Sunday,2023-24,8100
2023-12-18,Williamstown,Monday,Normal Weekday,2023-24,14520
2023-12-19,Williamstown,Tuesday,Normal Weekday,2023-24,16080
2023-12-20,Williamstown,Wednesday,Normal Weekday,2023-24,16260
2023-12-21,Williamstown,Thursday,School Holiday,2023-24,16080
2023-12-22,Williamstown,Friday,School Holiday,2023-24,13650
2023-12-23,Williamstown,Saturday,Saturday,2023-24,8700
2023-12-24,Williamstown,Sunday,Sunday,2023-24,5630
2023-12-25,Williamstown,Monday,Public Holiday,2023-24,1180
2023-12-26,Williamstown,Tuesday,Public Holiday,2023-24,6140
2023-12-27,Williamstown,Wednesday,School Holiday,2023-24,9210
2023-12-28,Williamstown,Thursday,School Holiday,2023-24,10110
2023-12-29,Williamstown,Friday,School Holiday,2023-24,11770
2023-12-30,Williamstown,Saturday,Saturday,2023-24,7910
2023-12-31,Williamstown,Sunday,Sunday,2023-24,7520
2024-01-01,Williamstown,Monday,Public Holiday,2023-24,5580
2024-01-02,Williamstown,Tuesday,School Holiday,2023-24,8520
2024-01-03,Williamstown,Wednesday,School Holiday,2023-24,9290
2024-01-04,Williamstown,Thursday,School Holiday,2023-24,10890
2024-01-05,Williamstown,Friday,School Holiday,2023-24,11220
2024-01-06,Williamstown,Saturday,Saturday,2023-24,8670
2024-01-07,Williamstown,Sunday,Sunday,2023-24,5140
2024-01-08,Williamstown,Monday,School Holiday,2023-24,9950
2024-01-09,Williamstown,Tuesday,School Holiday,2023-24,14930
2024-01-10,Williamstown,Wednesday,School Holiday,2023-24,15140
2024-01-11,Williamstown,Thursday,School Holiday,2023-24,15240
2024-01-12,Williamstown,Friday,School Holiday,2023-24,15250
2024-01-13,Williamstown,Saturday,Saturday,2023-24,10330
2024-01-14,Williamstown,Sunday,Sunday,2023-24,8810
2024-01-15,Williamstown,Monday,School Holiday,2023-24,15290
2024-01-16,Williamstown,Tuesday,School Holiday,2023-24,17060
2024-01-17,Williamstown,Wednesday,School Holiday,2023-24,15080
2024-01-18,Williamstown,Thursday,School Holiday,2023-24,17400
2024-01-19,Williamstown,Friday,School Holiday,2023-24,14960
2024-01-20,Williamstown,Saturday,Saturday,2023-24,12800
2024-01-21,Williamstown,Sunday,Sunday,2023-24,9460
2024-01-22,Williamstown,Monday,School Holiday,2023-24,15360
2024-01-23,Williamstown,Tuesday,School Holiday,2023-24,17800
2024-01-24,Williamstown,Wednesday,School Holiday,2023-24,16670
2024-01-25,Williamstown,Thursday,School Holiday,2023-24,15680
2024-01-26,Williamstown,Friday,Public Holiday,2023-24,8140
2024-01-27,Williamstown,Saturday,Saturday,2023-24,9880
2024-01-28,Williamstown,Sunday,Sunday,2023-24,7670
2024-01-29,Williamstown,Monday,School Holiday,2023-24,14230
2024-01-30,Williamstown,Tuesday,Normal Weekday,2023-24,16890
2024-01-31,Williamstown,Wednesday,Normal Weekday,2023-24,16620
2024-02-01,Williamstown,Thursday,Normal Weekday,2023-24,17720
2024-02-02,Williamstown,Friday,Normal Weekday,2023-24,13850
2024-02-03,Williamstown,Saturday,Saturday,2023-24,9770
2024-02-04,Williamstown,Sunday,Sunday,2023-24,7130
2024-02-05,Williamstown,Monday,Normal Weekday,2023-24,15080
2024-02-06,Williamstown,Tuesday,Normal Weekday,2023-24,17990
2024-02-07,Williamstown,Wednesday,Normal Weekday,2023-24,17470
2024-02-08,Williamstown,Thursday,Normal Weekday,2023-24,17920
2024-02-09,Williamstown,Friday,Normal Weekday,2023-24,14700
2024-02-10,Williamstown,Saturday,Saturday,2023-24,11920
2024-02-11,Williamstown,Sunday,Sunday,2023-24,10100
2024-02-12,Williamstown,Monday,Normal Weekday,2023-24,15520
2024-02-13,Williamstown,Tuesday,Normal Weekday,2023-24,16520
2024-02-14,Williamstown,Wednesday,Normal Weekday,2023-24,18620
2024-02-15,Williamstown,Thursday,Normal Weekday,2023-24,18850
2024-02-16,Williamstown,Friday,Normal Weekday,2023-24,17390
2024-02-17,Williamstown,Saturday,Saturday,2023-24,11100
2024-02-18,Williamstown,Sunday,Sunday,2023-24,9630
2024-02-19,Williamstown,Monday,Normal Weekday,2023-24,16570
2024-02-20,Williamstown,Tuesday,Normal Weekday,2023-24,19290
2024-02-21,Williamstown,Wednesday,Normal Weekday,2023-24,19220
2024-02-22,Williamstown,Thursday,Normal Weekday,2023-24,17220
2024-02-23,Williamstown,Friday,Normal Weekday,2023-24,17720
2024-02-24,Williamstown,Saturday,Saturday,2023-24,11960
2024-02-25,Williamstown,Sunday,Sunday,2023-24,7350
2024-02-26,Williamstown,Monday,Normal Weekday,2023-24,16400
2024-02-27,Williamstown,Tuesday,Normal Weekday,2023-24,19990
2024-02-28,Williamstown,Wednesday,Normal Weekday,2023-24,19310
2024-02-29,Williamstown,Thursday,Normal Weekday,2023-24,20010
2024-03-01,Williamstown,Friday,Normal Weekday,2023-24,16650
2024-03-02,Williamstown,Saturday,Saturday,2023-24,9160
2024-03-03,Williamstown,Sunday,Sunday,2023-24,6990
2024-03-04,Williamstown,Monday,Normal Weekday,2023-24,17550
2024-03-05,Williamstown,Tuesday,Normal Weekday,2023-24,20220
2024-03-06,Williamstown,Wednesday,Normal Weekday,2023-24,19940
2024-03-07,Williamstown,Thursday,Normal Weekday,2023-24,20390
2024-03-08,Williamstown,Friday,Normal Weekday,2023-24,16990
2024-03-09,Williamstown,Saturday,Saturday,2023-24,11750
2024-03-10,Williamstown,Sunday,Sunday,2023-24,8730
2024-03-11,Williamstown,Monday,Public Holiday,2023-24,7200
2024-03-12,Williamstown,Tuesday,Normal Weekday,2023-24,20460
2024-03-13,Williamstown,Wednesday,Normal Weekday,2023-24,19660
2024-03-14,Williamstown,Thursday,Normal Weekday,2023-24,20390
2024-03-15,Williamstown,Friday,Normal Weekday,2023-24,18490
2024-03-16,Williamstown,Saturday,Saturday,2023-24,12550
2024-03-17,Williamstown,Sunday,Sunday,2023-24,12970
2024-03-18,Williamstown,Monday,Normal Weekday,2023-24,17220
2024-03-19,Williamstown,Tuesday,Normal Weekday,2023-24,18550
2024-03-20,Williamstown,Wednesday,Normal Weekday,2023-24,20210
2024-03-21,Williamstown,Thursday,Normal Weekday,2023-24,21800
2024-03-22,Williamstown,Friday,Normal Weekday,2023-24,18640
2024-03-25,Williamstown,Monday,Normal Weekday,2023-24,15370
2024-03-26,Williamstown,Tuesday,Normal Weekday,2023-24,17970
2024-03-27,Williamstown,Wednesday,Normal Weekday,2023-24,18650
2024-03-28,Williamstown,Thursday,Normal Weekday,2023-24,18120
2024-03-29,Williamstown,Friday,Public Holiday,2023-24,7890
2024-03-30,Williamstown,Saturday,Public Holiday,2023-24,10580
2024-03-31,Williamstown,Sunday,Public Holiday,2023-24,9200
2024-04-01,Williamstown,Monday,Public Holiday,2023-24,6280
2024-04-02,Williamstown,Tuesday,School Holiday,2023-24,14100
2024-04-03,Williamstown,Wednesday,School Holiday,2023-24,16660
2024-04-04,Williamstown,Thursday,School Holiday,2023-24,17880
2024-04-05,Williamstown,Friday,School Holiday,2023-24,14810
2024-04-06,Williamstown,Saturday,Saturday,2023-24,12570
2024-04-07,Williamstown,Sunday,Sunday,2023-24,8630
2024-04-08,Williamstown,Monday,School Holiday,2023-24,15590
2024-04-09,Williamstown,Tuesday,School Holiday,2023-24,18400
2024-04-10,Williamstown,Wednesday,School Holiday,2023-24,18550
2024-04-11,Williamstown,Thursday,School Holiday,2023-24,18780
2024-04-12,Williamstown,Friday,School Holiday,2023-24,19210
2024-04-13,Williamstown,Saturday,Saturday,2023-24,14720
2024-04-14,Williamstown,Sunday,Sunday,2023-24,8380
2024-04-15,Williamstown,Monday,Normal Weekday,2023-24,13690
2024-04-16,Williamstown,Tuesday,Normal Weekday,2023-24,18700
2024-04-17,Williamstown,Wednesday,Normal Weekday,2023-24,18940
2024-04-18,Williamstown,Thursday,Normal Weekday,2023-24,20680
2024-04-19,Williamstown,Friday,Normal Weekday,2023-24,16120
2024-04-20,Williamstown,Saturday,Saturday,2023-24,14530
2024-04-21,Williamstown,Sunday,Sunday,2023-24,9980
2024-04-22,Williamstown,Monday,Normal Weekday,2023-24,16220
2024-04-23,Williamstown,Tuesday,Normal Weekday,2023-24,17870
2024-04-24,Williamstown,Wednesday,Normal Weekday,2023-24,19180
2024-04-25,Williamstown,Thursday,Public Holiday,2023-24,8360
2024-04-26,Williamstown,Friday,Normal Weekday,2023-24,13490
2024-04-27,Williamstown,Saturday,Saturday,2023-24,10320
2024-04-28,Williamstown,Sunday,Sunday,2023-24,8160
2024-04-29,Williamstown,Monday,Normal Weekday,2023-24,15950
2024-04-30,Williamstown,Tuesday,Normal Weekday,2023-24,17810
2024-05-01,Williamstown,Wednesday,Normal Weekday,2023-24,18990
2024-05-02,Williamstown,Thursday,Normal Weekday,2023-24,18630
2024-05-03,Williamstown,Friday,Normal Weekday,2023-24,16760
2024-05-04,Williamstown,Saturday,Saturday,2023-24,14510
2024-05-05,Williamstown,Sunday,Sunday,2023-24,12770
2024-05-06,Williamstown,Monday,Normal Weekday,2023-24,15430
2024-05-07,Williamstown,Tuesday,Normal Weekday,2023-24,17960
2024-05-08,Williamstown,Wednesday,Normal Weekday,2023-24,18850
2024-05-09,Williamstown,Thursday,Normal Weekday,2023-24,18920
2024-05-10,Williamstown,Friday,Normal Weekday,2023-24,15330
2024-05-13,Williamstown,Monday,Normal Weekday,2023-24,13600
2024-05-14,Williamstown,Tuesday,Normal Weekday,2023-24,17880
2024-05-15,Williamstown,Wednesday,Normal Weekday,2023-24,18100
2024-05-16,Williamstown,Thursday,Normal Weekday,2023-24,18580
2024-05-17,Williamstown,Friday,Normal Weekday,2023-24,14770
2024-05-20,Williamstown,Monday,Normal Weekday,2023-24,14430
2024-05-21,Williamstown,Tuesday,Normal Weekday,2023-24,16760
2024-05-22,Williamstown,Wednesday,Normal Weekday,2023-24,17650
2024-05-23,Williamstown,Thursday,Normal Weekday,2023-24,18080
2024-05-24,Williamstown,Friday,Normal Weekday,2023-24,16230
2024-05-25,Williamstown,Saturday,Saturday,2023-24,12660
2024-05-26,Williamstown,Sunday,Sunday,2023-24,8900
2024-05-27,Williamstown,Monday,Normal Weekday,2023-24,14820
2024-05-28,Williamstown,Tuesday,Normal Weekday,2023-24,17090
2024-05-29,Williamstown,Wednesday,Normal Weekday,2023-24,17030
2024-05-30,Williamstown,Thursday,Normal Weekday,2023-24,16380
2024-05-31,Williamstown,Friday,Normal Weekday,2023-24,16130
2024-06-01,Williamstown,Saturday,Saturday,2023-24,8680
2024-06-02,Williamstown,Sunday,Sunday,2023-24,5670
2024-06-03,Williamstown,Monday,Normal Weekday,2023-24,14230
2024-06-04,Williamstown,Tuesday,Normal Weekday,2023-24,16030
2024-06-05,Williamstown,Wednesday,Normal Weekday,2023-24,16620
2024-06-06,Williamstown,Thursday,Normal Weekday,2023-24,16220
2024-06-07,Williamstown,Friday,Normal Weekday,2023-24,15630
2024-06-08,Williamstown,Saturday,Saturday,2023-24,9190
2024-06-09,Williamstown,Sunday,Sunday,2023-24,7610
2024-06-10,Williamstown,Monday,Public Holiday,2023-24,7260
2024-06-11,Williamstown,Tuesday,Normal Weekday,2023-24,15230
2024-06-12,Williamstown,Wednesday,Normal Weekday,2023-24,15700
2024-06-13,Williamstown,Thursday,Normal Weekday,2023-24,15810
2024-06-14,Williamstown,Friday,Normal Weekday,2023-24,15410
2024-06-15,Williamstown,Saturday,Saturday,2023-24,11510
2024-06-16,Williamstown,Sunday,Sunday,2023-24,8190
2024-06-17,Williamstown,Monday,Normal Weekday,2023-24,14050
2024-06-18,Williamstown,Tuesday,Normal Weekday,2023-24,15820
2024-06-19,Williamstown,Wednesday,Normal Weekday,2023-24,16820
2024-06-20,Williamstown,Thursday,Normal Weekday,2023-24,15520
2024-06-21,Williamstown,Friday,Normal Weekday,2023-24,15340
2024-06-22,Williamstown,Saturday,Saturday,2023-24,11480
2024-06-23,Williamstown,Sunday,Sunday,2023-24,10930
2024-06-24,Williamstown,Monday,Normal Weekday,2023-24,14210
2024-06-25,Williamstown,Tuesday,Normal Weekday,2023-24,16330
2024-06-26,Williamstown,Wednesday,Normal Weekday,2023-24,17410
2024-06-27,Williamstown,Thursday,Normal Weekday,2023-24,16820
2024-06-28,Williamstown,Friday,Normal Weekday,2023-24,14820
2024-06-29,Williamstown,Saturday,Saturday,2023-24,10540
2024-06-30,Williamstown,Sunday,Sunday,2023-24,8080
